D:\finmentor\finmentor\app\bot\onboarding.py:446: PTBUserWarning: If 'per_message=False', 'CallbackQueryHandler' will not be tracked for every message. Read this FAQ entry to learn more about the per_* settings: https://github.com/python-telegram-bot/python-telegram-bot/wiki/Frequently-Asked-Questions#what-do-the-per_-settings-in-conversationhandler-do.
  return ConversationHandler(
D:\finmentor\finmentor\app\bot\onboarding.py:420: PTBUserWarning: If 'per_message=False', 'CallbackQueryHandler' will not be tracked for every message. Read this FAQ entry to learn more about the per_* settings: https://github.com/python-telegram-bot/python-telegram-bot/wiki/Frequently-Asked-Questions#what-do-the-per_-settings-in-conversationhandler-do.
  return ConversationHandler(
2026-09-09 19:04:54,929 INFO httpx :: HTTP Request: POST https://api.telegram.org/bot8922337295:AAGdhYJVOyWzGttzxBcHmEwzN-DYhTUz0_g/getMe "HTTP/1.1 200 OK"
2026-09-09 19:04:55,240 INFO httpx :: HTTP Request: POST https://api.telegram.org/bot8922337295:AAGdhYJVOyWzGttzxBcHmEwzN-DYhTUz0_g/deleteWebhook "HTTP/1.1 200 OK"
2026-09-09 19:04:55,242 INFO telegram.ext.Application :: Application started
2026-09-09 19:05:17,511 INFO httpx :: HTTP Request: POST https://api.telegram.org/bot8922337295:AAGdhYJVOyWzGttzxBcHmEwzN-DYhTUz0_g/getUpdates "HTTP/1.1 200 OK"
2026-09-09 19:05:27,777 INFO httpx :: HTTP Request: POST https://api.telegram.org/bot8922337295:AAGdhYJVOyWzGttzxBcHmEwzN-DYhTUz0_g/getUpdates "HTTP/1.1 200 OK"
2026-09-09 19:05:37,928 INFO httpx :: HTTP Request: POST https://api.telegram.org/bot8922337295:AAGdhYJVOyWzGttzxBcHmEwzN-DYhTUz0_g/getUpdates "HTTP/1.1 200 OK"
2026-09-09 19:05:48,586 INFO httpx :: HTTP Request: POST https://api.telegram.org/bot8922337295:AAGdhYJVOyWzGttzxBcHmEwzN-DYhTUz0_g/getUpdates "HTTP/1.1 200 OK"
2026-09-09 19:05:58,774 INFO httpx :: HTTP Request: POST https://api.telegram.org/bot8922337295:AAGdhYJVOyWzGttzxBcHmEwzN-DYhTUz0_g/getUpdates "HTTP/1.1 200 OK"
2026-09-09 19:06:08,961 INFO httpx :: HTTP Request: POST https://api.telegram.org/bot8922337295:AAGdhYJVOyWzGttzxBcHmEwzN-DYhTUz0_g/getUpdates "HTTP/1.1 200 OK"
2026-09-09 19:06:19,171 INFO httpx :: HTTP Request: POST https://api.telegram.org/bot8922337295:AAGdhYJVOyWzGttzxBcHmEwzN-DYhTUz0_g/getUpdates "HTTP/1.1 200 OK"
2026-09-09 19:06:29,448 INFO httpx :: HTTP Request: POST https://api.telegram.org/bot8922337295:AAGdhYJVOyWzGttzxBcHmEwzN-DYhTUz0_g/getUpdates "HTTP/1.1 200 OK"
2026-09-09 19:06:39,771 INFO httpx :: HTTP Request: POST https://api.telegram.org/bot8922337295:AAGdhYJVOyWzGttzxBcHmEwzN-DYhTUz0_g/getUpdates "HTTP/1.1 200 OK"
2026-09-09 19:06:50,141 INFO httpx :: HTTP Request: POST https://api.telegram.org/bot8922337295:AAGdhYJVOyWzGttzxBcHmEwzN-DYhTUz0_g/getUpdates "HTTP/1.1 200 OK"
2026-09-09 19:07:00,414 INFO httpx :: HTTP Request: POST https://api.telegram.org/bot8922337295:AAGdhYJVOyWzGttzxBcHmEwzN-DYhTUz0_g/getUpdates "HTTP/1.1 200 OK"
2026-09-09 19:07:10,601 INFO httpx :: HTTP Request: POST https://api.telegram.org/bot8922337295:AAGdhYJVOyWzGttzxBcHmEwzN-DYhTUz0_g/getUpdates "HTTP/1.1 200 OK"
2026-09-09 19:07:20,846 INFO httpx :: HTTP Request: POST https://api.telegram.org/bot8922337295:AAGdhYJVOyWzGttzxBcHmEwzN-DYhTUz0_g/getUpdates "HTTP/1.1 200 OK"
2026-09-09 19:07:31,013 INFO httpx :: HTTP Request: POST https://api.telegram.org/bot8922337295:AAGdhYJVOyWzGttzxBcHmEwzN-DYhTUz0_g/getUpdates "HTTP/1.1 200 OK"
2026-09-09 19:07:41,151 INFO httpx :: HTTP Request: POST https://api.telegram.org/bot8922337295:AAGdhYJVOyWzGttzxBcHmEwzN-DYhTUz0_g/getUpdates "HTTP/1.1 200 OK"
2026-09-09 19:07:51,502 INFO httpx :: HTTP Request: POST https://api.telegram.org/bot8922337295:AAGdhYJVOyWzGttzxBcHmEwzN-DYhTUz0_g/getUpdates "HTTP/1.1 200 OK"
2026-09-09 19:08:01,819 INFO httpx :: HTTP Request: POST https://api.telegram.org/bot8922337295:AAGdhYJVOyWzGttzxBcHmEwzN-DYhTUz0_g/getUpdates "HTTP/1.1 200 OK"
2026-09-09 19:08:11,964 INFO httpx :: HTTP Request: POST https://api.telegram.org/bot8922337295:AAGdhYJVOyWzGttzxBcHmEwzN-DYhTUz0_g/getUpdates "HTTP/1.1 200 OK"
2026-09-09 19:08:22,199 INFO httpx :: HTTP Request: POST https://api.telegram.org/bot8922337295:AAGdhYJVOyWzGttzxBcHmEwzN-DYhTUz0_g/getUpdates "HTTP/1.1 200 OK"
2026-09-09 19:08:32,476 INFO httpx :: HTTP Request: POST https://api.telegram.org/bot8922337295:AAGdhYJVOyWzGttzxBcHmEwzN-DYhTUz0_g/getUpdates "HTTP/1.1 200 OK"
2026-09-09 19:08:42,622 INFO httpx :: HTTP Request: POST https://api.telegram.org/bot8922337295:AAGdhYJVOyWzGttzxBcHmEwzN-DYhTUz0_g/getUpdates "HTTP/1.1 200 OK"
2026-09-09 19:08:52,766 INFO httpx :: HTTP Request: POST https://api.telegram.org/bot8922337295:AAGdhYJVOyWzGttzxBcHmEwzN-DYhTUz0_g/getUpdates "HTTP/1.1 200 OK"
2026-09-09 19:09:02,919 INFO httpx :: HTTP Request: POST https://api.telegram.org/bot8922337295:AAGdhYJVOyWzGttzxBcHmEwzN-DYhTUz0_g/getUpdates "HTTP/1.1 200 OK"
2026-09-09 19:09:13,088 INFO httpx :: HTTP Request: POST https://api.telegram.org/bot8922337295:AAGdhYJVOyWzGttzxBcHmEwzN-DYhTUz0_g/getUpdates "HTTP/1.1 200 OK"
2026-09-09 19:09:23,427 INFO httpx :: HTTP Request: POST https://api.telegram.org/bot8922337295:AAGdhYJVOyWzGttzxBcHmEwzN-DYhTUz0_g/getUpdates "HTTP/1.1 200 OK"
2026-09-09 19:09:33,629 INFO httpx :: HTTP Request: POST https://api.telegram.org/bot8922337295:AAGdhYJVOyWzGttzxBcHmEwzN-DYhTUz0_g/getUpdates "HTTP/1.1 200 OK"
2026-09-09 19:09:43,859 INFO httpx :: HTTP Request: POST https://api.telegram.org/bot8922337295:AAGdhYJVOyWzGttzxBcHmEwzN-DYhTUz0_g/getUpdates "HTTP/1.1 200 OK"
2026-09-09 19:09:54,341 INFO httpx :: HTTP Request: POST https://api.telegram.org/bot8922337295:AAGdhYJVOyWzGttzxBcHmEwzN-DYhTUz0_g/getUpdates "HTTP/1.1 200 OK"
2026-09-09 19:10:05,048 INFO httpx :: HTTP Request: POST https://api.telegram.org/bot8922337295:AAGdhYJVOyWzGttzxBcHmEwzN-DYhTUz0_g/getUpdates "HTTP/1.1 200 OK"
2026-09-09 19:10:15,216 INFO httpx :: HTTP Request: POST https://api.telegram.org/bot8922337295:AAGdhYJVOyWzGttzxBcHmEwzN-DYhTUz0_g/getUpdates "HTTP/1.1 200 OK"
2026-09-09 19:10:25,408 INFO httpx :: HTTP Request: POST https://api.telegram.org/bot8922337295:AAGdhYJVOyWzGttzxBcHmEwzN-DYhTUz0_g/getUpdates "HTTP/1.1 200 OK"
2026-09-09 19:10:35,743 INFO httpx :: HTTP Request: POST https://api.telegram.org/bot8922337295:AAGdhYJVOyWzGttzxBcHmEwzN-DYhTUz0_g/getUpdates "HTTP/1.1 200 OK"
2026-09-09 19:10:45,892 INFO httpx :: HTTP Request: POST https://api.telegram.org/bot8922337295:AAGdhYJVOyWzGttzxBcHmEwzN-DYhTUz0_g/getUpdates "HTTP/1.1 200 OK"
2026-09-09 19:10:57,064 INFO httpx :: HTTP Request: POST https://api.telegram.org/bot8922337295:AAGdhYJVOyWzGttzxBcHmEwzN-DYhTUz0_g/getUpdates "HTTP/1.1 200 OK"
2026-09-09 19:11:07,249 INFO httpx :: HTTP Request: POST https://api.telegram.org/bot8922337295:AAGdhYJVOyWzGttzxBcHmEwzN-DYhTUz0_g/getUpdates "HTTP/1.1 200 OK"
2026-09-09 19:11:17,426 INFO httpx :: HTTP Request: POST https://api.telegram.org/bot8922337295:AAGdhYJVOyWzGttzxBcHmEwzN-DYhTUz0_g/getUpdates "HTTP/1.1 200 OK"
2026-09-09 19:11:27,558 INFO httpx :: HTTP Request: POST https://api.telegram.org/bot8922337295:AAGdhYJVOyWzGttzxBcHmEwzN-DYhTUz0_g/getUpdates "HTTP/1.1 200 OK"
2026-09-09 19:11:54,031 ERROR finmentor.bot :: bot handler failed: httpx.ConnectError: [Errno 11001] getaddrinfo failed
Traceback (most recent call last):
  File "C:\Users\sajjadlh8\AppData\Local\Programs\Python\Python311\Lib\site-packages\httpx\_transports\default.py", line 101, in map_httpcore_exceptions
    yield
  File "C:\Users\sajjadlh8\AppData\Local\Programs\Python\Python311\Lib\site-packages\httpx\_transports\default.py", line 394, in handle_async_request
    resp = await self._pool.handle_async_request(req)
           ^^^^^^^^^^^^^^^^^^^^^^^^^^^^^^^^^^^^^^^^^^
  File "C:\Users\sajjadlh8\AppData\Local\Programs\Python\Python311\Lib\site-packages\httpcore\_async\connection_pool.py", line 256, in handle_async_request
    raise exc from None
  File "C:\Users\sajjadlh8\AppData\Local\Programs\Python\Python311\Lib\site-packages\httpcore\_async\connection_pool.py", line 236, in handle_async_request
    response = await connection.handle_async_request(
               ^^^^^^^^^^^^^^^^^^^^^^^^^^^^^^^^^^^^^^
  File "C:\Users\sajjadlh8\AppData\Local\Programs\Python\Python311\Lib\site-packages\httpcore\_async\connection.py", line 101, in handle_async_request
    raise exc
  File "C:\Users\sajjadlh8\AppData\Local\Programs\Python\Python311\Lib\site-packages\httpcore\_async\connection.py", line 78, in handle_async_request
    stream = await self._connect(request)
             ^^^^^^^^^^^^^^^^^^^^^^^^^^^^
  File "C:\Users\sajjadlh8\AppData\Local\Programs\Python\Python311\Lib\site-packages\httpcore\_async\connection.py", line 124, in _connect
    stream = await self._network_backend.connect_tcp(**kwargs)
             ^^^^^^^^^^^^^^^^^^^^^^^^^^^^^^^^^^^^^^^^^^^^^^^^^
  File "C:\Users\sajjadlh8\AppData\Local\Programs\Python\Python311\Lib\site-packages\httpcore\_backends\auto.py", line 31, in connect_tcp
    return await self._backend.connect_tcp(
           ^^^^^^^^^^^^^^^^^^^^^^^^^^^^^^^^
  File "C:\Users\sajjadlh8\AppData\Local\Programs\Python\Python311\Lib\site-packages\httpcore\_backends\anyio.py", line 113, in connect_tcp
    with map_exceptions(exc_map):
  File "C:\Users\sajjadlh8\AppData\Local\Programs\Python\Python311\Lib\contextlib.py", line 155, in __exit__
    self.gen.throw(typ, value, traceback)
  File "C:\Users\sajjadlh8\AppData\Local\Programs\Python\Python311\Lib\site-packages\httpcore\_exceptions.py", line 14, in map_exceptions
    raise to_exc(exc) from exc
httpcore.ConnectError: [Errno 11001] getaddrinfo failed

The above exception was the direct cause of the following exception:

Traceback (most recent call last):
  File "C:\Users\sajjadlh8\AppData\Local\Programs\Python\Python311\Lib\site-packages\telegram\request\_httpxrequest.py", line 292, in do_request
    res = await self._client.request(
          ^^^^^^^^^^^^^^^^^^^^^^^^^^^
  File "C:\Users\sajjadlh8\AppData\Local\Programs\Python\Python311\Lib\site-packages\httpx\_client.py", line 1540, in request
    return await self.send(request, auth=auth, follow_redirects=follow_redirects)
           ^^^^^^^^^^^^^^^^^^^^^^^^^^^^^^^^^^^^^^^^^^^^^^^^^^^^^^^^^^^^^^^^^^^^^^
  File "C:\Users\sajjadlh8\AppData\Local\Programs\Python\Python311\Lib\site-packages\httpx\_client.py", line 1629, in send
    response = await self._send_handling_auth(
               ^^^^^^^^^^^^^^^^^^^^^^^^^^^^^^^
  File "C:\Users\sajjadlh8\AppData\Local\Programs\Python\Python311\Lib\site-packages\httpx\_client.py", line 1657, in _send_handling_auth
    response = await self._send_handling_redirects(
               ^^^^^^^^^^^^^^^^^^^^^^^^^^^^^^^^^^^^
  File "C:\Users\sajjadlh8\AppData\Local\Programs\Python\Python311\Lib\site-packages\httpx\_client.py", line 1694, in _send_handling_redirects
    response = await self._send_single_request(request)
               ^^^^^^^^^^^^^^^^^^^^^^^^^^^^^^^^^^^^^^^^
  File "C:\Users\sajjadlh8\AppData\Local\Programs\Python\Python311\Lib\site-packages\httpx\_client.py", line 1730, in _send_single_request
    response = await transport.handle_async_request(request)
               ^^^^^^^^^^^^^^^^^^^^^^^^^^^^^^^^^^^^^^^^^^^^^
  File "C:\Users\sajjadlh8\AppData\Local\Programs\Python\Python311\Lib\site-packages\httpx\_transports\default.py", line 393, in handle_async_request
    with map_httpcore_exceptions():
  File "C:\Users\sajjadlh8\AppData\Local\Programs\Python\Python311\Lib\contextlib.py", line 155, in __exit__
    self.gen.throw(typ, value, traceback)
  File "C:\Users\sajjadlh8\AppData\Local\Programs\Python\Python311\Lib\site-packages\httpx\_transports\default.py", line 118, in map_httpcore_exceptions
    raise mapped_exc(message) from exc
httpx.ConnectError: [Errno 11001] getaddrinfo failed

The above exception was the direct cause of the following exception:

Traceback (most recent call last):
  File "C:\Users\sajjadlh8\AppData\Local\Programs\Python\Python311\Lib\site-packages\telegram\ext\_updater.py", line 753, in _network_loop_retry
    if not await do_action():
           ^^^^^^^^^^^^^^^^^
  File "C:\Users\sajjadlh8\AppData\Local\Programs\Python\Python311\Lib\site-packages\telegram\ext\_updater.py", line 747, in do_action
    return action_cb_task.result()
           ^^^^^^^^^^^^^^^^^^^^^^^
  File "C:\Users\sajjadlh8\AppData\Local\Programs\Python\Python311\Lib\site-packages\telegram\ext\_updater.py", line 377, in polling_action_cb
    updates = await self.bot.get_updates(
              ^^^^^^^^^^^^^^^^^^^^^^^^^^^
  File "C:\Users\sajjadlh8\AppData\Local\Programs\Python\Python311\Lib\site-packages\telegram\ext\_extbot.py", line 649, in get_updates
    updates = await super().get_updates(
              ^^^^^^^^^^^^^^^^^^^^^^^^^^
  File "C:\Users\sajjadlh8\AppData\Local\Programs\Python\Python311\Lib\site-packages\telegram\_bot.py", line 4366, in get_updates
    await self._post(
  File "C:\Users\sajjadlh8\AppData\Local\Programs\Python\Python311\Lib\site-packages\telegram\_bot.py", line 623, in _post
    return await self._do_post(
           ^^^^^^^^^^^^^^^^^^^^
  File "C:\Users\sajjadlh8\AppData\Local\Programs\Python\Python311\Lib\site-packages\telegram\ext\_extbot.py", line 355, in _do_post
    return await super()._do_post(
           ^^^^^^^^^^^^^^^^^^^^^^^
  File "C:\Users\sajjadlh8\AppData\Local\Programs\Python\Python311\Lib\site-packages\telegram\_bot.py", line 652, in _do_post
    result = await request.post(
             ^^^^^^^^^^^^^^^^^^^
  File "C:\Users\sajjadlh8\AppData\Local\Programs\Python\Python311\Lib\site-packages\telegram\request\_baserequest.py", line 201, in post
    result = await self._request_wrapper(
             ^^^^^^^^^^^^^^^^^^^^^^^^^^^^
  File "C:\Users\sajjadlh8\AppData\Local\Programs\Python\Python311\Lib\site-packages\telegram\request\_baserequest.py", line 333, in _request_wrapper
    code, payload = await self.do_request(
                    ^^^^^^^^^^^^^^^^^^^^^^
  File "C:\Users\sajjadlh8\AppData\Local\Programs\Python\Python311\Lib\site-packages\telegram\request\_httpxrequest.py", line 316, in do_request
    raise NetworkError(f"httpx.{err.__class__.__name__}: {err}") from err
telegram.error.NetworkError: httpx.ConnectError: [Errno 11001] getaddrinfo failed
2026-09-09 19:12:06,489 ERROR finmentor.bot :: bot handler failed: httpx.ConnectError: [Errno 11001] getaddrinfo failed
Traceback (most recent call last):
  File "C:\Users\sajjadlh8\AppData\Local\Programs\Python\Python311\Lib\site-packages\httpx\_transports\default.py", line 101, in map_httpcore_exceptions
    yield
  File "C:\Users\sajjadlh8\AppData\Local\Programs\Python\Python311\Lib\site-packages\httpx\_transports\default.py", line 394, in handle_async_request
    resp = await self._pool.handle_async_request(req)
           ^^^^^^^^^^^^^^^^^^^^^^^^^^^^^^^^^^^^^^^^^^
  File "C:\Users\sajjadlh8\AppData\Local\Programs\Python\Python311\Lib\site-packages\httpcore\_async\connection_pool.py", line 256, in handle_async_request
    raise exc from None
  File "C:\Users\sajjadlh8\AppData\Local\Programs\Python\Python311\Lib\site-packages\httpcore\_async\connection_pool.py", line 236, in handle_async_request
    response = await connection.handle_async_request(
               ^^^^^^^^^^^^^^^^^^^^^^^^^^^^^^^^^^^^^^
  File "C:\Users\sajjadlh8\AppData\Local\Programs\Python\Python311\Lib\site-packages\httpcore\_async\connection.py", line 101, in handle_async_request
    raise exc
  File "C:\Users\sajjadlh8\AppData\Local\Programs\Python\Python311\Lib\site-packages\httpcore\_async\connection.py", line 78, in handle_async_request
    stream = await self._connect(request)
             ^^^^^^^^^^^^^^^^^^^^^^^^^^^^
  File "C:\Users\sajjadlh8\AppData\Local\Programs\Python\Python311\Lib\site-packages\httpcore\_async\connection.py", line 124, in _connect
    stream = await self._network_backend.connect_tcp(**kwargs)
             ^^^^^^^^^^^^^^^^^^^^^^^^^^^^^^^^^^^^^^^^^^^^^^^^^
  File "C:\Users\sajjadlh8\AppData\Local\Programs\Python\Python311\Lib\site-packages\httpcore\_backends\auto.py", line 31, in connect_tcp
    return await self._backend.connect_tcp(
           ^^^^^^^^^^^^^^^^^^^^^^^^^^^^^^^^
  File "C:\Users\sajjadlh8\AppData\Local\Programs\Python\Python311\Lib\site-packages\httpcore\_backends\anyio.py", line 113, in connect_tcp
    with map_exceptions(exc_map):
  File "C:\Users\sajjadlh8\AppData\Local\Programs\Python\Python311\Lib\contextlib.py", line 155, in __exit__
    self.gen.throw(typ, value, traceback)
  File "C:\Users\sajjadlh8\AppData\Local\Programs\Python\Python311\Lib\site-packages\httpcore\_exceptions.py", line 14, in map_exceptions
    raise to_exc(exc) from exc
httpcore.ConnectError: [Errno 11001] getaddrinfo failed

The above exception was the direct cause of the following exception:

Traceback (most recent call last):
  File "C:\Users\sajjadlh8\AppData\Local\Programs\Python\Python311\Lib\site-packages\telegram\request\_httpxrequest.py", line 292, in do_request
    res = await self._client.request(
          ^^^^^^^^^^^^^^^^^^^^^^^^^^^
  File "C:\Users\sajjadlh8\AppData\Local\Programs\Python\Python311\Lib\site-packages\httpx\_client.py", line 1540, in request
    return await self.send(request, auth=auth, follow_redirects=follow_redirects)
           ^^^^^^^^^^^^^^^^^^^^^^^^^^^^^^^^^^^^^^^^^^^^^^^^^^^^^^^^^^^^^^^^^^^^^^
  File "C:\Users\sajjadlh8\AppData\Local\Programs\Python\Python311\Lib\site-packages\httpx\_client.py", line 1629, in send
    response = await self._send_handling_auth(
               ^^^^^^^^^^^^^^^^^^^^^^^^^^^^^^^
  File "C:\Users\sajjadlh8\AppData\Local\Programs\Python\Python311\Lib\site-packages\httpx\_client.py", line 1657, in _send_handling_auth
    response = await self._send_handling_redirects(
               ^^^^^^^^^^^^^^^^^^^^^^^^^^^^^^^^^^^^
  File "C:\Users\sajjadlh8\AppData\Local\Programs\Python\Python311\Lib\site-packages\httpx\_client.py", line 1694, in _send_handling_redirects
    response = await self._send_single_request(request)
               ^^^^^^^^^^^^^^^^^^^^^^^^^^^^^^^^^^^^^^^^
  File "C:\Users\sajjadlh8\AppData\Local\Programs\Python\Python311\Lib\site-packages\httpx\_client.py", line 1730, in _send_single_request
    response = await transport.handle_async_request(request)
               ^^^^^^^^^^^^^^^^^^^^^^^^^^^^^^^^^^^^^^^^^^^^^
  File "C:\Users\sajjadlh8\AppData\Local\Programs\Python\Python311\Lib\site-packages\httpx\_transports\default.py", line 393, in handle_async_request
    with map_httpcore_exceptions():
  File "C:\Users\sajjadlh8\AppData\Local\Programs\Python\Python311\Lib\contextlib.py", line 155, in __exit__
    self.gen.throw(typ, value, traceback)
  File "C:\Users\sajjadlh8\AppData\Local\Programs\Python\Python311\Lib\site-packages\httpx\_transports\default.py", line 118, in map_httpcore_exceptions
    raise mapped_exc(message) from exc
httpx.ConnectError: [Errno 11001] getaddrinfo failed

The above exception was the direct cause of the following exception:

Traceback (most recent call last):
  File "C:\Users\sajjadlh8\AppData\Local\Programs\Python\Python311\Lib\site-packages\telegram\ext\_updater.py", line 753, in _network_loop_retry
    if not await do_action():
           ^^^^^^^^^^^^^^^^^
  File "C:\Users\sajjadlh8\AppData\Local\Programs\Python\Python311\Lib\site-packages\telegram\ext\_updater.py", line 747, in do_action
    return action_cb_task.result()
           ^^^^^^^^^^^^^^^^^^^^^^^
  File "C:\Users\sajjadlh8\AppData\Local\Programs\Python\Python311\Lib\site-packages\telegram\ext\_updater.py", line 377, in polling_action_cb
    updates = await self.bot.get_updates(
              ^^^^^^^^^^^^^^^^^^^^^^^^^^^
  File "C:\Users\sajjadlh8\AppData\Local\Programs\Python\Python311\Lib\site-packages\telegram\ext\_extbot.py", line 649, in get_updates
    updates = await super().get_updates(
              ^^^^^^^^^^^^^^^^^^^^^^^^^^
  File "C:\Users\sajjadlh8\AppData\Local\Programs\Python\Python311\Lib\site-packages\telegram\_bot.py", line 4366, in get_updates
    await self._post(
  File "C:\Users\sajjadlh8\AppData\Local\Programs\Python\Python311\Lib\site-packages\telegram\_bot.py", line 623, in _post
    return await self._do_post(
           ^^^^^^^^^^^^^^^^^^^^
  File "C:\Users\sajjadlh8\AppData\Local\Programs\Python\Python311\Lib\site-packages\telegram\ext\_extbot.py", line 355, in _do_post
    return await super()._do_post(
           ^^^^^^^^^^^^^^^^^^^^^^^
  File "C:\Users\sajjadlh8\AppData\Local\Programs\Python\Python311\Lib\site-packages\telegram\_bot.py", line 652, in _do_post
    result = await request.post(
             ^^^^^^^^^^^^^^^^^^^
  File "C:\Users\sajjadlh8\AppData\Local\Programs\Python\Python311\Lib\site-packages\telegram\request\_baserequest.py", line 201, in post
    result = await self._request_wrapper(
             ^^^^^^^^^^^^^^^^^^^^^^^^^^^^
  File "C:\Users\sajjadlh8\AppData\Local\Programs\Python\Python311\Lib\site-packages\telegram\request\_baserequest.py", line 333, in _request_wrapper
    code, payload = await self.do_request(
                    ^^^^^^^^^^^^^^^^^^^^^^
  File "C:\Users\sajjadlh8\AppData\Local\Programs\Python\Python311\Lib\site-packages\telegram\request\_httpxrequest.py", line 316, in do_request
    raise NetworkError(f"httpx.{err.__class__.__name__}: {err}") from err
telegram.error.NetworkError: httpx.ConnectError: [Errno 11001] getaddrinfo failed
2026-09-09 19:12:18,962 ERROR finmentor.bot :: bot handler failed: httpx.ConnectError: [Errno 11001] getaddrinfo failed
Traceback (most recent call last):
  File "C:\Users\sajjadlh8\AppData\Local\Programs\Python\Python311\Lib\site-packages\httpx\_transports\default.py", line 101, in map_httpcore_exceptions
    yield
  File "C:\Users\sajjadlh8\AppData\Local\Programs\Python\Python311\Lib\site-packages\httpx\_transports\default.py", line 394, in handle_async_request
    resp = await self._pool.handle_async_request(req)
           ^^^^^^^^^^^^^^^^^^^^^^^^^^^^^^^^^^^^^^^^^^
  File "C:\Users\sajjadlh8\AppData\Local\Programs\Python\Python311\Lib\site-packages\httpcore\_async\connection_pool.py", line 256, in handle_async_request
    raise exc from None
  File "C:\Users\sajjadlh8\AppData\Local\Programs\Python\Python311\Lib\site-packages\httpcore\_async\connection_pool.py", line 236, in handle_async_request
    response = await connection.handle_async_request(
               ^^^^^^^^^^^^^^^^^^^^^^^^^^^^^^^^^^^^^^
  File "C:\Users\sajjadlh8\AppData\Local\Programs\Python\Python311\Lib\site-packages\httpcore\_async\connection.py", line 101, in handle_async_request
    raise exc
  File "C:\Users\sajjadlh8\AppData\Local\Programs\Python\Python311\Lib\site-packages\httpcore\_async\connection.py", line 78, in handle_async_request
    stream = await self._connect(request)
             ^^^^^^^^^^^^^^^^^^^^^^^^^^^^
  File "C:\Users\sajjadlh8\AppData\Local\Programs\Python\Python311\Lib\site-packages\httpcore\_async\connection.py", line 124, in _connect
    stream = await self._network_backend.connect_tcp(**kwargs)
             ^^^^^^^^^^^^^^^^^^^^^^^^^^^^^^^^^^^^^^^^^^^^^^^^^
  File "C:\Users\sajjadlh8\AppData\Local\Programs\Python\Python311\Lib\site-packages\httpcore\_backends\auto.py", line 31, in connect_tcp
    return await self._backend.connect_tcp(
           ^^^^^^^^^^^^^^^^^^^^^^^^^^^^^^^^
  File "C:\Users\sajjadlh8\AppData\Local\Programs\Python\Python311\Lib\site-packages\httpcore\_backends\anyio.py", line 113, in connect_tcp
    with map_exceptions(exc_map):
  File "C:\Users\sajjadlh8\AppData\Local\Programs\Python\Python311\Lib\contextlib.py", line 155, in __exit__
    self.gen.throw(typ, value, traceback)
  File "C:\Users\sajjadlh8\AppData\Local\Programs\Python\Python311\Lib\site-packages\httpcore\_exceptions.py", line 14, in map_exceptions
    raise to_exc(exc) from exc
httpcore.ConnectError: [Errno 11001] getaddrinfo failed

The above exception was the direct cause of the following exception:

Traceback (most recent call last):
  File "C:\Users\sajjadlh8\AppData\Local\Programs\Python\Python311\Lib\site-packages\telegram\request\_httpxrequest.py", line 292, in do_request
    res = await self._client.request(
          ^^^^^^^^^^^^^^^^^^^^^^^^^^^
  File "C:\Users\sajjadlh8\AppData\Local\Programs\Python\Python311\Lib\site-packages\httpx\_client.py", line 1540, in request
    return await self.send(request, auth=auth, follow_redirects=follow_redirects)
           ^^^^^^^^^^^^^^^^^^^^^^^^^^^^^^^^^^^^^^^^^^^^^^^^^^^^^^^^^^^^^^^^^^^^^^
  File "C:\Users\sajjadlh8\AppData\Local\Programs\Python\Python311\Lib\site-packages\httpx\_client.py", line 1629, in send
    response = await self._send_handling_auth(
               ^^^^^^^^^^^^^^^^^^^^^^^^^^^^^^^
  File "C:\Users\sajjadlh8\AppData\Local\Programs\Python\Python311\Lib\site-packages\httpx\_client.py", line 1657, in _send_handling_auth
    response = await self._send_handling_redirects(
               ^^^^^^^^^^^^^^^^^^^^^^^^^^^^^^^^^^^^
  File "C:\Users\sajjadlh8\AppData\Local\Programs\Python\Python311\Lib\site-packages\httpx\_client.py", line 1694, in _send_handling_redirects
    response = await self._send_single_request(request)
               ^^^^^^^^^^^^^^^^^^^^^^^^^^^^^^^^^^^^^^^^
  File "C:\Users\sajjadlh8\AppData\Local\Programs\Python\Python311\Lib\site-packages\httpx\_client.py", line 1730, in _send_single_request
    response = await transport.handle_async_request(request)
               ^^^^^^^^^^^^^^^^^^^^^^^^^^^^^^^^^^^^^^^^^^^^^
  File "C:\Users\sajjadlh8\AppData\Local\Programs\Python\Python311\Lib\site-packages\httpx\_transports\default.py", line 393, in handle_async_request
    with map_httpcore_exceptions():
  File "C:\Users\sajjadlh8\AppData\Local\Programs\Python\Python311\Lib\contextlib.py", line 155, in __exit__
    self.gen.throw(typ, value, traceback)
  File "C:\Users\sajjadlh8\AppData\Local\Programs\Python\Python311\Lib\site-packages\httpx\_transports\default.py", line 118, in map_httpcore_exceptions
    raise mapped_exc(message) from exc
httpx.ConnectError: [Errno 11001] getaddrinfo failed

The above exception was the direct cause of the following exception:

Traceback (most recent call last):
  File "C:\Users\sajjadlh8\AppData\Local\Programs\Python\Python311\Lib\site-packages\telegram\ext\_updater.py", line 753, in _network_loop_retry
    if not await do_action():
           ^^^^^^^^^^^^^^^^^
  File "C:\Users\sajjadlh8\AppData\Local\Programs\Python\Python311\Lib\site-packages\telegram\ext\_updater.py", line 747, in do_action
    return action_cb_task.result()
           ^^^^^^^^^^^^^^^^^^^^^^^
  File "C:\Users\sajjadlh8\AppData\Local\Programs\Python\Python311\Lib\site-packages\telegram\ext\_updater.py", line 377, in polling_action_cb
    updates = await self.bot.get_updates(
              ^^^^^^^^^^^^^^^^^^^^^^^^^^^
  File "C:\Users\sajjadlh8\AppData\Local\Programs\Python\Python311\Lib\site-packages\telegram\ext\_extbot.py", line 649, in get_updates
    updates = await super().get_updates(
              ^^^^^^^^^^^^^^^^^^^^^^^^^^
  File "C:\Users\sajjadlh8\AppData\Local\Programs\Python\Python311\Lib\site-packages\telegram\_bot.py", line 4366, in get_updates
    await self._post(
  File "C:\Users\sajjadlh8\AppData\Local\Programs\Python\Python311\Lib\site-packages\telegram\_bot.py", line 623, in _post
    return await self._do_post(
           ^^^^^^^^^^^^^^^^^^^^
  File "C:\Users\sajjadlh8\AppData\Local\Programs\Python\Python311\Lib\site-packages\telegram\ext\_extbot.py", line 355, in _do_post
    return await super()._do_post(
           ^^^^^^^^^^^^^^^^^^^^^^^
  File "C:\Users\sajjadlh8\AppData\Local\Programs\Python\Python311\Lib\site-packages\telegram\_bot.py", line 652, in _do_post
    result = await request.post(
             ^^^^^^^^^^^^^^^^^^^
  File "C:\Users\sajjadlh8\AppData\Local\Programs\Python\Python311\Lib\site-packages\telegram\request\_baserequest.py", line 201, in post
    result = await self._request_wrapper(
             ^^^^^^^^^^^^^^^^^^^^^^^^^^^^
  File "C:\Users\sajjadlh8\AppData\Local\Programs\Python\Python311\Lib\site-packages\telegram\request\_baserequest.py", line 333, in _request_wrapper
    code, payload = await self.do_request(
                    ^^^^^^^^^^^^^^^^^^^^^^
  File "C:\Users\sajjadlh8\AppData\Local\Programs\Python\Python311\Lib\site-packages\telegram\request\_httpxrequest.py", line 316, in do_request
    raise NetworkError(f"httpx.{err.__class__.__name__}: {err}") from err
telegram.error.NetworkError: httpx.ConnectError: [Errno 11001] getaddrinfo failed
2026-09-09 19:12:40,848 INFO httpx :: HTTP Request: POST https://api.telegram.org/bot8922337295:AAGdhYJVOyWzGttzxBcHmEwzN-DYhTUz0_g/getUpdates "HTTP/1.1 200 OK"
2026-09-09 19:12:50,986 INFO httpx :: HTTP Request: POST https://api.telegram.org/bot8922337295:AAGdhYJVOyWzGttzxBcHmEwzN-DYhTUz0_g/getUpdates "HTTP/1.1 200 OK"
2026-09-09 19:13:01,026 INFO httpx :: HTTP Request: POST https://api.telegram.org/bot8922337295:AAGdhYJVOyWzGttzxBcHmEwzN-DYhTUz0_g/getUpdates "HTTP/1.1 200 OK"
2026-09-09 19:13:01,508 INFO httpx :: HTTP Request: POST https://api.telegram.org/bot8922337295:AAGdhYJVOyWzGttzxBcHmEwzN-DYhTUz0_g/sendMessage "HTTP/1.1 200 OK"
2026-09-09 19:13:01,697 INFO httpx :: HTTP Request: POST https://api.telegram.org/bot8922337295:AAGdhYJVOyWzGttzxBcHmEwzN-DYhTUz0_g/sendMessage "HTTP/1.1 200 OK"
2026-09-09 19:13:04,983 INFO httpx :: HTTP Request: POST https://api.telegram.org/bot8922337295:AAGdhYJVOyWzGttzxBcHmEwzN-DYhTUz0_g/getUpdates "HTTP/1.1 200 OK"
2026-09-09 19:13:05,151 INFO httpx :: HTTP Request: POST https://api.telegram.org/bot8922337295:AAGdhYJVOyWzGttzxBcHmEwzN-DYhTUz0_g/answerCallbackQuery "HTTP/1.1 200 OK"
2026-09-09 19:13:05,337 INFO httpx :: HTTP Request: POST https://api.telegram.org/bot8922337295:AAGdhYJVOyWzGttzxBcHmEwzN-DYhTUz0_g/sendMessage "HTTP/1.1 200 OK"
2026-09-09 19:13:05,577 INFO httpx :: HTTP Request: POST https://api.telegram.org/bot8922337295:AAGdhYJVOyWzGttzxBcHmEwzN-DYhTUz0_g/sendMessage "HTTP/1.1 200 OK"
2026-09-09 19:13:15,171 INFO httpx :: HTTP Request: POST https://api.telegram.org/bot8922337295:AAGdhYJVOyWzGttzxBcHmEwzN-DYhTUz0_g/getUpdates "HTTP/1.1 200 OK"
2026-09-09 19:13:17,862 INFO httpx :: HTTP Request: POST https://api.telegram.org/bot8922337295:AAGdhYJVOyWzGttzxBcHmEwzN-DYhTUz0_g/getUpdates "HTTP/1.1 200 OK"
2026-09-09 19:13:18,323 INFO httpx :: HTTP Request: POST https://api.telegram.org/bot8922337295:AAGdhYJVOyWzGttzxBcHmEwzN-DYhTUz0_g/sendMessage "HTTP/1.1 200 OK"
2026-09-09 19:13:22,161 INFO httpx :: HTTP Request: POST https://api.telegram.org/bot8922337295:AAGdhYJVOyWzGttzxBcHmEwzN-DYhTUz0_g/getUpdates "HTTP/1.1 200 OK"
2026-09-09 19:13:22,304 INFO httpx :: HTTP Request: POST https://api.telegram.org/bot8922337295:AAGdhYJVOyWzGttzxBcHmEwzN-DYhTUz0_g/answerCallbackQuery "HTTP/1.1 200 OK"
2026-09-09 19:13:22,469 INFO httpx :: HTTP Request: POST https://api.telegram.org/bot8922337295:AAGdhYJVOyWzGttzxBcHmEwzN-DYhTUz0_g/sendMessage "HTTP/1.1 200 OK"
2026-09-09 19:13:30,200 INFO httpx :: HTTP Request: POST https://api.telegram.org/bot8922337295:AAGdhYJVOyWzGttzxBcHmEwzN-DYhTUz0_g/getUpdates "HTTP/1.1 200 OK"
2026-09-09 19:13:30,798 INFO httpx :: HTTP Request: POST https://api.telegram.org/bot8922337295:AAGdhYJVOyWzGttzxBcHmEwzN-DYhTUz0_g/sendMessage "HTTP/1.1 200 OK"
2026-09-09 19:13:36,357 INFO httpx :: HTTP Request: POST https://api.telegram.org/bot8922337295:AAGdhYJVOyWzGttzxBcHmEwzN-DYhTUz0_g/getUpdates "HTTP/1.1 200 OK"
2026-09-09 19:13:38,811 INFO httpx :: HTTP Request: POST https://api.telegram.org/bot8922337295:AAGdhYJVOyWzGttzxBcHmEwzN-DYhTUz0_g/sendMessage "HTTP/1.1 200 OK"
2026-09-09 19:13:44,364 INFO httpx :: HTTP Request: POST https://api.telegram.org/bot8922337295:AAGdhYJVOyWzGttzxBcHmEwzN-DYhTUz0_g/getUpdates "HTTP/1.1 200 OK"
2026-09-09 19:13:44,885 INFO httpx :: HTTP Request: POST https://api.telegram.org/bot8922337295:AAGdhYJVOyWzGttzxBcHmEwzN-DYhTUz0_g/sendMessage "HTTP/1.1 200 OK"
2026-09-09 19:13:47,370 INFO httpx :: HTTP Request: POST https://api.telegram.org/bot8922337295:AAGdhYJVOyWzGttzxBcHmEwzN-DYhTUz0_g/getUpdates "HTTP/1.1 200 OK"
2026-09-09 19:13:47,829 INFO httpx :: HTTP Request: POST https://api.telegram.org/bot8922337295:AAGdhYJVOyWzGttzxBcHmEwzN-DYhTUz0_g/answerCallbackQuery "HTTP/1.1 200 OK"
2026-09-09 19:13:48,623 INFO httpx :: HTTP Request: POST https://api.telegram.org/bot8922337295:AAGdhYJVOyWzGttzxBcHmEwzN-DYhTUz0_g/sendMessage "HTTP/1.1 200 OK"
2026-09-09 19:13:50,722 INFO httpx :: HTTP Request: POST https://api.telegram.org/bot8922337295:AAGdhYJVOyWzGttzxBcHmEwzN-DYhTUz0_g/getUpdates "HTTP/1.1 200 OK"
2026-09-09 19:13:52,847 INFO httpx :: HTTP Request: POST https://api.telegram.org/bot8922337295:AAGdhYJVOyWzGttzxBcHmEwzN-DYhTUz0_g/answerCallbackQuery "HTTP/1.1 200 OK"
2026-09-09 19:13:53,273 INFO httpx :: HTTP Request: POST https://api.telegram.org/bot8922337295:AAGdhYJVOyWzGttzxBcHmEwzN-DYhTUz0_g/sendMessage "HTTP/1.1 200 OK"
2026-09-09 19:13:56,605 INFO httpx :: HTTP Request: POST https://api.telegram.org/bot8922337295:AAGdhYJVOyWzGttzxBcHmEwzN-DYhTUz0_g/getUpdates "HTTP/1.1 200 OK"
2026-09-09 19:13:56,781 INFO httpx :: HTTP Request: POST https://api.telegram.org/bot8922337295:AAGdhYJVOyWzGttzxBcHmEwzN-DYhTUz0_g/answerCallbackQuery "HTTP/1.1 200 OK"
2026-09-09 19:13:57,010 INFO httpx :: HTTP Request: POST https://api.telegram.org/bot8922337295:AAGdhYJVOyWzGttzxBcHmEwzN-DYhTUz0_g/sendMessage "HTTP/1.1 200 OK"
2026-09-09 19:13:59,044 INFO httpx :: HTTP Request: POST https://api.telegram.org/bot8922337295:AAGdhYJVOyWzGttzxBcHmEwzN-DYhTUz0_g/getUpdates "HTTP/1.1 200 OK"
2026-09-09 19:13:59,610 INFO httpx :: HTTP Request: POST https://api.telegram.org/bot8922337295:AAGdhYJVOyWzGttzxBcHmEwzN-DYhTUz0_g/answerCallbackQuery "HTTP/1.1 200 OK"
2026-09-09 19:13:59,859 INFO httpx :: HTTP Request: POST https://api.telegram.org/bot8922337295:AAGdhYJVOyWzGttzxBcHmEwzN-DYhTUz0_g/sendMessage "HTTP/1.1 200 OK"
2026-09-09 19:14:02,343 INFO httpx :: HTTP Request: POST https://api.telegram.org/bot8922337295:AAGdhYJVOyWzGttzxBcHmEwzN-DYhTUz0_g/getUpdates "HTTP/1.1 200 OK"
2026-09-09 19:14:02,554 INFO httpx :: HTTP Request: POST https://api.telegram.org/bot8922337295:AAGdhYJVOyWzGttzxBcHmEwzN-DYhTUz0_g/answerCallbackQuery "HTTP/1.1 200 OK"
2026-09-09 19:14:02,739 INFO httpx :: HTTP Request: POST https://api.telegram.org/bot8922337295:AAGdhYJVOyWzGttzxBcHmEwzN-DYhTUz0_g/sendMessage "HTTP/1.1 200 OK"
2026-09-09 19:14:11,459 INFO httpx :: HTTP Request: POST https://api.telegram.org/bot8922337295:AAGdhYJVOyWzGttzxBcHmEwzN-DYhTUz0_g/getUpdates "HTTP/1.1 200 OK"
2026-09-09 19:14:12,132 INFO httpx :: HTTP Request: POST https://api.telegram.org/bot8922337295:AAGdhYJVOyWzGttzxBcHmEwzN-DYhTUz0_g/sendMessage "HTTP/1.1 200 OK"
2026-09-09 19:14:17,872 INFO httpx :: HTTP Request: POST https://api.telegram.org/bot8922337295:AAGdhYJVOyWzGttzxBcHmEwzN-DYhTUz0_g/getUpdates "HTTP/1.1 200 OK"
2026-09-09 19:14:20,072 INFO httpx :: HTTP Request: POST https://api.telegram.org/bot8922337295:AAGdhYJVOyWzGttzxBcHmEwzN-DYhTUz0_g/sendMessage "HTTP/1.1 200 OK"
2026-09-09 19:14:28,829 INFO httpx :: HTTP Request: POST https://api.telegram.org/bot8922337295:AAGdhYJVOyWzGttzxBcHmEwzN-DYhTUz0_g/getUpdates "HTTP/1.1 200 OK"
2026-09-09 19:14:29,691 INFO httpx :: HTTP Request: POST https://api.telegram.org/bot8922337295:AAGdhYJVOyWzGttzxBcHmEwzN-DYhTUz0_g/getUpdates "HTTP/1.1 200 OK"
2026-09-09 19:14:33,701 INFO httpx :: HTTP Request: POST https://api.telegram.org/bot8922337295:AAGdhYJVOyWzGttzxBcHmEwzN-DYhTUz0_g/sendMessage "HTTP/1.1 200 OK"
2026-09-09 19:14:41,362 INFO httpx :: HTTP Request: POST https://api.telegram.org/bot8922337295:AAGdhYJVOyWzGttzxBcHmEwzN-DYhTUz0_g/getUpdates "HTTP/1.1 200 OK"
2026-09-09 19:14:48,215 INFO httpx :: HTTP Request: POST https://api.telegram.org/bot8922337295:AAGdhYJVOyWzGttzxBcHmEwzN-DYhTUz0_g/getUpdates "HTTP/1.1 200 OK"
2026-09-09 19:14:49,039 INFO httpx :: HTTP Request: POST https://api.telegram.org/bot8922337295:AAGdhYJVOyWzGttzxBcHmEwzN-DYhTUz0_g/sendMessage "HTTP/1.1 200 OK"
2026-09-09 19:14:56,873 INFO httpx :: HTTP Request: POST https://api.telegram.org/bot8922337295:AAGdhYJVOyWzGttzxBcHmEwzN-DYhTUz0_g/getUpdates "HTTP/1.1 200 OK"
2026-09-09 19:14:57,428 INFO httpx :: HTTP Request: POST https://api.telegram.org/bot8922337295:AAGdhYJVOyWzGttzxBcHmEwzN-DYhTUz0_g/sendMessage "HTTP/1.1 200 OK"
2026-09-09 19:15:21,041 ERROR finmentor.bot :: bot handler failed: httpx.ConnectError: All connection attempts failed
Traceback (most recent call last):
  File "C:\Users\sajjadlh8\AppData\Local\Programs\Python\Python311\Lib\site-packages\httpx\_transports\default.py", line 101, in map_httpcore_exceptions
    yield
  File "C:\Users\sajjadlh8\AppData\Local\Programs\Python\Python311\Lib\site-packages\httpx\_transports\default.py", line 394, in handle_async_request
    resp = await self._pool.handle_async_request(req)
           ^^^^^^^^^^^^^^^^^^^^^^^^^^^^^^^^^^^^^^^^^^
  File "C:\Users\sajjadlh8\AppData\Local\Programs\Python\Python311\Lib\site-packages\httpcore\_async\connection_pool.py", line 256, in handle_async_request
    raise exc from None
  File "C:\Users\sajjadlh8\AppData\Local\Programs\Python\Python311\Lib\site-packages\httpcore\_async\connection_pool.py", line 236, in handle_async_request
    response = await connection.handle_async_request(
               ^^^^^^^^^^^^^^^^^^^^^^^^^^^^^^^^^^^^^^
  File "C:\Users\sajjadlh8\AppData\Local\Programs\Python\Python311\Lib\site-packages\httpcore\_async\connection.py", line 101, in handle_async_request
    raise exc
  File "C:\Users\sajjadlh8\AppData\Local\Programs\Python\Python311\Lib\site-packages\httpcore\_async\connection.py", line 78, in handle_async_request
    stream = await self._connect(request)
             ^^^^^^^^^^^^^^^^^^^^^^^^^^^^
  File "C:\Users\sajjadlh8\AppData\Local\Programs\Python\Python311\Lib\site-packages\httpcore\_async\connection.py", line 124, in _connect
    stream = await self._network_backend.connect_tcp(**kwargs)
             ^^^^^^^^^^^^^^^^^^^^^^^^^^^^^^^^^^^^^^^^^^^^^^^^^
  File "C:\Users\sajjadlh8\AppData\Local\Programs\Python\Python311\Lib\site-packages\httpcore\_backends\auto.py", line 31, in connect_tcp
    return await self._backend.connect_tcp(
           ^^^^^^^^^^^^^^^^^^^^^^^^^^^^^^^^
  File "C:\Users\sajjadlh8\AppData\Local\Programs\Python\Python311\Lib\site-packages\httpcore\_backends\anyio.py", line 113, in connect_tcp
    with map_exceptions(exc_map):
  File "C:\Users\sajjadlh8\AppData\Local\Programs\Python\Python311\Lib\contextlib.py", line 155, in __exit__
    self.gen.throw(typ, value, traceback)
  File "C:\Users\sajjadlh8\AppData\Local\Programs\Python\Python311\Lib\site-packages\httpcore\_exceptions.py", line 14, in map_exceptions
    raise to_exc(exc) from exc
httpcore.ConnectError: All connection attempts failed

The above exception was the direct cause of the following exception:

Traceback (most recent call last):
  File "C:\Users\sajjadlh8\AppData\Local\Programs\Python\Python311\Lib\site-packages\telegram\request\_httpxrequest.py", line 292, in do_request
    res = await self._client.request(
          ^^^^^^^^^^^^^^^^^^^^^^^^^^^
  File "C:\Users\sajjadlh8\AppData\Local\Programs\Python\Python311\Lib\site-packages\httpx\_client.py", line 1540, in request
    return await self.send(request, auth=auth, follow_redirects=follow_redirects)
           ^^^^^^^^^^^^^^^^^^^^^^^^^^^^^^^^^^^^^^^^^^^^^^^^^^^^^^^^^^^^^^^^^^^^^^
  File "C:\Users\sajjadlh8\AppData\Local\Programs\Python\Python311\Lib\site-packages\httpx\_client.py", line 1629, in send
    response = await self._send_handling_auth(
               ^^^^^^^^^^^^^^^^^^^^^^^^^^^^^^^
  File "C:\Users\sajjadlh8\AppData\Local\Programs\Python\Python311\Lib\site-packages\httpx\_client.py", line 1657, in _send_handling_auth
    response = await self._send_handling_redirects(
               ^^^^^^^^^^^^^^^^^^^^^^^^^^^^^^^^^^^^
  File "C:\Users\sajjadlh8\AppData\Local\Programs\Python\Python311\Lib\site-packages\httpx\_client.py", line 1694, in _send_handling_redirects
    response = await self._send_single_request(request)
               ^^^^^^^^^^^^^^^^^^^^^^^^^^^^^^^^^^^^^^^^
  File "C:\Users\sajjadlh8\AppData\Local\Programs\Python\Python311\Lib\site-packages\httpx\_client.py", line 1730, in _send_single_request
    response = await transport.handle_async_request(request)
               ^^^^^^^^^^^^^^^^^^^^^^^^^^^^^^^^^^^^^^^^^^^^^
  File "C:\Users\sajjadlh8\AppData\Local\Programs\Python\Python311\Lib\site-packages\httpx\_transports\default.py", line 393, in handle_async_request
    with map_httpcore_exceptions():
  File "C:\Users\sajjadlh8\AppData\Local\Programs\Python\Python311\Lib\contextlib.py", line 155, in __exit__
    self.gen.throw(typ, value, traceback)
  File "C:\Users\sajjadlh8\AppData\Local\Programs\Python\Python311\Lib\site-packages\httpx\_transports\default.py", line 118, in map_httpcore_exceptions
    raise mapped_exc(message) from exc
httpx.ConnectError: All connection attempts failed

The above exception was the direct cause of the following exception:

Traceback (most recent call last):
  File "C:\Users\sajjadlh8\AppData\Local\Programs\Python\Python311\Lib\site-packages\telegram\ext\_updater.py", line 753, in _network_loop_retry
    if not await do_action():
           ^^^^^^^^^^^^^^^^^
  File "C:\Users\sajjadlh8\AppData\Local\Programs\Python\Python311\Lib\site-packages\telegram\ext\_updater.py", line 747, in do_action
    return action_cb_task.result()
           ^^^^^^^^^^^^^^^^^^^^^^^
  File "C:\Users\sajjadlh8\AppData\Local\Programs\Python\Python311\Lib\site-packages\telegram\ext\_updater.py", line 377, in polling_action_cb
    updates = await self.bot.get_updates(
              ^^^^^^^^^^^^^^^^^^^^^^^^^^^
  File "C:\Users\sajjadlh8\AppData\Local\Programs\Python\Python311\Lib\site-packages\telegram\ext\_extbot.py", line 649, in get_updates
    updates = await super().get_updates(
              ^^^^^^^^^^^^^^^^^^^^^^^^^^
  File "C:\Users\sajjadlh8\AppData\Local\Programs\Python\Python311\Lib\site-packages\telegram\_bot.py", line 4366, in get_updates
    await self._post(
  File "C:\Users\sajjadlh8\AppData\Local\Programs\Python\Python311\Lib\site-packages\telegram\_bot.py", line 623, in _post
    return await self._do_post(
           ^^^^^^^^^^^^^^^^^^^^
  File "C:\Users\sajjadlh8\AppData\Local\Programs\Python\Python311\Lib\site-packages\telegram\ext\_extbot.py", line 355, in _do_post
    return await super()._do_post(
           ^^^^^^^^^^^^^^^^^^^^^^^
  File "C:\Users\sajjadlh8\AppData\Local\Programs\Python\Python311\Lib\site-packages\telegram\_bot.py", line 652, in _do_post
    result = await request.post(
             ^^^^^^^^^^^^^^^^^^^
  File "C:\Users\sajjadlh8\AppData\Local\Programs\Python\Python311\Lib\site-packages\telegram\request\_baserequest.py", line 201, in post
    result = await self._request_wrapper(
             ^^^^^^^^^^^^^^^^^^^^^^^^^^^^
  File "C:\Users\sajjadlh8\AppData\Local\Programs\Python\Python311\Lib\site-packages\telegram\request\_baserequest.py", line 333, in _request_wrapper
    code, payload = await self.do_request(
                    ^^^^^^^^^^^^^^^^^^^^^^
  File "C:\Users\sajjadlh8\AppData\Local\Programs\Python\Python311\Lib\site-packages\telegram\request\_httpxrequest.py", line 316, in do_request
    raise NetworkError(f"httpx.{err.__class__.__name__}: {err}") from err
telegram.error.NetworkError: httpx.ConnectError: All connection attempts failed
2026-09-09 19:15:34,063 ERROR finmentor.bot :: bot handler failed: httpx.ConnectError: [Errno 11001] getaddrinfo failed
Traceback (most recent call last):
  File "C:\Users\sajjadlh8\AppData\Local\Programs\Python\Python311\Lib\site-packages\httpx\_transports\default.py", line 101, in map_httpcore_exceptions
    yield
  File "C:\Users\sajjadlh8\AppData\Local\Programs\Python\Python311\Lib\site-packages\httpx\_transports\default.py", line 394, in handle_async_request
    resp = await self._pool.handle_async_request(req)
           ^^^^^^^^^^^^^^^^^^^^^^^^^^^^^^^^^^^^^^^^^^
  File "C:\Users\sajjadlh8\AppData\Local\Programs\Python\Python311\Lib\site-packages\httpcore\_async\connection_pool.py", line 256, in handle_async_request
    raise exc from None
  File "C:\Users\sajjadlh8\AppData\Local\Programs\Python\Python311\Lib\site-packages\httpcore\_async\connection_pool.py", line 236, in handle_async_request
    response = await connection.handle_async_request(
               ^^^^^^^^^^^^^^^^^^^^^^^^^^^^^^^^^^^^^^
  File "C:\Users\sajjadlh8\AppData\Local\Programs\Python\Python311\Lib\site-packages\httpcore\_async\connection.py", line 101, in handle_async_request
    raise exc
  File "C:\Users\sajjadlh8\AppData\Local\Programs\Python\Python311\Lib\site-packages\httpcore\_async\connection.py", line 78, in handle_async_request
    stream = await self._connect(request)
             ^^^^^^^^^^^^^^^^^^^^^^^^^^^^
  File "C:\Users\sajjadlh8\AppData\Local\Programs\Python\Python311\Lib\site-packages\httpcore\_async\connection.py", line 124, in _connect
    stream = await self._network_backend.connect_tcp(**kwargs)
             ^^^^^^^^^^^^^^^^^^^^^^^^^^^^^^^^^^^^^^^^^^^^^^^^^
  File "C:\Users\sajjadlh8\AppData\Local\Programs\Python\Python311\Lib\site-packages\httpcore\_backends\auto.py", line 31, in connect_tcp
    return await self._backend.connect_tcp(
           ^^^^^^^^^^^^^^^^^^^^^^^^^^^^^^^^
  File "C:\Users\sajjadlh8\AppData\Local\Programs\Python\Python311\Lib\site-packages\httpcore\_backends\anyio.py", line 113, in connect_tcp
    with map_exceptions(exc_map):
  File "C:\Users\sajjadlh8\AppData\Local\Programs\Python\Python311\Lib\contextlib.py", line 155, in __exit__
    self.gen.throw(typ, value, traceback)
  File "C:\Users\sajjadlh8\AppData\Local\Programs\Python\Python311\Lib\site-packages\httpcore\_exceptions.py", line 14, in map_exceptions
    raise to_exc(exc) from exc
httpcore.ConnectError: [Errno 11001] getaddrinfo failed

The above exception was the direct cause of the following exception:

Traceback (most recent call last):
  File "C:\Users\sajjadlh8\AppData\Local\Programs\Python\Python311\Lib\site-packages\telegram\request\_httpxrequest.py", line 292, in do_request
    res = await self._client.request(
          ^^^^^^^^^^^^^^^^^^^^^^^^^^^
  File "C:\Users\sajjadlh8\AppData\Local\Programs\Python\Python311\Lib\site-packages\httpx\_client.py", line 1540, in request
    return await self.send(request, auth=auth, follow_redirects=follow_redirects)
           ^^^^^^^^^^^^^^^^^^^^^^^^^^^^^^^^^^^^^^^^^^^^^^^^^^^^^^^^^^^^^^^^^^^^^^
  File "C:\Users\sajjadlh8\AppData\Local\Programs\Python\Python311\Lib\site-packages\httpx\_client.py", line 1629, in send
    response = await self._send_handling_auth(
               ^^^^^^^^^^^^^^^^^^^^^^^^^^^^^^^
  File "C:\Users\sajjadlh8\AppData\Local\Programs\Python\Python311\Lib\site-packages\httpx\_client.py", line 1657, in _send_handling_auth
    response = await self._send_handling_redirects(
               ^^^^^^^^^^^^^^^^^^^^^^^^^^^^^^^^^^^^
  File "C:\Users\sajjadlh8\AppData\Local\Programs\Python\Python311\Lib\site-packages\httpx\_client.py", line 1694, in _send_handling_redirects
    response = await self._send_single_request(request)
               ^^^^^^^^^^^^^^^^^^^^^^^^^^^^^^^^^^^^^^^^
  File "C:\Users\sajjadlh8\AppData\Local\Programs\Python\Python311\Lib\site-packages\httpx\_client.py", line 1730, in _send_single_request
    response = await transport.handle_async_request(request)
               ^^^^^^^^^^^^^^^^^^^^^^^^^^^^^^^^^^^^^^^^^^^^^
  File "C:\Users\sajjadlh8\AppData\Local\Programs\Python\Python311\Lib\site-packages\httpx\_transports\default.py", line 393, in handle_async_request
    with map_httpcore_exceptions():
  File "C:\Users\sajjadlh8\AppData\Local\Programs\Python\Python311\Lib\contextlib.py", line 155, in __exit__
    self.gen.throw(typ, value, traceback)
  File "C:\Users\sajjadlh8\AppData\Local\Programs\Python\Python311\Lib\site-packages\httpx\_transports\default.py", line 118, in map_httpcore_exceptions
    raise mapped_exc(message) from exc
httpx.ConnectError: [Errno 11001] getaddrinfo failed

The above exception was the direct cause of the following exception:

Traceback (most recent call last):
  File "C:\Users\sajjadlh8\AppData\Local\Programs\Python\Python311\Lib\site-packages\telegram\ext\_updater.py", line 753, in _network_loop_retry
    if not await do_action():
           ^^^^^^^^^^^^^^^^^
  File "C:\Users\sajjadlh8\AppData\Local\Programs\Python\Python311\Lib\site-packages\telegram\ext\_updater.py", line 747, in do_action
    return action_cb_task.result()
           ^^^^^^^^^^^^^^^^^^^^^^^
  File "C:\Users\sajjadlh8\AppData\Local\Programs\Python\Python311\Lib\site-packages\telegram\ext\_updater.py", line 377, in polling_action_cb
    updates = await self.bot.get_updates(
              ^^^^^^^^^^^^^^^^^^^^^^^^^^^
  File "C:\Users\sajjadlh8\AppData\Local\Programs\Python\Python311\Lib\site-packages\telegram\ext\_extbot.py", line 649, in get_updates
    updates = await super().get_updates(
              ^^^^^^^^^^^^^^^^^^^^^^^^^^
  File "C:\Users\sajjadlh8\AppData\Local\Programs\Python\Python311\Lib\site-packages\telegram\_bot.py", line 4366, in get_updates
    await self._post(
  File "C:\Users\sajjadlh8\AppData\Local\Programs\Python\Python311\Lib\site-packages\telegram\_bot.py", line 623, in _post
    return await self._do_post(
           ^^^^^^^^^^^^^^^^^^^^
  File "C:\Users\sajjadlh8\AppData\Local\Programs\Python\Python311\Lib\site-packages\telegram\ext\_extbot.py", line 355, in _do_post
    return await super()._do_post(
           ^^^^^^^^^^^^^^^^^^^^^^^
  File "C:\Users\sajjadlh8\AppData\Local\Programs\Python\Python311\Lib\site-packages\telegram\_bot.py", line 652, in _do_post
    result = await request.post(
             ^^^^^^^^^^^^^^^^^^^
  File "C:\Users\sajjadlh8\AppData\Local\Programs\Python\Python311\Lib\site-packages\telegram\request\_baserequest.py", line 201, in post
    result = await self._request_wrapper(
             ^^^^^^^^^^^^^^^^^^^^^^^^^^^^
  File "C:\Users\sajjadlh8\AppData\Local\Programs\Python\Python311\Lib\site-packages\telegram\request\_baserequest.py", line 333, in _request_wrapper
    code, payload = await self.do_request(
                    ^^^^^^^^^^^^^^^^^^^^^^
  File "C:\Users\sajjadlh8\AppData\Local\Programs\Python\Python311\Lib\site-packages\telegram\request\_httpxrequest.py", line 316, in do_request
    raise NetworkError(f"httpx.{err.__class__.__name__}: {err}") from err
telegram.error.NetworkError: httpx.ConnectError: [Errno 11001] getaddrinfo failed
2026-09-09 19:15:51,142 INFO httpx :: HTTP Request: POST https://api.telegram.org/bot8922337295:AAGdhYJVOyWzGttzxBcHmEwzN-DYhTUz0_g/getUpdates "HTTP/1.1 200 OK"
2026-09-09 19:15:51,802 INFO httpx :: HTTP Request: POST https://api.telegram.org/bot8922337295:AAGdhYJVOyWzGttzxBcHmEwzN-DYhTUz0_g/sendMessage "HTTP/1.1 200 OK"
2026-09-09 19:15:52,456 INFO httpx :: HTTP Request: POST https://api.telegram.org/bot8922337295:AAGdhYJVOyWzGttzxBcHmEwzN-DYhTUz0_g/sendMessage "HTTP/1.1 200 OK"
2026-09-09 19:16:01,342 INFO httpx :: HTTP Request: POST https://api.telegram.org/bot8922337295:AAGdhYJVOyWzGttzxBcHmEwzN-DYhTUz0_g/getUpdates "HTTP/1.1 200 OK"
2026-09-09 19:16:11,543 INFO httpx :: HTTP Request: POST https://api.telegram.org/bot8922337295:AAGdhYJVOyWzGttzxBcHmEwzN-DYhTUz0_g/getUpdates "HTTP/1.1 200 OK"
2026-09-09 19:16:21,806 INFO httpx :: HTTP Request: POST https://api.telegram.org/bot8922337295:AAGdhYJVOyWzGttzxBcHmEwzN-DYhTUz0_g/getUpdates "HTTP/1.1 200 OK"
2026-09-09 19:16:26,571 INFO httpx :: HTTP Request: POST https://api.telegram.org/bot8922337295:AAGdhYJVOyWzGttzxBcHmEwzN-DYhTUz0_g/getUpdates "HTTP/1.1 200 OK"
2026-09-09 19:16:27,158 INFO httpx :: HTTP Request: POST https://api.telegram.org/bot8922337295:AAGdhYJVOyWzGttzxBcHmEwzN-DYhTUz0_g/answerCallbackQuery "HTTP/1.1 200 OK"
2026-09-09 19:16:27,395 INFO httpx :: HTTP Request: POST https://api.telegram.org/bot8922337295:AAGdhYJVOyWzGttzxBcHmEwzN-DYhTUz0_g/sendMessage "HTTP/1.1 200 OK"
2026-09-09 19:16:33,017 INFO httpx :: HTTP Request: POST https://api.telegram.org/bot8922337295:AAGdhYJVOyWzGttzxBcHmEwzN-DYhTUz0_g/getUpdates "HTTP/1.1 200 OK"
2026-09-09 19:16:34,161 INFO httpx :: HTTP Request: POST https://api.telegram.org/bot8922337295:AAGdhYJVOyWzGttzxBcHmEwzN-DYhTUz0_g/answerCallbackQuery "HTTP/1.1 200 OK"
2026-09-09 19:16:34,467 INFO httpx :: HTTP Request: POST https://api.telegram.org/bot8922337295:AAGdhYJVOyWzGttzxBcHmEwzN-DYhTUz0_g/sendMessage "HTTP/1.1 200 OK"
2026-09-09 19:16:35,144 INFO httpx :: HTTP Request: POST https://api.telegram.org/bot8922337295:AAGdhYJVOyWzGttzxBcHmEwzN-DYhTUz0_g/sendMessage "HTTP/1.1 200 OK"
2026-09-09 19:16:43,194 INFO httpx :: HTTP Request: POST https://api.telegram.org/bot8922337295:AAGdhYJVOyWzGttzxBcHmEwzN-DYhTUz0_g/getUpdates "HTTP/1.1 200 OK"
2026-09-09 19:16:53,386 INFO httpx :: HTTP Request: POST https://api.telegram.org/bot8922337295:AAGdhYJVOyWzGttzxBcHmEwzN-DYhTUz0_g/getUpdates "HTTP/1.1 200 OK"
2026-09-09 19:16:56,290 INFO httpx :: HTTP Request: POST https://api.telegram.org/bot8922337295:AAGdhYJVOyWzGttzxBcHmEwzN-DYhTUz0_g/getUpdates "HTTP/1.1 200 OK"
2026-09-09 19:17:00,170 INFO httpx :: HTTP Request: POST https://api.telegram.org/bot8922337295:AAGdhYJVOyWzGttzxBcHmEwzN-DYhTUz0_g/answerCallbackQuery "HTTP/1.1 200 OK"
2026-09-09 19:17:00,384 INFO httpx :: HTTP Request: POST https://api.telegram.org/bot8922337295:AAGdhYJVOyWzGttzxBcHmEwzN-DYhTUz0_g/sendMessage "HTTP/1.1 200 OK"
2026-09-09 19:17:06,799 INFO httpx :: HTTP Request: POST https://api.telegram.org/bot8922337295:AAGdhYJVOyWzGttzxBcHmEwzN-DYhTUz0_g/getUpdates "HTTP/1.1 200 OK"
2026-09-09 19:17:17,065 INFO httpx :: HTTP Request: POST https://api.telegram.org/bot8922337295:AAGdhYJVOyWzGttzxBcHmEwzN-DYhTUz0_g/getUpdates "HTTP/1.1 200 OK"
2026-09-09 19:17:24,235 INFO httpx :: HTTP Request: POST https://api.telegram.org/bot8922337295:AAGdhYJVOyWzGttzxBcHmEwzN-DYhTUz0_g/getUpdates "HTTP/1.1 200 OK"
2026-09-09 19:17:25,913 INFO httpx :: HTTP Request: POST https://api.telegram.org/bot8922337295:AAGdhYJVOyWzGttzxBcHmEwzN-DYhTUz0_g/answerCallbackQuery "HTTP/1.1 200 OK"
2026-09-09 19:17:26,199 INFO httpx :: HTTP Request: POST https://api.telegram.org/bot8922337295:AAGdhYJVOyWzGttzxBcHmEwzN-DYhTUz0_g/sendMessage "HTTP/1.1 200 OK"
2026-09-09 19:17:31,940 INFO httpx :: HTTP Request: POST https://api.telegram.org/bot8922337295:AAGdhYJVOyWzGttzxBcHmEwzN-DYhTUz0_g/getUpdates "HTTP/1.1 200 OK"
2026-09-09 19:17:32,631 INFO httpx :: HTTP Request: POST https://api.telegram.org/bot8922337295:AAGdhYJVOyWzGttzxBcHmEwzN-DYhTUz0_g/answerCallbackQuery "HTTP/1.1 200 OK"
2026-09-09 19:17:33,697 INFO httpx :: HTTP Request: POST https://api.telegram.org/bot8922337295:AAGdhYJVOyWzGttzxBcHmEwzN-DYhTUz0_g/sendMessage "HTTP/1.1 200 OK"
2026-09-09 19:17:35,375 INFO httpx :: HTTP Request: POST https://api.telegram.org/bot8922337295:AAGdhYJVOyWzGttzxBcHmEwzN-DYhTUz0_g/sendChatAction "HTTP/1.1 200 OK"
2026-09-09 19:17:35,805 INFO httpx :: HTTP Request: POST https://api.telegram.org/bot8922337295:AAGdhYJVOyWzGttzxBcHmEwzN-DYhTUz0_g/sendMessage "HTTP/1.1 200 OK"
2026-09-09 19:17:42,161 INFO httpx :: HTTP Request: POST https://api.telegram.org/bot8922337295:AAGdhYJVOyWzGttzxBcHmEwzN-DYhTUz0_g/getUpdates "HTTP/1.1 200 OK"
2026-09-09 19:17:52,391 INFO httpx :: HTTP Request: POST https://api.telegram.org/bot8922337295:AAGdhYJVOyWzGttzxBcHmEwzN-DYhTUz0_g/getUpdates "HTTP/1.1 200 OK"
2026-09-09 19:18:02,570 INFO httpx :: HTTP Request: POST https://api.telegram.org/bot8922337295:AAGdhYJVOyWzGttzxBcHmEwzN-DYhTUz0_g/getUpdates "HTTP/1.1 200 OK"
2026-09-09 19:18:12,772 INFO httpx :: HTTP Request: POST https://api.telegram.org/bot8922337295:AAGdhYJVOyWzGttzxBcHmEwzN-DYhTUz0_g/getUpdates "HTTP/1.1 200 OK"
2026-09-09 19:18:23,013 INFO httpx :: HTTP Request: POST https://api.telegram.org/bot8922337295:AAGdhYJVOyWzGttzxBcHmEwzN-DYhTUz0_g/getUpdates "HTTP/1.1 200 OK"
2026-09-09 19:18:33,215 INFO httpx :: HTTP Request: POST https://api.telegram.org/bot8922337295:AAGdhYJVOyWzGttzxBcHmEwzN-DYhTUz0_g/getUpdates "HTTP/1.1 200 OK"
2026-09-09 19:18:39,295 INFO httpx :: HTTP Request: POST https://api.telegram.org/bot8922337295:AAGdhYJVOyWzGttzxBcHmEwzN-DYhTUz0_g/getUpdates "HTTP/1.1 200 OK"
2026-09-09 19:18:40,462 INFO httpx :: HTTP Request: POST https://api.telegram.org/bot8922337295:AAGdhYJVOyWzGttzxBcHmEwzN-DYhTUz0_g/answerCallbackQuery "HTTP/1.1 200 OK"
2026-09-09 19:18:40,727 INFO httpx :: HTTP Request: POST https://api.telegram.org/bot8922337295:AAGdhYJVOyWzGttzxBcHmEwzN-DYhTUz0_g/sendMessage "HTTP/1.1 200 OK"
2026-09-09 19:18:46,300 INFO httpx :: HTTP Request: POST https://api.telegram.org/bot8922337295:AAGdhYJVOyWzGttzxBcHmEwzN-DYhTUz0_g/getUpdates "HTTP/1.1 200 OK"
2026-09-09 19:18:47,873 INFO httpx :: HTTP Request: POST https://api.telegram.org/bot8922337295:AAGdhYJVOyWzGttzxBcHmEwzN-DYhTUz0_g/sendChatAction "HTTP/1.1 200 OK"
2026-09-09 19:18:48,113 INFO httpx :: HTTP Request: POST https://api.telegram.org/bot8922337295:AAGdhYJVOyWzGttzxBcHmEwzN-DYhTUz0_g/sendMessage "HTTP/1.1 200 OK"
2026-09-09 19:18:48,950 INFO httpx :: HTTP Request: POST https://api.telegram.org/bot8922337295:AAGdhYJVOyWzGttzxBcHmEwzN-DYhTUz0_g/sendMessage "HTTP/1.1 200 OK"
2026-09-09 19:18:56,519 INFO httpx :: HTTP Request: POST https://api.telegram.org/bot8922337295:AAGdhYJVOyWzGttzxBcHmEwzN-DYhTUz0_g/getUpdates "HTTP/1.1 200 OK"
2026-09-09 19:19:07,228 INFO httpx :: HTTP Request: POST https://api.telegram.org/bot8922337295:AAGdhYJVOyWzGttzxBcHmEwzN-DYhTUz0_g/getUpdates "HTTP/1.1 200 OK"
2026-09-09 19:19:17,436 INFO httpx :: HTTP Request: POST https://api.telegram.org/bot8922337295:AAGdhYJVOyWzGttzxBcHmEwzN-DYhTUz0_g/getUpdates "HTTP/1.1 200 OK"
2026-09-09 19:19:27,628 INFO httpx :: HTTP Request: POST https://api.telegram.org/bot8922337295:AAGdhYJVOyWzGttzxBcHmEwzN-DYhTUz0_g/getUpdates "HTTP/1.1 200 OK"
2026-09-09 19:19:37,859 INFO httpx :: HTTP Request: POST https://api.telegram.org/bot8922337295:AAGdhYJVOyWzGttzxBcHmEwzN-DYhTUz0_g/getUpdates "HTTP/1.1 200 OK"
2026-09-09 19:19:48,041 INFO httpx :: HTTP Request: POST https://api.telegram.org/bot8922337295:AAGdhYJVOyWzGttzxBcHmEwzN-DYhTUz0_g/getUpdates "HTTP/1.1 200 OK"
2026-09-09 19:19:58,245 INFO httpx :: HTTP Request: POST https://api.telegram.org/bot8922337295:AAGdhYJVOyWzGttzxBcHmEwzN-DYhTUz0_g/getUpdates "HTTP/1.1 200 OK"
2026-09-09 19:20:08,449 INFO httpx :: HTTP Request: POST https://api.telegram.org/bot8922337295:AAGdhYJVOyWzGttzxBcHmEwzN-DYhTUz0_g/getUpdates "HTTP/1.1 200 OK"
2026-09-09 19:20:18,639 INFO httpx :: HTTP Request: POST https://api.telegram.org/bot8922337295:AAGdhYJVOyWzGttzxBcHmEwzN-DYhTUz0_g/getUpdates "HTTP/1.1 200 OK"
2026-09-09 19:20:28,889 INFO httpx :: HTTP Request: POST https://api.telegram.org/bot8922337295:AAGdhYJVOyWzGttzxBcHmEwzN-DYhTUz0_g/getUpdates "HTTP/1.1 200 OK"
2026-09-09 19:20:39,144 INFO httpx :: HTTP Request: POST https://api.telegram.org/bot8922337295:AAGdhYJVOyWzGttzxBcHmEwzN-DYhTUz0_g/getUpdates "HTTP/1.1 200 OK"
2026-09-09 19:20:49,369 INFO httpx :: HTTP Request: POST https://api.telegram.org/bot8922337295:AAGdhYJVOyWzGttzxBcHmEwzN-DYhTUz0_g/getUpdates "HTTP/1.1 200 OK"
2026-09-09 19:21:00,463 INFO httpx :: HTTP Request: POST https://api.telegram.org/bot8922337295:AAGdhYJVOyWzGttzxBcHmEwzN-DYhTUz0_g/getUpdates "HTTP/1.1 200 OK"
2026-09-09 19:21:10,650 INFO httpx :: HTTP Request: POST https://api.telegram.org/bot8922337295:AAGdhYJVOyWzGttzxBcHmEwzN-DYhTUz0_g/getUpdates "HTTP/1.1 200 OK"
2026-09-09 19:21:20,852 INFO httpx :: HTTP Request: POST https://api.telegram.org/bot8922337295:AAGdhYJVOyWzGttzxBcHmEwzN-DYhTUz0_g/getUpdates "HTTP/1.1 200 OK"
2026-09-09 19:21:31,070 INFO httpx :: HTTP Request: POST https://api.telegram.org/bot8922337295:AAGdhYJVOyWzGttzxBcHmEwzN-DYhTUz0_g/getUpdates "HTTP/1.1 200 OK"
2026-09-09 19:21:41,335 INFO httpx :: HTTP Request: POST https://api.telegram.org/bot8922337295:AAGdhYJVOyWzGttzxBcHmEwzN-DYhTUz0_g/getUpdates "HTTP/1.1 200 OK"
2026-09-09 19:21:51,580 INFO httpx :: HTTP Request: POST https://api.telegram.org/bot8922337295:AAGdhYJVOyWzGttzxBcHmEwzN-DYhTUz0_g/getUpdates "HTTP/1.1 200 OK"
2026-09-09 19:22:01,843 INFO httpx :: HTTP Request: POST https://api.telegram.org/bot8922337295:AAGdhYJVOyWzGttzxBcHmEwzN-DYhTUz0_g/getUpdates "HTTP/1.1 200 OK"
2026-09-09 19:22:12,360 INFO httpx :: HTTP Request: POST https://api.telegram.org/bot8922337295:AAGdhYJVOyWzGttzxBcHmEwzN-DYhTUz0_g/getUpdates "HTTP/1.1 200 OK"
2026-09-09 19:22:22,581 INFO httpx :: HTTP Request: POST https://api.telegram.org/bot8922337295:AAGdhYJVOyWzGttzxBcHmEwzN-DYhTUz0_g/getUpdates "HTTP/1.1 200 OK"
2026-09-09 19:22:32,799 INFO httpx :: HTTP Request: POST https://api.telegram.org/bot8922337295:AAGdhYJVOyWzGttzxBcHmEwzN-DYhTUz0_g/getUpdates "HTTP/1.1 200 OK"
2026-09-09 19:22:43,000 INFO httpx :: HTTP Request: POST https://api.telegram.org/bot8922337295:AAGdhYJVOyWzGttzxBcHmEwzN-DYhTUz0_g/getUpdates "HTTP/1.1 200 OK"
2026-09-09 19:22:53,207 INFO httpx :: HTTP Request: POST https://api.telegram.org/bot8922337295:AAGdhYJVOyWzGttzxBcHmEwzN-DYhTUz0_g/getUpdates "HTTP/1.1 200 OK"
2026-09-09 19:23:03,834 INFO httpx :: HTTP Request: POST https://api.telegram.org/bot8922337295:AAGdhYJVOyWzGttzxBcHmEwzN-DYhTUz0_g/getUpdates "HTTP/1.1 200 OK"
2026-09-09 19:23:14,363 INFO httpx :: HTTP Request: POST https://api.telegram.org/bot8922337295:AAGdhYJVOyWzGttzxBcHmEwzN-DYhTUz0_g/getUpdates "HTTP/1.1 200 OK"
2026-09-09 19:23:24,575 INFO httpx :: HTTP Request: POST https://api.telegram.org/bot8922337295:AAGdhYJVOyWzGttzxBcHmEwzN-DYhTUz0_g/getUpdates "HTTP/1.1 200 OK"
2026-09-09 19:23:34,823 INFO httpx :: HTTP Request: POST https://api.telegram.org/bot8922337295:AAGdhYJVOyWzGttzxBcHmEwzN-DYhTUz0_g/getUpdates "HTTP/1.1 200 OK"
2026-09-09 19:23:45,326 INFO httpx :: HTTP Request: POST https://api.telegram.org/bot8922337295:AAGdhYJVOyWzGttzxBcHmEwzN-DYhTUz0_g/getUpdates "HTTP/1.1 200 OK"
2026-09-09 19:23:55,510 INFO httpx :: HTTP Request: POST https://api.telegram.org/bot8922337295:AAGdhYJVOyWzGttzxBcHmEwzN-DYhTUz0_g/getUpdates "HTTP/1.1 200 OK"
2026-09-09 19:24:05,726 INFO httpx :: HTTP Request: POST https://api.telegram.org/bot8922337295:AAGdhYJVOyWzGttzxBcHmEwzN-DYhTUz0_g/getUpdates "HTTP/1.1 200 OK"
2026-09-09 19:24:15,988 INFO httpx :: HTTP Request: POST https://api.telegram.org/bot8922337295:AAGdhYJVOyWzGttzxBcHmEwzN-DYhTUz0_g/getUpdates "HTTP/1.1 200 OK"
2026-09-09 19:24:26,228 INFO httpx :: HTTP Request: POST https://api.telegram.org/bot8922337295:AAGdhYJVOyWzGttzxBcHmEwzN-DYhTUz0_g/getUpdates "HTTP/1.1 200 OK"
2026-09-09 19:24:36,452 INFO httpx :: HTTP Request: POST https://api.telegram.org/bot8922337295:AAGdhYJVOyWzGttzxBcHmEwzN-DYhTUz0_g/getUpdates "HTTP/1.1 200 OK"
2026-09-09 19:24:46,638 INFO httpx :: HTTP Request: POST https://api.telegram.org/bot8922337295:AAGdhYJVOyWzGttzxBcHmEwzN-DYhTUz0_g/getUpdates "HTTP/1.1 200 OK"
2026-09-09 19:24:56,865 INFO httpx :: HTTP Request: POST https://api.telegram.org/bot8922337295:AAGdhYJVOyWzGttzxBcHmEwzN-DYhTUz0_g/getUpdates "HTTP/1.1 200 OK"
2026-09-09 19:25:07,045 INFO httpx :: HTTP Request: POST https://api.telegram.org/bot8922337295:AAGdhYJVOyWzGttzxBcHmEwzN-DYhTUz0_g/getUpdates "HTTP/1.1 200 OK"
2026-09-09 19:25:17,574 INFO httpx :: HTTP Request: POST https://api.telegram.org/bot8922337295:AAGdhYJVOyWzGttzxBcHmEwzN-DYhTUz0_g/getUpdates "HTTP/1.1 200 OK"
2026-09-09 19:25:28,167 INFO httpx :: HTTP Request: POST https://api.telegram.org/bot8922337295:AAGdhYJVOyWzGttzxBcHmEwzN-DYhTUz0_g/getUpdates "HTTP/1.1 200 OK"
2026-09-09 19:25:41,873 INFO httpx :: HTTP Request: POST https://api.telegram.org/bot8922337295:AAGdhYJVOyWzGttzxBcHmEwzN-DYhTUz0_g/getUpdates "HTTP/1.1 200 OK"
2026-09-09 19:25:52,256 INFO httpx :: HTTP Request: POST https://api.telegram.org/bot8922337295:AAGdhYJVOyWzGttzxBcHmEwzN-DYhTUz0_g/getUpdates "HTTP/1.1 200 OK"
2026-09-09 19:26:02,795 INFO httpx :: HTTP Request: POST https://api.telegram.org/bot8922337295:AAGdhYJVOyWzGttzxBcHmEwzN-DYhTUz0_g/getUpdates "HTTP/1.1 200 OK"
2026-09-09 19:26:13,075 INFO httpx :: HTTP Request: POST https://api.telegram.org/bot8922337295:AAGdhYJVOyWzGttzxBcHmEwzN-DYhTUz0_g/getUpdates "HTTP/1.1 200 OK"
2026-09-09 19:26:23,265 INFO httpx :: HTTP Request: POST https://api.telegram.org/bot8922337295:AAGdhYJVOyWzGttzxBcHmEwzN-DYhTUz0_g/getUpdates "HTTP/1.1 200 OK"
2026-09-09 19:26:34,445 INFO httpx :: HTTP Request: POST https://api.telegram.org/bot8922337295:AAGdhYJVOyWzGttzxBcHmEwzN-DYhTUz0_g/getUpdates "HTTP/1.1 200 OK"
2026-09-09 19:26:45,101 INFO httpx :: HTTP Request: POST https://api.telegram.org/bot8922337295:AAGdhYJVOyWzGttzxBcHmEwzN-DYhTUz0_g/getUpdates "HTTP/1.1 200 OK"
2026-09-09 19:26:55,864 INFO httpx :: HTTP Request: POST https://api.telegram.org/bot8922337295:AAGdhYJVOyWzGttzxBcHmEwzN-DYhTUz0_g/getUpdates "HTTP/1.1 200 OK"
2026-09-09 19:27:06,280 INFO httpx :: HTTP Request: POST https://api.telegram.org/bot8922337295:AAGdhYJVOyWzGttzxBcHmEwzN-DYhTUz0_g/getUpdates "HTTP/1.1 200 OK"
2026-09-09 19:27:16,626 INFO httpx :: HTTP Request: POST https://api.telegram.org/bot8922337295:AAGdhYJVOyWzGttzxBcHmEwzN-DYhTUz0_g/getUpdates "HTTP/1.1 200 OK"
2026-09-09 19:27:27,215 INFO httpx :: HTTP Request: POST https://api.telegram.org/bot8922337295:AAGdhYJVOyWzGttzxBcHmEwzN-DYhTUz0_g/getUpdates "HTTP/1.1 200 OK"
2026-09-09 19:27:37,587 INFO httpx :: HTTP Request: POST https://api.telegram.org/bot8922337295:AAGdhYJVOyWzGttzxBcHmEwzN-DYhTUz0_g/getUpdates "HTTP/1.1 200 OK"
2026-09-09 19:27:48,172 INFO httpx :: HTTP Request: POST https://api.telegram.org/bot8922337295:AAGdhYJVOyWzGttzxBcHmEwzN-DYhTUz0_g/getUpdates "HTTP/1.1 200 OK"
2026-09-09 19:27:58,958 INFO httpx :: HTTP Request: POST https://api.telegram.org/bot8922337295:AAGdhYJVOyWzGttzxBcHmEwzN-DYhTUz0_g/getUpdates "HTTP/1.1 200 OK"
2026-09-09 19:28:10,154 INFO httpx :: HTTP Request: POST https://api.telegram.org/bot8922337295:AAGdhYJVOyWzGttzxBcHmEwzN-DYhTUz0_g/getUpdates "HTTP/1.1 200 OK"
2026-09-09 19:28:21,090 INFO httpx :: HTTP Request: POST https://api.telegram.org/bot8922337295:AAGdhYJVOyWzGttzxBcHmEwzN-DYhTUz0_g/getUpdates "HTTP/1.1 200 OK"
2026-09-09 19:28:31,503 INFO httpx :: HTTP Request: POST https://api.telegram.org/bot8922337295:AAGdhYJVOyWzGttzxBcHmEwzN-DYhTUz0_g/getUpdates "HTTP/1.1 200 OK"
2026-09-09 19:28:41,690 INFO httpx :: HTTP Request: POST https://api.telegram.org/bot8922337295:AAGdhYJVOyWzGttzxBcHmEwzN-DYhTUz0_g/getUpdates "HTTP/1.1 200 OK"
2026-09-09 19:28:54,870 INFO httpx :: HTTP Request: POST https://api.telegram.org/bot8922337295:AAGdhYJVOyWzGttzxBcHmEwzN-DYhTUz0_g/getUpdates "HTTP/1.1 200 OK"
2026-09-09 19:29:07,654 INFO httpx :: HTTP Request: POST https://api.telegram.org/bot8922337295:AAGdhYJVOyWzGttzxBcHmEwzN-DYhTUz0_g/getUpdates "HTTP/1.1 200 OK"
2026-09-09 19:29:17,940 INFO httpx :: HTTP Request: POST https://api.telegram.org/bot8922337295:AAGdhYJVOyWzGttzxBcHmEwzN-DYhTUz0_g/getUpdates "HTTP/1.1 200 OK"
2026-09-09 19:29:24,935 INFO httpx :: HTTP Request: POST https://api.telegram.org/bot8922337295:AAGdhYJVOyWzGttzxBcHmEwzN-DYhTUz0_g/getUpdates "HTTP/1.1 200 OK"
2026-09-09 19:29:29,056 INFO httpx :: HTTP Request: POST https://api.telegram.org/bot8922337295:AAGdhYJVOyWzGttzxBcHmEwzN-DYhTUz0_g/sendMessage "HTTP/1.1 200 OK"
2026-09-09 19:29:30,802 INFO httpx :: HTTP Request: POST https://api.telegram.org/bot8922337295:AAGdhYJVOyWzGttzxBcHmEwzN-DYhTUz0_g/sendMessage "HTTP/1.1 200 OK"
2026-09-09 19:29:35,899 INFO httpx :: HTTP Request: POST https://api.telegram.org/bot8922337295:AAGdhYJVOyWzGttzxBcHmEwzN-DYhTUz0_g/getUpdates "HTTP/1.1 200 OK"
2026-09-09 19:29:37,901 INFO httpx :: HTTP Request: POST https://api.telegram.org/bot8922337295:AAGdhYJVOyWzGttzxBcHmEwzN-DYhTUz0_g/getUpdates "HTTP/1.1 200 OK"
2026-09-09 19:29:38,971 INFO httpx :: HTTP Request: POST https://api.telegram.org/bot8922337295:AAGdhYJVOyWzGttzxBcHmEwzN-DYhTUz0_g/answerCallbackQuery "HTTP/1.1 200 OK"
2026-09-09 19:29:40,111 INFO httpx :: HTTP Request: POST https://api.telegram.org/bot8922337295:AAGdhYJVOyWzGttzxBcHmEwzN-DYhTUz0_g/sendMessage "HTTP/1.1 200 OK"
2026-09-09 19:29:40,674 INFO httpx :: HTTP Request: POST https://api.telegram.org/bot8922337295:AAGdhYJVOyWzGttzxBcHmEwzN-DYhTUz0_g/sendMessage "HTTP/1.1 200 OK"
2026-09-09 19:29:48,277 INFO httpx :: HTTP Request: POST https://api.telegram.org/bot8922337295:AAGdhYJVOyWzGttzxBcHmEwzN-DYhTUz0_g/getUpdates "HTTP/1.1 200 OK"
2026-09-09 19:29:58,573 INFO httpx :: HTTP Request: POST https://api.telegram.org/bot8922337295:AAGdhYJVOyWzGttzxBcHmEwzN-DYhTUz0_g/getUpdates "HTTP/1.1 200 OK"
2026-09-09 19:30:09,662 INFO httpx :: HTTP Request: POST https://api.telegram.org/bot8922337295:AAGdhYJVOyWzGttzxBcHmEwzN-DYhTUz0_g/getUpdates "HTTP/1.1 200 OK"
2026-09-09 19:30:22,909 INFO httpx :: HTTP Request: POST https://api.telegram.org/bot8922337295:AAGdhYJVOyWzGttzxBcHmEwzN-DYhTUz0_g/getUpdates "HTTP/1.1 200 OK"
2026-09-09 19:30:33,152 INFO httpx :: HTTP Request: POST https://api.telegram.org/bot8922337295:AAGdhYJVOyWzGttzxBcHmEwzN-DYhTUz0_g/getUpdates "HTTP/1.1 200 OK"
2026-09-09 19:30:44,127 INFO httpx :: HTTP Request: POST https://api.telegram.org/bot8922337295:AAGdhYJVOyWzGttzxBcHmEwzN-DYhTUz0_g/getUpdates "HTTP/1.1 200 OK"
2026-09-09 19:30:54,462 INFO httpx :: HTTP Request: POST https://api.telegram.org/bot8922337295:AAGdhYJVOyWzGttzxBcHmEwzN-DYhTUz0_g/getUpdates "HTTP/1.1 200 OK"
2026-09-09 19:31:04,681 INFO httpx :: HTTP Request: POST https://api.telegram.org/bot8922337295:AAGdhYJVOyWzGttzxBcHmEwzN-DYhTUz0_g/getUpdates "HTTP/1.1 200 OK"
2026-09-09 19:31:15,858 INFO httpx :: HTTP Request: POST https://api.telegram.org/bot8922337295:AAGdhYJVOyWzGttzxBcHmEwzN-DYhTUz0_g/getUpdates "HTTP/1.1 200 OK"
2026-09-09 19:31:26,133 INFO httpx :: HTTP Request: POST https://api.telegram.org/bot8922337295:AAGdhYJVOyWzGttzxBcHmEwzN-DYhTUz0_g/getUpdates "HTTP/1.1 200 OK"
2026-09-09 19:31:36,530 INFO httpx :: HTTP Request: POST https://api.telegram.org/bot8922337295:AAGdhYJVOyWzGttzxBcHmEwzN-DYhTUz0_g/getUpdates "HTTP/1.1 200 OK"
2026-09-09 19:31:46,816 INFO httpx :: HTTP Request: POST https://api.telegram.org/bot8922337295:AAGdhYJVOyWzGttzxBcHmEwzN-DYhTUz0_g/getUpdates "HTTP/1.1 200 OK"
2026-09-09 19:31:57,057 INFO httpx :: HTTP Request: POST https://api.telegram.org/bot8922337295:AAGdhYJVOyWzGttzxBcHmEwzN-DYhTUz0_g/getUpdates "HTTP/1.1 200 OK"
2026-09-09 19:32:07,441 INFO httpx :: HTTP Request: POST https://api.telegram.org/bot8922337295:AAGdhYJVOyWzGttzxBcHmEwzN-DYhTUz0_g/getUpdates "HTTP/1.1 200 OK"
2026-09-09 19:32:18,562 INFO httpx :: HTTP Request: POST https://api.telegram.org/bot8922337295:AAGdhYJVOyWzGttzxBcHmEwzN-DYhTUz0_g/getUpdates "HTTP/1.1 200 OK"
2026-09-09 19:32:29,489 INFO httpx :: HTTP Request: POST https://api.telegram.org/bot8922337295:AAGdhYJVOyWzGttzxBcHmEwzN-DYhTUz0_g/getUpdates "HTTP/1.1 200 OK"
2026-09-09 19:32:44,391 INFO httpx :: HTTP Request: POST https://api.telegram.org/bot8922337295:AAGdhYJVOyWzGttzxBcHmEwzN-DYhTUz0_g/getUpdates "HTTP/1.1 200 OK"
2026-09-09 19:32:54,626 INFO httpx :: HTTP Request: POST https://api.telegram.org/bot8922337295:AAGdhYJVOyWzGttzxBcHmEwzN-DYhTUz0_g/getUpdates "HTTP/1.1 200 OK"
2026-09-09 19:33:05,072 INFO httpx :: HTTP Request: POST https://api.telegram.org/bot8922337295:AAGdhYJVOyWzGttzxBcHmEwzN-DYhTUz0_g/getUpdates "HTTP/1.1 200 OK"
2026-09-09 19:33:15,290 INFO httpx :: HTTP Request: POST https://api.telegram.org/bot8922337295:AAGdhYJVOyWzGttzxBcHmEwzN-DYhTUz0_g/getUpdates "HTTP/1.1 200 OK"
2026-09-09 19:33:25,516 INFO httpx :: HTTP Request: POST https://api.telegram.org/bot8922337295:AAGdhYJVOyWzGttzxBcHmEwzN-DYhTUz0_g/getUpdates "HTTP/1.1 200 OK"
2026-09-09 19:33:35,881 INFO httpx :: HTTP Request: POST https://api.telegram.org/bot8922337295:AAGdhYJVOyWzGttzxBcHmEwzN-DYhTUz0_g/getUpdates "HTTP/1.1 200 OK"
2026-09-09 19:33:46,223 INFO httpx :: HTTP Request: POST https://api.telegram.org/bot8922337295:AAGdhYJVOyWzGttzxBcHmEwzN-DYhTUz0_g/getUpdates "HTTP/1.1 200 OK"
2026-09-09 19:33:56,791 INFO httpx :: HTTP Request: POST https://api.telegram.org/bot8922337295:AAGdhYJVOyWzGttzxBcHmEwzN-DYhTUz0_g/getUpdates "HTTP/1.1 200 OK"
2026-09-09 19:34:07,166 INFO httpx :: HTTP Request: POST https://api.telegram.org/bot8922337295:AAGdhYJVOyWzGttzxBcHmEwzN-DYhTUz0_g/getUpdates "HTTP/1.1 200 OK"
2026-09-09 19:34:18,018 INFO httpx :: HTTP Request: POST https://api.telegram.org/bot8922337295:AAGdhYJVOyWzGttzxBcHmEwzN-DYhTUz0_g/getUpdates "HTTP/1.1 200 OK"
2026-09-09 19:34:28,714 INFO httpx :: HTTP Request: POST https://api.telegram.org/bot8922337295:AAGdhYJVOyWzGttzxBcHmEwzN-DYhTUz0_g/getUpdates "HTTP/1.1 200 OK"
2026-09-09 19:34:41,197 INFO httpx :: HTTP Request: POST https://api.telegram.org/bot8922337295:AAGdhYJVOyWzGttzxBcHmEwzN-DYhTUz0_g/getUpdates "HTTP/1.1 200 OK"
2026-09-09 19:34:52,123 INFO httpx :: HTTP Request: POST https://api.telegram.org/bot8922337295:AAGdhYJVOyWzGttzxBcHmEwzN-DYhTUz0_g/getUpdates "HTTP/1.1 200 OK"
2026-09-09 19:35:03,061 INFO httpx :: HTTP Request: POST https://api.telegram.org/bot8922337295:AAGdhYJVOyWzGttzxBcHmEwzN-DYhTUz0_g/getUpdates "HTTP/1.1 200 OK"
2026-09-09 19:35:13,296 INFO httpx :: HTTP Request: POST https://api.telegram.org/bot8922337295:AAGdhYJVOyWzGttzxBcHmEwzN-DYhTUz0_g/getUpdates "HTTP/1.1 200 OK"
2026-09-09 19:35:23,482 INFO httpx :: HTTP Request: POST https://api.telegram.org/bot8922337295:AAGdhYJVOyWzGttzxBcHmEwzN-DYhTUz0_g/getUpdates "HTTP/1.1 200 OK"
2026-09-09 19:35:33,795 INFO httpx :: HTTP Request: POST https://api.telegram.org/bot8922337295:AAGdhYJVOyWzGttzxBcHmEwzN-DYhTUz0_g/getUpdates "HTTP/1.1 200 OK"
2026-09-09 19:35:43,969 INFO httpx :: HTTP Request: POST https://api.telegram.org/bot8922337295:AAGdhYJVOyWzGttzxBcHmEwzN-DYhTUz0_g/getUpdates "HTTP/1.1 200 OK"
2026-09-09 19:35:54,348 INFO httpx :: HTTP Request: POST https://api.telegram.org/bot8922337295:AAGdhYJVOyWzGttzxBcHmEwzN-DYhTUz0_g/getUpdates "HTTP/1.1 200 OK"
2026-09-09 19:36:04,565 INFO httpx :: HTTP Request: POST https://api.telegram.org/bot8922337295:AAGdhYJVOyWzGttzxBcHmEwzN-DYhTUz0_g/getUpdates "HTTP/1.1 200 OK"
2026-09-09 19:36:14,826 INFO httpx :: HTTP Request: POST https://api.telegram.org/bot8922337295:AAGdhYJVOyWzGttzxBcHmEwzN-DYhTUz0_g/getUpdates "HTTP/1.1 200 OK"
2026-09-09 19:36:27,019 INFO httpx :: HTTP Request: POST https://api.telegram.org/bot8922337295:AAGdhYJVOyWzGttzxBcHmEwzN-DYhTUz0_g/getUpdates "HTTP/1.1 200 OK"
2026-09-09 19:36:37,575 INFO httpx :: HTTP Request: POST https://api.telegram.org/bot8922337295:AAGdhYJVOyWzGttzxBcHmEwzN-DYhTUz0_g/getUpdates "HTTP/1.1 200 OK"
2026-09-09 19:36:48,006 INFO httpx :: HTTP Request: POST https://api.telegram.org/bot8922337295:AAGdhYJVOyWzGttzxBcHmEwzN-DYhTUz0_g/getUpdates "HTTP/1.1 200 OK"
2026-09-09 19:36:58,311 INFO httpx :: HTTP Request: POST https://api.telegram.org/bot8922337295:AAGdhYJVOyWzGttzxBcHmEwzN-DYhTUz0_g/getUpdates "HTTP/1.1 200 OK"
2026-09-09 19:37:08,622 INFO httpx :: HTTP Request: POST https://api.telegram.org/bot8922337295:AAGdhYJVOyWzGttzxBcHmEwzN-DYhTUz0_g/getUpdates "HTTP/1.1 200 OK"
2026-09-09 19:37:20,028 INFO httpx :: HTTP Request: POST https://api.telegram.org/bot8922337295:AAGdhYJVOyWzGttzxBcHmEwzN-DYhTUz0_g/getUpdates "HTTP/1.1 200 OK"
2026-09-09 19:37:30,378 INFO httpx :: HTTP Request: POST https://api.telegram.org/bot8922337295:AAGdhYJVOyWzGttzxBcHmEwzN-DYhTUz0_g/getUpdates "HTTP/1.1 200 OK"
2026-09-09 19:37:40,914 INFO httpx :: HTTP Request: POST https://api.telegram.org/bot8922337295:AAGdhYJVOyWzGttzxBcHmEwzN-DYhTUz0_g/getUpdates "HTTP/1.1 200 OK"
2026-09-09 19:37:51,234 INFO httpx :: HTTP Request: POST https://api.telegram.org/bot8922337295:AAGdhYJVOyWzGttzxBcHmEwzN-DYhTUz0_g/getUpdates "HTTP/1.1 200 OK"
2026-09-09 19:38:01,417 INFO httpx :: HTTP Request: POST https://api.telegram.org/bot8922337295:AAGdhYJVOyWzGttzxBcHmEwzN-DYhTUz0_g/getUpdates "HTTP/1.1 200 OK"
2026-09-09 19:38:11,613 INFO httpx :: HTTP Request: POST https://api.telegram.org/bot8922337295:AAGdhYJVOyWzGttzxBcHmEwzN-DYhTUz0_g/getUpdates "HTTP/1.1 200 OK"
2026-09-09 19:38:22,656 INFO httpx :: HTTP Request: POST https://api.telegram.org/bot8922337295:AAGdhYJVOyWzGttzxBcHmEwzN-DYhTUz0_g/getUpdates "HTTP/1.1 200 OK"
2026-09-09 19:38:33,806 INFO httpx :: HTTP Request: POST https://api.telegram.org/bot8922337295:AAGdhYJVOyWzGttzxBcHmEwzN-DYhTUz0_g/getUpdates "HTTP/1.1 200 OK"
2026-09-09 19:38:44,149 INFO httpx :: HTTP Request: POST https://api.telegram.org/bot8922337295:AAGdhYJVOyWzGttzxBcHmEwzN-DYhTUz0_g/getUpdates "HTTP/1.1 200 OK"
2026-09-09 19:38:57,038 INFO httpx :: HTTP Request: POST https://api.telegram.org/bot8922337295:AAGdhYJVOyWzGttzxBcHmEwzN-DYhTUz0_g/getUpdates "HTTP/1.1 200 OK"
2026-09-09 19:39:10,482 INFO httpx :: HTTP Request: POST https://api.telegram.org/bot8922337295:AAGdhYJVOyWzGttzxBcHmEwzN-DYhTUz0_g/getUpdates "HTTP/1.1 200 OK"
2026-09-09 19:39:20,787 INFO httpx :: HTTP Request: POST https://api.telegram.org/bot8922337295:AAGdhYJVOyWzGttzxBcHmEwzN-DYhTUz0_g/getUpdates "HTTP/1.1 200 OK"
2026-09-09 19:39:31,656 INFO httpx :: HTTP Request: POST https://api.telegram.org/bot8922337295:AAGdhYJVOyWzGttzxBcHmEwzN-DYhTUz0_g/getUpdates "HTTP/1.1 200 OK"
2026-09-09 19:39:41,853 INFO httpx :: HTTP Request: POST https://api.telegram.org/bot8922337295:AAGdhYJVOyWzGttzxBcHmEwzN-DYhTUz0_g/getUpdates "HTTP/1.1 200 OK"
2026-09-09 19:39:52,059 INFO httpx :: HTTP Request: POST https://api.telegram.org/bot8922337295:AAGdhYJVOyWzGttzxBcHmEwzN-DYhTUz0_g/getUpdates "HTTP/1.1 200 OK"
2026-09-09 19:40:02,289 INFO httpx :: HTTP Request: POST https://api.telegram.org/bot8922337295:AAGdhYJVOyWzGttzxBcHmEwzN-DYhTUz0_g/getUpdates "HTTP/1.1 200 OK"
2026-09-09 19:40:12,482 INFO httpx :: HTTP Request: POST https://api.telegram.org/bot8922337295:AAGdhYJVOyWzGttzxBcHmEwzN-DYhTUz0_g/getUpdates "HTTP/1.1 200 OK"
2026-09-09 19:40:22,683 INFO httpx :: HTTP Request: POST https://api.telegram.org/bot8922337295:AAGdhYJVOyWzGttzxBcHmEwzN-DYhTUz0_g/getUpdates "HTTP/1.1 200 OK"
2026-09-09 19:40:32,879 INFO httpx :: HTTP Request: POST https://api.telegram.org/bot8922337295:AAGdhYJVOyWzGttzxBcHmEwzN-DYhTUz0_g/getUpdates "HTTP/1.1 200 OK"
2026-09-09 19:40:43,090 INFO httpx :: HTTP Request: POST https://api.telegram.org/bot8922337295:AAGdhYJVOyWzGttzxBcHmEwzN-DYhTUz0_g/getUpdates "HTTP/1.1 200 OK"
2026-09-09 19:40:53,286 INFO httpx :: HTTP Request: POST https://api.telegram.org/bot8922337295:AAGdhYJVOyWzGttzxBcHmEwzN-DYhTUz0_g/getUpdates "HTTP/1.1 200 OK"
2026-09-09 19:41:03,462 INFO httpx :: HTTP Request: POST https://api.telegram.org/bot8922337295:AAGdhYJVOyWzGttzxBcHmEwzN-DYhTUz0_g/getUpdates "HTTP/1.1 200 OK"
2026-09-09 19:41:13,665 INFO httpx :: HTTP Request: POST https://api.telegram.org/bot8922337295:AAGdhYJVOyWzGttzxBcHmEwzN-DYhTUz0_g/getUpdates "HTTP/1.1 200 OK"
2026-09-09 19:41:23,886 INFO httpx :: HTTP Request: POST https://api.telegram.org/bot8922337295:AAGdhYJVOyWzGttzxBcHmEwzN-DYhTUz0_g/getUpdates "HTTP/1.1 200 OK"
2026-09-09 19:41:34,082 INFO httpx :: HTTP Request: POST https://api.telegram.org/bot8922337295:AAGdhYJVOyWzGttzxBcHmEwzN-DYhTUz0_g/getUpdates "HTTP/1.1 200 OK"
2026-09-09 19:41:44,275 INFO httpx :: HTTP Request: POST https://api.telegram.org/bot8922337295:AAGdhYJVOyWzGttzxBcHmEwzN-DYhTUz0_g/getUpdates "HTTP/1.1 200 OK"
2026-09-09 19:41:54,473 INFO httpx :: HTTP Request: POST https://api.telegram.org/bot8922337295:AAGdhYJVOyWzGttzxBcHmEwzN-DYhTUz0_g/getUpdates "HTTP/1.1 200 OK"
2026-09-09 19:42:04,667 INFO httpx :: HTTP Request: POST https://api.telegram.org/bot8922337295:AAGdhYJVOyWzGttzxBcHmEwzN-DYhTUz0_g/getUpdates "HTTP/1.1 200 OK"
2026-09-09 19:42:18,887 INFO httpx :: HTTP Request: POST https://api.telegram.org/bot8922337295:AAGdhYJVOyWzGttzxBcHmEwzN-DYhTUz0_g/getUpdates "HTTP/1.1 200 OK"
2026-09-09 19:42:29,130 INFO httpx :: HTTP Request: POST https://api.telegram.org/bot8922337295:AAGdhYJVOyWzGttzxBcHmEwzN-DYhTUz0_g/getUpdates "HTTP/1.1 200 OK"
2026-09-09 19:42:39,345 INFO httpx :: HTTP Request: POST https://api.telegram.org/bot8922337295:AAGdhYJVOyWzGttzxBcHmEwzN-DYhTUz0_g/getUpdates "HTTP/1.1 200 OK"
2026-09-09 19:42:49,586 INFO httpx :: HTTP Request: POST https://api.telegram.org/bot8922337295:AAGdhYJVOyWzGttzxBcHmEwzN-DYhTUz0_g/getUpdates "HTTP/1.1 200 OK"
2026-09-09 19:42:59,749 INFO httpx :: HTTP Request: POST https://api.telegram.org/bot8922337295:AAGdhYJVOyWzGttzxBcHmEwzN-DYhTUz0_g/getUpdates "HTTP/1.1 200 OK"
2026-09-09 19:43:09,958 INFO httpx :: HTTP Request: POST https://api.telegram.org/bot8922337295:AAGdhYJVOyWzGttzxBcHmEwzN-DYhTUz0_g/getUpdates "HTTP/1.1 200 OK"
2026-09-09 19:43:20,194 INFO httpx :: HTTP Request: POST https://api.telegram.org/bot8922337295:AAGdhYJVOyWzGttzxBcHmEwzN-DYhTUz0_g/getUpdates "HTTP/1.1 200 OK"
2026-09-09 19:43:30,392 INFO httpx :: HTTP Request: POST https://api.telegram.org/bot8922337295:AAGdhYJVOyWzGttzxBcHmEwzN-DYhTUz0_g/getUpdates "HTTP/1.1 200 OK"
2026-09-09 19:43:40,593 INFO httpx :: HTTP Request: POST https://api.telegram.org/bot8922337295:AAGdhYJVOyWzGttzxBcHmEwzN-DYhTUz0_g/getUpdates "HTTP/1.1 200 OK"
2026-09-09 19:43:50,807 INFO httpx :: HTTP Request: POST https://api.telegram.org/bot8922337295:AAGdhYJVOyWzGttzxBcHmEwzN-DYhTUz0_g/getUpdates "HTTP/1.1 200 OK"
2026-09-09 19:44:00,977 INFO httpx :: HTTP Request: POST https://api.telegram.org/bot8922337295:AAGdhYJVOyWzGttzxBcHmEwzN-DYhTUz0_g/getUpdates "HTTP/1.1 200 OK"
2026-09-09 19:44:11,168 INFO httpx :: HTTP Request: POST https://api.telegram.org/bot8922337295:AAGdhYJVOyWzGttzxBcHmEwzN-DYhTUz0_g/getUpdates "HTTP/1.1 200 OK"
2026-09-09 19:44:21,347 INFO httpx :: HTTP Request: POST https://api.telegram.org/bot8922337295:AAGdhYJVOyWzGttzxBcHmEwzN-DYhTUz0_g/getUpdates "HTTP/1.1 200 OK"
2026-09-09 19:44:31,865 INFO httpx :: HTTP Request: POST https://api.telegram.org/bot8922337295:AAGdhYJVOyWzGttzxBcHmEwzN-DYhTUz0_g/getUpdates "HTTP/1.1 200 OK"
2026-09-09 19:44:42,082 INFO httpx :: HTTP Request: POST https://api.telegram.org/bot8922337295:AAGdhYJVOyWzGttzxBcHmEwzN-DYhTUz0_g/getUpdates "HTTP/1.1 200 OK"
2026-09-09 19:44:52,260 INFO httpx :: HTTP Request: POST https://api.telegram.org/bot8922337295:AAGdhYJVOyWzGttzxBcHmEwzN-DYhTUz0_g/getUpdates "HTTP/1.1 200 OK"
2026-09-09 19:45:02,470 INFO httpx :: HTTP Request: POST https://api.telegram.org/bot8922337295:AAGdhYJVOyWzGttzxBcHmEwzN-DYhTUz0_g/getUpdates "HTTP/1.1 200 OK"
2026-09-09 19:45:12,658 INFO httpx :: HTTP Request: POST https://api.telegram.org/bot8922337295:AAGdhYJVOyWzGttzxBcHmEwzN-DYhTUz0_g/getUpdates "HTTP/1.1 200 OK"
2026-09-09 19:45:22,850 INFO httpx :: HTTP Request: POST https://api.telegram.org/bot8922337295:AAGdhYJVOyWzGttzxBcHmEwzN-DYhTUz0_g/getUpdates "HTTP/1.1 200 OK"
2026-09-09 19:45:33,055 INFO httpx :: HTTP Request: POST https://api.telegram.org/bot8922337295:AAGdhYJVOyWzGttzxBcHmEwzN-DYhTUz0_g/getUpdates "HTTP/1.1 200 OK"
2026-09-09 19:45:43,269 INFO httpx :: HTTP Request: POST https://api.telegram.org/bot8922337295:AAGdhYJVOyWzGttzxBcHmEwzN-DYhTUz0_g/getUpdates "HTTP/1.1 200 OK"
2026-09-09 19:45:53,461 INFO httpx :: HTTP Request: POST https://api.telegram.org/bot8922337295:AAGdhYJVOyWzGttzxBcHmEwzN-DYhTUz0_g/getUpdates "HTTP/1.1 200 OK"
2026-09-09 19:46:03,659 INFO httpx :: HTTP Request: POST https://api.telegram.org/bot8922337295:AAGdhYJVOyWzGttzxBcHmEwzN-DYhTUz0_g/getUpdates "HTTP/1.1 200 OK"
2026-09-09 19:46:13,843 INFO httpx :: HTTP Request: POST https://api.telegram.org/bot8922337295:AAGdhYJVOyWzGttzxBcHmEwzN-DYhTUz0_g/getUpdates "HTTP/1.1 200 OK"
2026-09-09 19:46:24,374 INFO httpx :: HTTP Request: POST https://api.telegram.org/bot8922337295:AAGdhYJVOyWzGttzxBcHmEwzN-DYhTUz0_g/getUpdates "HTTP/1.1 200 OK"
2026-09-09 19:46:34,573 INFO httpx :: HTTP Request: POST https://api.telegram.org/bot8922337295:AAGdhYJVOyWzGttzxBcHmEwzN-DYhTUz0_g/getUpdates "HTTP/1.1 200 OK"
2026-09-09 19:46:44,810 INFO httpx :: HTTP Request: POST https://api.telegram.org/bot8922337295:AAGdhYJVOyWzGttzxBcHmEwzN-DYhTUz0_g/getUpdates "HTTP/1.1 200 OK"
2026-09-09 19:46:55,014 INFO httpx :: HTTP Request: POST https://api.telegram.org/bot8922337295:AAGdhYJVOyWzGttzxBcHmEwzN-DYhTUz0_g/getUpdates "HTTP/1.1 200 OK"
2026-09-09 19:47:05,498 INFO httpx :: HTTP Request: POST https://api.telegram.org/bot8922337295:AAGdhYJVOyWzGttzxBcHmEwzN-DYhTUz0_g/getUpdates "HTTP/1.1 200 OK"
2026-09-09 19:47:15,680 INFO httpx :: HTTP Request: POST https://api.telegram.org/bot8922337295:AAGdhYJVOyWzGttzxBcHmEwzN-DYhTUz0_g/getUpdates "HTTP/1.1 200 OK"
2026-09-09 19:47:25,868 INFO httpx :: HTTP Request: POST https://api.telegram.org/bot8922337295:AAGdhYJVOyWzGttzxBcHmEwzN-DYhTUz0_g/getUpdates "HTTP/1.1 200 OK"
2026-09-09 19:47:36,380 INFO httpx :: HTTP Request: POST https://api.telegram.org/bot8922337295:AAGdhYJVOyWzGttzxBcHmEwzN-DYhTUz0_g/getUpdates "HTTP/1.1 200 OK"
2026-09-09 19:47:46,598 INFO httpx :: HTTP Request: POST https://api.telegram.org/bot8922337295:AAGdhYJVOyWzGttzxBcHmEwzN-DYhTUz0_g/getUpdates "HTTP/1.1 200 OK"
2026-09-09 19:47:56,841 INFO httpx :: HTTP Request: POST https://api.telegram.org/bot8922337295:AAGdhYJVOyWzGttzxBcHmEwzN-DYhTUz0_g/getUpdates "HTTP/1.1 200 OK"
2026-09-09 19:48:07,047 INFO httpx :: HTTP Request: POST https://api.telegram.org/bot8922337295:AAGdhYJVOyWzGttzxBcHmEwzN-DYhTUz0_g/getUpdates "HTTP/1.1 200 OK"
2026-09-09 19:48:18,888 INFO httpx :: HTTP Request: POST https://api.telegram.org/bot8922337295:AAGdhYJVOyWzGttzxBcHmEwzN-DYhTUz0_g/getUpdates "HTTP/1.1 200 OK"
2026-09-09 19:48:30,045 INFO httpx :: HTTP Request: POST https://api.telegram.org/bot8922337295:AAGdhYJVOyWzGttzxBcHmEwzN-DYhTUz0_g/getUpdates "HTTP/1.1 200 OK"
2026-09-09 19:48:40,220 INFO httpx :: HTTP Request: POST https://api.telegram.org/bot8922337295:AAGdhYJVOyWzGttzxBcHmEwzN-DYhTUz0_g/getUpdates "HTTP/1.1 200 OK"
2026-09-09 19:48:50,389 INFO httpx :: HTTP Request: POST https://api.telegram.org/bot8922337295:AAGdhYJVOyWzGttzxBcHmEwzN-DYhTUz0_g/getUpdates "HTTP/1.1 200 OK"
2026-09-09 19:49:03,090 INFO httpx :: HTTP Request: POST https://api.telegram.org/bot8922337295:AAGdhYJVOyWzGttzxBcHmEwzN-DYhTUz0_g/getUpdates "HTTP/1.1 200 OK"
2026-09-09 19:49:14,023 INFO httpx :: HTTP Request: POST https://api.telegram.org/bot8922337295:AAGdhYJVOyWzGttzxBcHmEwzN-DYhTUz0_g/getUpdates "HTTP/1.1 200 OK"
2026-09-09 19:49:24,321 INFO httpx :: HTTP Request: POST https://api.telegram.org/bot8922337295:AAGdhYJVOyWzGttzxBcHmEwzN-DYhTUz0_g/getUpdates "HTTP/1.1 200 OK"
2026-09-09 19:49:35,576 INFO httpx :: HTTP Request: POST https://api.telegram.org/bot8922337295:AAGdhYJVOyWzGttzxBcHmEwzN-DYhTUz0_g/getUpdates "HTTP/1.1 200 OK"
2026-09-09 19:49:46,906 INFO httpx :: HTTP Request: POST https://api.telegram.org/bot8922337295:AAGdhYJVOyWzGttzxBcHmEwzN-DYhTUz0_g/getUpdates "HTTP/1.1 200 OK"
2026-09-09 19:49:57,514 INFO httpx :: HTTP Request: POST https://api.telegram.org/bot8922337295:AAGdhYJVOyWzGttzxBcHmEwzN-DYhTUz0_g/getUpdates "HTTP/1.1 200 OK"
2026-09-09 19:50:07,968 INFO httpx :: HTTP Request: POST https://api.telegram.org/bot8922337295:AAGdhYJVOyWzGttzxBcHmEwzN-DYhTUz0_g/getUpdates "HTTP/1.1 200 OK"
2026-09-09 19:50:18,413 INFO httpx :: HTTP Request: POST https://api.telegram.org/bot8922337295:AAGdhYJVOyWzGttzxBcHmEwzN-DYhTUz0_g/getUpdates "HTTP/1.1 200 OK"
2026-09-09 19:50:29,521 INFO httpx :: HTTP Request: POST https://api.telegram.org/bot8922337295:AAGdhYJVOyWzGttzxBcHmEwzN-DYhTUz0_g/getUpdates "HTTP/1.1 200 OK"
2026-09-09 19:50:40,453 INFO httpx :: HTTP Request: POST https://api.telegram.org/bot8922337295:AAGdhYJVOyWzGttzxBcHmEwzN-DYhTUz0_g/getUpdates "HTTP/1.1 200 OK"
2026-09-09 19:50:51,665 INFO httpx :: HTTP Request: POST https://api.telegram.org/bot8922337295:AAGdhYJVOyWzGttzxBcHmEwzN-DYhTUz0_g/getUpdates "HTTP/1.1 200 OK"
2026-09-09 19:51:02,981 INFO httpx :: HTTP Request: POST https://api.telegram.org/bot8922337295:AAGdhYJVOyWzGttzxBcHmEwzN-DYhTUz0_g/getUpdates "HTTP/1.1 200 OK"
2026-09-09 19:51:14,341 INFO httpx :: HTTP Request: POST https://api.telegram.org/bot8922337295:AAGdhYJVOyWzGttzxBcHmEwzN-DYhTUz0_g/getUpdates "HTTP/1.1 200 OK"
2026-09-09 19:51:26,267 INFO httpx :: HTTP Request: POST https://api.telegram.org/bot8922337295:AAGdhYJVOyWzGttzxBcHmEwzN-DYhTUz0_g/getUpdates "HTTP/1.1 200 OK"
2026-09-09 19:51:36,740 INFO httpx :: HTTP Request: POST https://api.telegram.org/bot8922337295:AAGdhYJVOyWzGttzxBcHmEwzN-DYhTUz0_g/getUpdates "HTTP/1.1 200 OK"
2026-09-09 19:51:50,303 INFO httpx :: HTTP Request: POST https://api.telegram.org/bot8922337295:AAGdhYJVOyWzGttzxBcHmEwzN-DYhTUz0_g/getUpdates "HTTP/1.1 200 OK"
2026-09-09 19:52:01,120 INFO httpx :: HTTP Request: POST https://api.telegram.org/bot8922337295:AAGdhYJVOyWzGttzxBcHmEwzN-DYhTUz0_g/getUpdates "HTTP/1.1 200 OK"
2026-09-09 19:52:28,573 INFO httpx :: HTTP Request: POST https://api.telegram.org/bot8922337295:AAGdhYJVOyWzGttzxBcHmEwzN-DYhTUz0_g/getUpdates "HTTP/1.1 200 OK"
2026-09-09 19:52:39,916 INFO httpx :: HTTP Request: POST https://api.telegram.org/bot8922337295:AAGdhYJVOyWzGttzxBcHmEwzN-DYhTUz0_g/getUpdates "HTTP/1.1 200 OK"
2026-09-09 19:52:51,176 INFO httpx :: HTTP Request: POST https://api.telegram.org/bot8922337295:AAGdhYJVOyWzGttzxBcHmEwzN-DYhTUz0_g/getUpdates "HTTP/1.1 200 OK"
2026-09-09 19:53:03,204 INFO httpx :: HTTP Request: POST https://api.telegram.org/bot8922337295:AAGdhYJVOyWzGttzxBcHmEwzN-DYhTUz0_g/getUpdates "HTTP/1.1 200 OK"
2026-09-09 19:53:32,327 INFO httpx :: HTTP Request: POST https://api.telegram.org/bot8922337295:AAGdhYJVOyWzGttzxBcHmEwzN-DYhTUz0_g/getUpdates "HTTP/1.1 200 OK"
2026-09-09 19:53:42,983 INFO httpx :: HTTP Request: POST https://api.telegram.org/bot8922337295:AAGdhYJVOyWzGttzxBcHmEwzN-DYhTUz0_g/getUpdates "HTTP/1.1 200 OK"
2026-09-09 19:53:56,273 INFO httpx :: HTTP Request: POST https://api.telegram.org/bot8922337295:AAGdhYJVOyWzGttzxBcHmEwzN-DYhTUz0_g/getUpdates "HTTP/1.1 200 OK"
2026-09-09 19:54:01,367 INFO httpx :: HTTP Request: POST https://api.telegram.org/bot8922337295:AAGdhYJVOyWzGttzxBcHmEwzN-DYhTUz0_g/getUpdates "HTTP/1.1 200 OK"
2026-09-09 19:54:02,637 INFO httpx :: HTTP Request: POST https://api.telegram.org/bot8922337295:AAGdhYJVOyWzGttzxBcHmEwzN-DYhTUz0_g/answerCallbackQuery "HTTP/1.1 200 OK"
2026-09-09 19:54:03,210 INFO httpx :: HTTP Request: POST https://api.telegram.org/bot8922337295:AAGdhYJVOyWzGttzxBcHmEwzN-DYhTUz0_g/sendChatAction "HTTP/1.1 200 OK"
2026-09-09 19:54:05,399 INFO httpx :: HTTP Request: POST https://api.telegram.org/bot8922337295:AAGdhYJVOyWzGttzxBcHmEwzN-DYhTUz0_g/sendMessage "HTTP/1.1 200 OK"
2026-09-09 19:54:08,477 INFO httpx :: HTTP Request: POST https://api.telegram.org/bot8922337295:AAGdhYJVOyWzGttzxBcHmEwzN-DYhTUz0_g/getUpdates "HTTP/1.1 200 OK"
2026-09-09 19:54:08,990 INFO httpx :: HTTP Request: POST https://api.telegram.org/bot8922337295:AAGdhYJVOyWzGttzxBcHmEwzN-DYhTUz0_g/answerCallbackQuery "HTTP/1.1 200 OK"
2026-09-09 19:54:09,848 INFO httpx :: HTTP Request: POST https://api.telegram.org/bot8922337295:AAGdhYJVOyWzGttzxBcHmEwzN-DYhTUz0_g/getUpdates "HTTP/1.1 200 OK"
2026-09-09 19:54:11,797 INFO httpx :: HTTP Request: POST https://api.telegram.org/bot8922337295:AAGdhYJVOyWzGttzxBcHmEwzN-DYhTUz0_g/sendChatAction "HTTP/1.1 200 OK"
2026-09-09 19:54:12,267 INFO httpx :: HTTP Request: POST https://api.telegram.org/bot8922337295:AAGdhYJVOyWzGttzxBcHmEwzN-DYhTUz0_g/sendMessage "HTTP/1.1 200 OK"
2026-09-09 19:54:13,516 INFO httpx :: HTTP Request: POST https://api.telegram.org/bot8922337295:AAGdhYJVOyWzGttzxBcHmEwzN-DYhTUz0_g/answerCallbackQuery "HTTP/1.1 200 OK"
2026-09-09 19:54:14,770 INFO httpx :: HTTP Request: POST https://api.telegram.org/bot8922337295:AAGdhYJVOyWzGttzxBcHmEwzN-DYhTUz0_g/sendChatAction "HTTP/1.1 200 OK"
2026-09-09 19:54:15,218 INFO httpx :: HTTP Request: POST https://api.telegram.org/bot8922337295:AAGdhYJVOyWzGttzxBcHmEwzN-DYhTUz0_g/sendMessage "HTTP/1.1 200 OK"
2026-09-09 19:54:21,779 INFO httpx :: HTTP Request: POST https://api.telegram.org/bot8922337295:AAGdhYJVOyWzGttzxBcHmEwzN-DYhTUz0_g/getUpdates "HTTP/1.1 200 OK"
2026-09-09 19:54:32,387 INFO httpx :: HTTP Request: POST https://api.telegram.org/bot8922337295:AAGdhYJVOyWzGttzxBcHmEwzN-DYhTUz0_g/getUpdates "HTTP/1.1 200 OK"
2026-09-09 19:54:36,782 INFO httpx :: HTTP Request: POST https://api.telegram.org/bot8922337295:AAGdhYJVOyWzGttzxBcHmEwzN-DYhTUz0_g/getUpdates "HTTP/1.1 200 OK"
2026-09-09 19:54:40,510 INFO httpx :: HTTP Request: POST https://api.telegram.org/bot8922337295:AAGdhYJVOyWzGttzxBcHmEwzN-DYhTUz0_g/getUpdates "HTTP/1.1 200 OK"
2026-09-09 19:54:42,231 ERROR finmentor.bot :: bot handler failed: Timed out
Traceback (most recent call last):
  File "C:\Users\sajjadlh8\AppData\Local\Programs\Python\Python311\Lib\site-packages\httpx\_transports\default.py", line 101, in map_httpcore_exceptions
    yield
  File "C:\Users\sajjadlh8\AppData\Local\Programs\Python\Python311\Lib\site-packages\httpx\_transports\default.py", line 394, in handle_async_request
    resp = await self._pool.handle_async_request(req)
           ^^^^^^^^^^^^^^^^^^^^^^^^^^^^^^^^^^^^^^^^^^
  File "C:\Users\sajjadlh8\AppData\Local\Programs\Python\Python311\Lib\site-packages\httpcore\_async\connection_pool.py", line 256, in handle_async_request
    raise exc from None
  File "C:\Users\sajjadlh8\AppData\Local\Programs\Python\Python311\Lib\site-packages\httpcore\_async\connection_pool.py", line 236, in handle_async_request
    response = await connection.handle_async_request(
               ^^^^^^^^^^^^^^^^^^^^^^^^^^^^^^^^^^^^^^
  File "C:\Users\sajjadlh8\AppData\Local\Programs\Python\Python311\Lib\site-packages\httpcore\_async\connection.py", line 101, in handle_async_request
    raise exc
  File "C:\Users\sajjadlh8\AppData\Local\Programs\Python\Python311\Lib\site-packages\httpcore\_async\connection.py", line 78, in handle_async_request
    stream = await self._connect(request)
             ^^^^^^^^^^^^^^^^^^^^^^^^^^^^
  File "C:\Users\sajjadlh8\AppData\Local\Programs\Python\Python311\Lib\site-packages\httpcore\_async\connection.py", line 156, in _connect
    stream = await stream.start_tls(**kwargs)
             ^^^^^^^^^^^^^^^^^^^^^^^^^^^^^^^^
  File "C:\Users\sajjadlh8\AppData\Local\Programs\Python\Python311\Lib\site-packages\httpcore\_backends\anyio.py", line 67, in start_tls
    with map_exceptions(exc_map):
  File "C:\Users\sajjadlh8\AppData\Local\Programs\Python\Python311\Lib\contextlib.py", line 155, in __exit__
    self.gen.throw(typ, value, traceback)
  File "C:\Users\sajjadlh8\AppData\Local\Programs\Python\Python311\Lib\site-packages\httpcore\_exceptions.py", line 14, in map_exceptions
    raise to_exc(exc) from exc
httpcore.ConnectTimeout

The above exception was the direct cause of the following exception:

Traceback (most recent call last):
  File "C:\Users\sajjadlh8\AppData\Local\Programs\Python\Python311\Lib\site-packages\telegram\request\_httpxrequest.py", line 292, in do_request
    res = await self._client.request(
          ^^^^^^^^^^^^^^^^^^^^^^^^^^^
  File "C:\Users\sajjadlh8\AppData\Local\Programs\Python\Python311\Lib\site-packages\httpx\_client.py", line 1540, in request
    return await self.send(request, auth=auth, follow_redirects=follow_redirects)
           ^^^^^^^^^^^^^^^^^^^^^^^^^^^^^^^^^^^^^^^^^^^^^^^^^^^^^^^^^^^^^^^^^^^^^^
  File "C:\Users\sajjadlh8\AppData\Local\Programs\Python\Python311\Lib\site-packages\httpx\_client.py", line 1629, in send
    response = await self._send_handling_auth(
               ^^^^^^^^^^^^^^^^^^^^^^^^^^^^^^^
  File "C:\Users\sajjadlh8\AppData\Local\Programs\Python\Python311\Lib\site-packages\httpx\_client.py", line 1657, in _send_handling_auth
    response = await self._send_handling_redirects(
               ^^^^^^^^^^^^^^^^^^^^^^^^^^^^^^^^^^^^
  File "C:\Users\sajjadlh8\AppData\Local\Programs\Python\Python311\Lib\site-packages\httpx\_client.py", line 1694, in _send_handling_redirects
    response = await self._send_single_request(request)
               ^^^^^^^^^^^^^^^^^^^^^^^^^^^^^^^^^^^^^^^^
  File "C:\Users\sajjadlh8\AppData\Local\Programs\Python\Python311\Lib\site-packages\httpx\_client.py", line 1730, in _send_single_request
    response = await transport.handle_async_request(request)
               ^^^^^^^^^^^^^^^^^^^^^^^^^^^^^^^^^^^^^^^^^^^^^
  File "C:\Users\sajjadlh8\AppData\Local\Programs\Python\Python311\Lib\site-packages\httpx\_transports\default.py", line 393, in handle_async_request
    with map_httpcore_exceptions():
  File "C:\Users\sajjadlh8\AppData\Local\Programs\Python\Python311\Lib\contextlib.py", line 155, in __exit__
    self.gen.throw(typ, value, traceback)
  File "C:\Users\sajjadlh8\AppData\Local\Programs\Python\Python311\Lib\site-packages\httpx\_transports\default.py", line 118, in map_httpcore_exceptions
    raise mapped_exc(message) from exc
httpx.ConnectTimeout

The above exception was the direct cause of the following exception:

Traceback (most recent call last):
  File "C:\Users\sajjadlh8\AppData\Local\Programs\Python\Python311\Lib\site-packages\telegram\ext\_application.py", line 1335, in process_update
    await coroutine
  File "C:\Users\sajjadlh8\AppData\Local\Programs\Python\Python311\Lib\site-packages\telegram\ext\_handlers\basehandler.py", line 158, in handle_update
    return await self.callback(update, context)
           ^^^^^^^^^^^^^^^^^^^^^^^^^^^^^^^^^^^^
  File "D:\finmentor\finmentor\app\bot\handlers.py", line 190, in start
    def _ask_payload(user_id: int, question: str) -> str:
            ^^^^^^^^^^^^^^^^^^^^^^^^^^^^^^^^^^^^^^
  File "D:\finmentor\finmentor\app\bot\handlers.py", line 54, in _reply
    await update.effective_message.reply_text(
  File "C:\Users\sajjadlh8\AppData\Local\Programs\Python\Python311\Lib\site-packages\telegram\_message.py", line 1762, in reply_text
    return await self.get_bot().send_message(
           ^^^^^^^^^^^^^^^^^^^^^^^^^^^^^^^^^^
  File "C:\Users\sajjadlh8\AppData\Local\Programs\Python\Python311\Lib\site-packages\telegram\ext\_extbot.py", line 2909, in send_message
    return await super().send_message(
           ^^^^^^^^^^^^^^^^^^^^^^^^^^^
  File "C:\Users\sajjadlh8\AppData\Local\Programs\Python\Python311\Lib\site-packages\telegram\_bot.py", line 1029, in send_message
    return await self._send_message(
           ^^^^^^^^^^^^^^^^^^^^^^^^^
  File "C:\Users\sajjadlh8\AppData\Local\Programs\Python\Python311\Lib\site-packages\telegram\ext\_extbot.py", line 610, in _send_message
    result = await super()._send_message(
             ^^^^^^^^^^^^^^^^^^^^^^^^^^^^
  File "C:\Users\sajjadlh8\AppData\Local\Programs\Python\Python311\Lib\site-packages\telegram\_bot.py", line 745, in _send_message
    result = await self._post(
             ^^^^^^^^^^^^^^^^^
  File "C:\Users\sajjadlh8\AppData\Local\Programs\Python\Python311\Lib\site-packages\telegram\_bot.py", line 623, in _post
    return await self._do_post(
           ^^^^^^^^^^^^^^^^^^^^
  File "C:\Users\sajjadlh8\AppData\Local\Programs\Python\Python311\Lib\site-packages\telegram\ext\_extbot.py", line 355, in _do_post
    return await super()._do_post(
           ^^^^^^^^^^^^^^^^^^^^^^^
  File "C:\Users\sajjadlh8\AppData\Local\Programs\Python\Python311\Lib\site-packages\telegram\_bot.py", line 652, in _do_post
    result = await request.post(
             ^^^^^^^^^^^^^^^^^^^
  File "C:\Users\sajjadlh8\AppData\Local\Programs\Python\Python311\Lib\site-packages\telegram\request\_baserequest.py", line 201, in post
    result = await self._request_wrapper(
             ^^^^^^^^^^^^^^^^^^^^^^^^^^^^
  File "C:\Users\sajjadlh8\AppData\Local\Programs\Python\Python311\Lib\site-packages\telegram\request\_baserequest.py", line 333, in _request_wrapper
    code, payload = await self.do_request(
                    ^^^^^^^^^^^^^^^^^^^^^^
  File "C:\Users\sajjadlh8\AppData\Local\Programs\Python\Python311\Lib\site-packages\telegram\request\_httpxrequest.py", line 309, in do_request
    raise TimedOut from err
telegram.error.TimedOut: Timed out
2026-09-09 19:54:44,872 INFO httpx :: HTTP Request: POST https://api.telegram.org/bot8922337295:AAGdhYJVOyWzGttzxBcHmEwzN-DYhTUz0_g/sendMessage "HTTP/1.1 200 OK"
2026-09-09 19:54:46,211 INFO httpx :: HTTP Request: POST https://api.telegram.org/bot8922337295:AAGdhYJVOyWzGttzxBcHmEwzN-DYhTUz0_g/answerCallbackQuery "HTTP/1.1 200 OK"
2026-09-09 19:54:46,469 INFO httpx :: HTTP Request: POST https://api.telegram.org/bot8922337295:AAGdhYJVOyWzGttzxBcHmEwzN-DYhTUz0_g/sendChatAction "HTTP/1.1 200 OK"
2026-09-09 19:54:46,951 INFO httpx :: HTTP Request: POST https://api.telegram.org/bot8922337295:AAGdhYJVOyWzGttzxBcHmEwzN-DYhTUz0_g/sendMessage "HTTP/1.1 200 OK"
2026-09-09 19:54:51,017 INFO httpx :: HTTP Request: POST https://api.telegram.org/bot8922337295:AAGdhYJVOyWzGttzxBcHmEwzN-DYhTUz0_g/getUpdates "HTTP/1.1 200 OK"
2026-09-09 19:55:02,063 INFO httpx :: HTTP Request: POST https://api.telegram.org/bot8922337295:AAGdhYJVOyWzGttzxBcHmEwzN-DYhTUz0_g/getUpdates "HTTP/1.1 200 OK"
2026-09-09 19:55:12,488 INFO httpx :: HTTP Request: POST https://api.telegram.org/bot8922337295:AAGdhYJVOyWzGttzxBcHmEwzN-DYhTUz0_g/getUpdates "HTTP/1.1 200 OK"
2026-09-09 19:55:22,780 INFO httpx :: HTTP Request: POST https://api.telegram.org/bot8922337295:AAGdhYJVOyWzGttzxBcHmEwzN-DYhTUz0_g/getUpdates "HTTP/1.1 200 OK"
2026-09-09 19:55:24,922 INFO httpx :: HTTP Request: POST https://api.telegram.org/bot8922337295:AAGdhYJVOyWzGttzxBcHmEwzN-DYhTUz0_g/getUpdates "HTTP/1.1 200 OK"
2026-09-09 19:55:28,591 INFO httpx :: HTTP Request: POST https://api.telegram.org/bot8922337295:AAGdhYJVOyWzGttzxBcHmEwzN-DYhTUz0_g/sendMessage "HTTP/1.1 200 OK"
2026-09-09 19:55:28,836 INFO httpx :: HTTP Request: POST https://api.telegram.org/bot8922337295:AAGdhYJVOyWzGttzxBcHmEwzN-DYhTUz0_g/sendMessage "HTTP/1.1 200 OK"
2026-09-09 19:55:39,554 INFO httpx :: HTTP Request: POST https://api.telegram.org/bot8922337295:AAGdhYJVOyWzGttzxBcHmEwzN-DYhTUz0_g/getUpdates "HTTP/1.1 200 OK"
2026-09-09 19:55:48,761 INFO httpx :: HTTP Request: POST https://api.telegram.org/bot8922337295:AAGdhYJVOyWzGttzxBcHmEwzN-DYhTUz0_g/getUpdates "HTTP/1.1 200 OK"
2026-09-09 19:55:53,948 INFO httpx :: HTTP Request: POST https://api.telegram.org/bot8922337295:AAGdhYJVOyWzGttzxBcHmEwzN-DYhTUz0_g/sendMessage "HTTP/1.1 200 OK"
2026-09-09 19:55:59,352 INFO httpx :: HTTP Request: POST https://api.telegram.org/bot8922337295:AAGdhYJVOyWzGttzxBcHmEwzN-DYhTUz0_g/getUpdates "HTTP/1.1 200 OK"
2026-09-09 19:56:01,988 INFO httpx :: HTTP Request: POST https://api.telegram.org/bot8922337295:AAGdhYJVOyWzGttzxBcHmEwzN-DYhTUz0_g/getUpdates "HTTP/1.1 200 OK"
2026-09-09 19:56:03,777 INFO httpx :: HTTP Request: POST https://api.telegram.org/bot8922337295:AAGdhYJVOyWzGttzxBcHmEwzN-DYhTUz0_g/answerCallbackQuery "HTTP/1.1 200 OK"
2026-09-09 19:56:04,001 INFO httpx :: HTTP Request: POST https://api.telegram.org/bot8922337295:AAGdhYJVOyWzGttzxBcHmEwzN-DYhTUz0_g/sendMessage "HTTP/1.1 200 OK"
2026-09-09 19:56:12,502 INFO httpx :: HTTP Request: POST https://api.telegram.org/bot8922337295:AAGdhYJVOyWzGttzxBcHmEwzN-DYhTUz0_g/getUpdates "HTTP/1.1 200 OK"
2026-09-09 19:56:23,023 INFO httpx :: HTTP Request: POST https://api.telegram.org/bot8922337295:AAGdhYJVOyWzGttzxBcHmEwzN-DYhTUz0_g/getUpdates "HTTP/1.1 200 OK"
2026-09-09 19:56:33,455 INFO httpx :: HTTP Request: POST https://api.telegram.org/bot8922337295:AAGdhYJVOyWzGttzxBcHmEwzN-DYhTUz0_g/getUpdates "HTTP/1.1 200 OK"
2026-09-09 19:56:35,119 INFO httpx :: HTTP Request: POST https://api.telegram.org/bot8922337295:AAGdhYJVOyWzGttzxBcHmEwzN-DYhTUz0_g/answerCallbackQuery "HTTP/1.1 200 OK"
2026-09-09 19:56:36,152 INFO httpx :: HTTP Request: POST https://api.telegram.org/bot8922337295:AAGdhYJVOyWzGttzxBcHmEwzN-DYhTUz0_g/sendMessage "HTTP/1.1 200 OK"
2026-09-09 19:56:44,400 INFO httpx :: HTTP Request: POST https://api.telegram.org/bot8922337295:AAGdhYJVOyWzGttzxBcHmEwzN-DYhTUz0_g/getUpdates "HTTP/1.1 200 OK"
2026-09-09 19:56:55,014 INFO httpx :: HTTP Request: POST https://api.telegram.org/bot8922337295:AAGdhYJVOyWzGttzxBcHmEwzN-DYhTUz0_g/getUpdates "HTTP/1.1 200 OK"
2026-09-09 19:57:06,313 INFO httpx :: HTTP Request: POST https://api.telegram.org/bot8922337295:AAGdhYJVOyWzGttzxBcHmEwzN-DYhTUz0_g/getUpdates "HTTP/1.1 200 OK"
2026-09-09 19:57:17,895 INFO httpx :: HTTP Request: POST https://api.telegram.org/bot8922337295:AAGdhYJVOyWzGttzxBcHmEwzN-DYhTUz0_g/getUpdates "HTTP/1.1 200 OK"
2026-09-09 19:57:28,276 INFO httpx :: HTTP Request: POST https://api.telegram.org/bot8922337295:AAGdhYJVOyWzGttzxBcHmEwzN-DYhTUz0_g/getUpdates "HTTP/1.1 200 OK"
2026-09-09 19:57:39,523 INFO httpx :: HTTP Request: POST https://api.telegram.org/bot8922337295:AAGdhYJVOyWzGttzxBcHmEwzN-DYhTUz0_g/getUpdates "HTTP/1.1 200 OK"
2026-09-09 19:57:50,511 INFO httpx :: HTTP Request: POST https://api.telegram.org/bot8922337295:AAGdhYJVOyWzGttzxBcHmEwzN-DYhTUz0_g/getUpdates "HTTP/1.1 200 OK"
2026-09-09 19:57:58,669 INFO httpx :: HTTP Request: POST https://api.telegram.org/bot8922337295:AAGdhYJVOyWzGttzxBcHmEwzN-DYhTUz0_g/getUpdates "HTTP/1.1 200 OK"
2026-09-09 19:58:01,139 INFO httpx :: HTTP Request: POST https://api.telegram.org/bot8922337295:AAGdhYJVOyWzGttzxBcHmEwzN-DYhTUz0_g/answerCallbackQuery "HTTP/1.1 200 OK"
2026-09-09 19:58:01,727 INFO httpx :: HTTP Request: POST https://api.telegram.org/bot8922337295:AAGdhYJVOyWzGttzxBcHmEwzN-DYhTUz0_g/sendMessage "HTTP/1.1 200 OK"
2026-09-09 19:58:08,937 INFO httpx :: HTTP Request: POST https://api.telegram.org/bot8922337295:AAGdhYJVOyWzGttzxBcHmEwzN-DYhTUz0_g/getUpdates "HTTP/1.1 200 OK"
2026-09-09 19:58:19,306 INFO httpx :: HTTP Request: POST https://api.telegram.org/bot8922337295:AAGdhYJVOyWzGttzxBcHmEwzN-DYhTUz0_g/getUpdates "HTTP/1.1 200 OK"
2026-09-09 19:58:46,133 INFO httpx :: HTTP Request: POST https://api.telegram.org/bot8922337295:AAGdhYJVOyWzGttzxBcHmEwzN-DYhTUz0_g/getUpdates "HTTP/1.1 200 OK"
2026-09-09 19:58:46,139 ERROR finmentor.bot :: bot handler failed: (psycopg.errors.UndefinedTable) relation "users" does not exist at character 223
[SQL: SELECT users.id AS users_id, users.telegram_id AS users_telegram_id, users.locale AS users_locale, users.risk_profile AS users_risk_profile, users.created_at AS users_created_at, users.updated_at AS users_updated_at 
FROM users 
WHERE users.id = %(pk_1)s::INTEGER]
[parameters: {'pk_1': 4}]
(Background on this error at: https://sqlalche.me/e/20/f405)
Traceback (most recent call last):
  File "C:\Users\sajjadlh8\AppData\Local\Programs\Python\Python311\Lib\site-packages\sqlalchemy\engine\base.py", line 1969, in _exec_single_context
    self.dialect.do_execute(
  File "C:\Users\sajjadlh8\AppData\Local\Programs\Python\Python311\Lib\site-packages\sqlalchemy\engine\default.py", line 952, in do_execute
    cursor.execute(statement, parameters)
  File "C:\Users\sajjadlh8\AppData\Local\Programs\Python\Python311\Lib\site-packages\psycopg\cursor.py", line 117, in execute
    raise ex.with_traceback(None)
psycopg.errors.UndefinedTable: relation "users" does not exist at character 223

The above exception was the direct cause of the following exception:

Traceback (most recent call last):
  File "C:\Users\sajjadlh8\AppData\Local\Programs\Python\Python311\Lib\site-packages\telegram\ext\_application.py", line 1335, in process_update
    await coroutine
  File "C:\Users\sajjadlh8\AppData\Local\Programs\Python\Python311\Lib\site-packages\telegram\ext\_handlers\basehandler.py", line 158, in handle_update
    return await self.callback(update, context)
           ^^^^^^^^^^^^^^^^^^^^^^^^^^^^^^^^^^^^
  File "D:\finmentor\finmentor\app\bot\handlers.py", line 327, in free_text
    note=messages.CALCULATING, keyboard=keyboards.simulate_menu())
    ^^^^^^^^^^^^^^^^^^^^^^^^^^^^^^^^^
  File "D:\finmentor\finmentor\app\bot\handlers.py", line 276, in _run_ask
  File "D:\finmentor\finmentor\app\bot\handlers.py", line 84, in _needs_profile
    `/ask` needs this rather than `_lookup_user`: someone who has not onboarded
           ^^^^^^^^^^^^^^^^^^^^^^^^^^^^^^^^^^^^^^^^^^^^^^^^^^^^^^^^^^^^^^^^^^^^
  File "C:\Users\sajjadlh8\AppData\Local\Programs\Python\Python311\Lib\asyncio\threads.py", line 25, in to_thread
    return await loop.run_in_executor(None, func_call)
           ^^^^^^^^^^^^^^^^^^^^^^^^^^^^^^^^^^^^^^^^^^^
  File "C:\Users\sajjadlh8\AppData\Local\Programs\Python\Python311\Lib\concurrent\futures\thread.py", line 58, in run
    result = self.fn(*self.args, **self.kwargs)
             ^^^^^^^^^^^^^^^^^^^^^^^^^^^^^^^^^^
  File "D:\finmentor\finmentor\app\bot\handlers.py", line 78, in _lookup_user
    return user_id if onboarded else None
                  ^^^^^^^^^^^^^^^^^^^^^^^
  File "D:\finmentor\finmentor\app\bot\context.py", line 57, in resolve_user_id
    if cached is not None and users_repo.get(db, cached) is not None:
                              ^^^^^^^^^^^^^^^^^^^^^^^^^^
  File "D:\finmentor\finmentor\app\repositories\users.py", line 11, in get
    return db.get(User, user_id)
           ^^^^^^^^^^^^^^^^^^^^^
  File "C:\Users\sajjadlh8\AppData\Local\Programs\Python\Python311\Lib\site-packages\sqlalchemy\orm\session.py", line 3702, in get
    return self._get_impl(
           ^^^^^^^^^^^^^^^
  File "C:\Users\sajjadlh8\AppData\Local\Programs\Python\Python311\Lib\site-packages\sqlalchemy\orm\session.py", line 3881, in _get_impl
    return db_load_fn(
           ^^^^^^^^^^^
  File "C:\Users\sajjadlh8\AppData\Local\Programs\Python\Python311\Lib\site-packages\sqlalchemy\orm\loading.py", line 695, in load_on_pk_identity
    session.execute(
  File "C:\Users\sajjadlh8\AppData\Local\Programs\Python\Python311\Lib\site-packages\sqlalchemy\orm\session.py", line 2373, in execute
    return self._execute_internal(
           ^^^^^^^^^^^^^^^^^^^^^^^
  File "C:\Users\sajjadlh8\AppData\Local\Programs\Python\Python311\Lib\site-packages\sqlalchemy\orm\session.py", line 2271, in _execute_internal
    result: Result[Any] = compile_state_cls.orm_execute_statement(
                          ^^^^^^^^^^^^^^^^^^^^^^^^^^^^^^^^^^^^^^^^
  File "C:\Users\sajjadlh8\AppData\Local\Programs\Python\Python311\Lib\site-packages\sqlalchemy\orm\context.py", line 306, in orm_execute_statement
    result = conn.execute(
             ^^^^^^^^^^^^^
  File "C:\Users\sajjadlh8\AppData\Local\Programs\Python\Python311\Lib\site-packages\sqlalchemy\engine\base.py", line 1421, in execute
    return meth(
           ^^^^^
  File "C:\Users\sajjadlh8\AppData\Local\Programs\Python\Python311\Lib\site-packages\sqlalchemy\sql\elements.py", line 526, in _execute_on_connection
    return connection._execute_clauseelement(
           ^^^^^^^^^^^^^^^^^^^^^^^^^^^^^^^^^^
  File "C:\Users\sajjadlh8\AppData\Local\Programs\Python\Python311\Lib\site-packages\sqlalchemy\engine\base.py", line 1643, in _execute_clauseelement
    ret = self._execute_context(
          ^^^^^^^^^^^^^^^^^^^^^^
  File "C:\Users\sajjadlh8\AppData\Local\Programs\Python\Python311\Lib\site-packages\sqlalchemy\engine\base.py", line 1848, in _execute_context
    return self._exec_single_context(
           ^^^^^^^^^^^^^^^^^^^^^^^^^^
  File "C:\Users\sajjadlh8\AppData\Local\Programs\Python\Python311\Lib\site-packages\sqlalchemy\engine\base.py", line 1988, in _exec_single_context
    self._handle_dbapi_exception(
  File "C:\Users\sajjadlh8\AppData\Local\Programs\Python\Python311\Lib\site-packages\sqlalchemy\engine\base.py", line 2365, in _handle_dbapi_exception
    raise sqlalchemy_exception.with_traceback(exc_info[2]) from e
  File "C:\Users\sajjadlh8\AppData\Local\Programs\Python\Python311\Lib\site-packages\sqlalchemy\engine\base.py", line 1969, in _exec_single_context
    self.dialect.do_execute(
  File "C:\Users\sajjadlh8\AppData\Local\Programs\Python\Python311\Lib\site-packages\sqlalchemy\engine\default.py", line 952, in do_execute
    cursor.execute(statement, parameters)
  File "C:\Users\sajjadlh8\AppData\Local\Programs\Python\Python311\Lib\site-packages\psycopg\cursor.py", line 117, in execute
    raise ex.with_traceback(None)
sqlalchemy.exc.ProgrammingError: (psycopg.errors.UndefinedTable) relation "users" does not exist at character 223
[SQL: SELECT users.id AS users_id, users.telegram_id AS users_telegram_id, users.locale AS users_locale, users.risk_profile AS users_risk_profile, users.created_at AS users_created_at, users.updated_at AS users_updated_at 
FROM users 
WHERE users.id = %(pk_1)s::INTEGER]
[parameters: {'pk_1': 4}]
(Background on this error at: https://sqlalche.me/e/20/f405)
2026-09-09 19:58:48,375 INFO httpx :: HTTP Request: POST https://api.telegram.org/bot8922337295:AAGdhYJVOyWzGttzxBcHmEwzN-DYhTUz0_g/sendMessage "HTTP/1.1 200 OK"
2026-09-09 19:58:56,384 INFO httpx :: HTTP Request: POST https://api.telegram.org/bot8922337295:AAGdhYJVOyWzGttzxBcHmEwzN-DYhTUz0_g/getUpdates "HTTP/1.1 200 OK"
2026-09-09 19:59:07,827 INFO httpx :: HTTP Request: POST https://api.telegram.org/bot8922337295:AAGdhYJVOyWzGttzxBcHmEwzN-DYhTUz0_g/getUpdates "HTTP/1.1 200 OK"
2026-09-09 19:59:10,740 INFO httpx :: HTTP Request: POST https://api.telegram.org/bot8922337295:AAGdhYJVOyWzGttzxBcHmEwzN-DYhTUz0_g/getUpdates "HTTP/1.1 200 OK"
2026-09-09 19:59:13,032 INFO httpx :: HTTP Request: POST https://api.telegram.org/bot8922337295:AAGdhYJVOyWzGttzxBcHmEwzN-DYhTUz0_g/answerCallbackQuery "HTTP/1.1 200 OK"
2026-09-09 19:59:13,036 ERROR finmentor.bot :: bot handler failed: (psycopg.errors.UndefinedTable) relation "users" does not exist
LINE 2: FROM users 
             ^
[SQL: SELECT users.id AS users_id, users.telegram_id AS users_telegram_id, users.locale AS users_locale, users.risk_profile AS users_risk_profile, users.created_at AS users_created_at, users.updated_at AS users_updated_at 
FROM users 
WHERE users.id = %(pk_1)s::INTEGER]
[parameters: {'pk_1': 4}]
(Background on this error at: https://sqlalche.me/e/20/f405)
Traceback (most recent call last):
  File "C:\Users\sajjadlh8\AppData\Local\Programs\Python\Python311\Lib\site-packages\sqlalchemy\engine\base.py", line 1969, in _exec_single_context
    self.dialect.do_execute(
  File "C:\Users\sajjadlh8\AppData\Local\Programs\Python\Python311\Lib\site-packages\sqlalchemy\engine\default.py", line 952, in do_execute
    cursor.execute(statement, parameters)
  File "C:\Users\sajjadlh8\AppData\Local\Programs\Python\Python311\Lib\site-packages\psycopg\cursor.py", line 117, in execute
    raise ex.with_traceback(None)
psycopg.errors.UndefinedTable: relation "users" does not exist
LINE 2: FROM users 
             ^

The above exception was the direct cause of the following exception:

Traceback (most recent call last):
  File "C:\Users\sajjadlh8\AppData\Local\Programs\Python\Python311\Lib\site-packages\telegram\ext\_application.py", line 1335, in process_update
    await coroutine
  File "C:\Users\sajjadlh8\AppData\Local\Programs\Python\Python311\Lib\site-packages\telegram\ext\_handlers\basehandler.py", line 158, in handle_update
    return await self.callback(update, context)
           ^^^^^^^^^^^^^^^^^^^^^^^^^^^^^^^^^^^^
  File "D:\finmentor\finmentor\app\bot\handlers.py", line 338, in on_callback
    if pending == "whatif":
        ^^^^^^^^^^^^^^^^^^^
  File "D:\finmentor\finmentor\app\bot\handlers.py", line 363, in _menu_callback
    await _quiz_callback(update, ctx, action, arg)
    ^^^^^^^^^^^^^^^^^^^^^^^^^
  File "D:\finmentor\finmentor\app\bot\handlers.py", line 242, in market
    async def simulate(update: Update, ctx: ContextTypes.DEFAULT_TYPE) -> None:
        ^^^^^^^^^^^^^^^^^^^^^^^^^^^^^^^^^^^^^^^^^^^^^^^^^^^^^^^^^^^^^^^^^^^^^^^
  File "D:\finmentor\finmentor\app\bot\handlers.py", line 204, in _guarded
    await _reply(update, messages.MENU_PROMPT, keyboards.main_menu())
              ^^^^^^^^^^^^^^^^^^^^^^^^^^^^^^^^^
  File "D:\finmentor\finmentor\app\bot\handlers.py", line 84, in _needs_profile
    `/ask` needs this rather than `_lookup_user`: someone who has not onboarded
           ^^^^^^^^^^^^^^^^^^^^^^^^^^^^^^^^^^^^^^^^^^^^^^^^^^^^^^^^^^^^^^^^^^^^
  File "C:\Users\sajjadlh8\AppData\Local\Programs\Python\Python311\Lib\asyncio\threads.py", line 25, in to_thread
    return await loop.run_in_executor(None, func_call)
           ^^^^^^^^^^^^^^^^^^^^^^^^^^^^^^^^^^^^^^^^^^^
  File "C:\Users\sajjadlh8\AppData\Local\Programs\Python\Python311\Lib\concurrent\futures\thread.py", line 58, in run
    result = self.fn(*self.args, **self.kwargs)
             ^^^^^^^^^^^^^^^^^^^^^^^^^^^^^^^^^^
  File "D:\finmentor\finmentor\app\bot\handlers.py", line 78, in _lookup_user
    return user_id if onboarded else None
                  ^^^^^^^^^^^^^^^^^^^^^^^
  File "D:\finmentor\finmentor\app\bot\context.py", line 57, in resolve_user_id
    if cached is not None and users_repo.get(db, cached) is not None:
                              ^^^^^^^^^^^^^^^^^^^^^^^^^^
  File "D:\finmentor\finmentor\app\repositories\users.py", line 11, in get
    return db.get(User, user_id)
           ^^^^^^^^^^^^^^^^^^^^^
  File "C:\Users\sajjadlh8\AppData\Local\Programs\Python\Python311\Lib\site-packages\sqlalchemy\orm\session.py", line 3702, in get
    return self._get_impl(
           ^^^^^^^^^^^^^^^
  File "C:\Users\sajjadlh8\AppData\Local\Programs\Python\Python311\Lib\site-packages\sqlalchemy\orm\session.py", line 3881, in _get_impl
    return db_load_fn(
           ^^^^^^^^^^^
  File "C:\Users\sajjadlh8\AppData\Local\Programs\Python\Python311\Lib\site-packages\sqlalchemy\orm\loading.py", line 695, in load_on_pk_identity
    session.execute(
  File "C:\Users\sajjadlh8\AppData\Local\Programs\Python\Python311\Lib\site-packages\sqlalchemy\orm\session.py", line 2373, in execute
    return self._execute_internal(
           ^^^^^^^^^^^^^^^^^^^^^^^
  File "C:\Users\sajjadlh8\AppData\Local\Programs\Python\Python311\Lib\site-packages\sqlalchemy\orm\session.py", line 2271, in _execute_internal
    result: Result[Any] = compile_state_cls.orm_execute_statement(
                          ^^^^^^^^^^^^^^^^^^^^^^^^^^^^^^^^^^^^^^^^
  File "C:\Users\sajjadlh8\AppData\Local\Programs\Python\Python311\Lib\site-packages\sqlalchemy\orm\context.py", line 306, in orm_execute_statement
    result = conn.execute(
             ^^^^^^^^^^^^^
  File "C:\Users\sajjadlh8\AppData\Local\Programs\Python\Python311\Lib\site-packages\sqlalchemy\engine\base.py", line 1421, in execute
    return meth(
           ^^^^^
  File "C:\Users\sajjadlh8\AppData\Local\Programs\Python\Python311\Lib\site-packages\sqlalchemy\sql\elements.py", line 526, in _execute_on_connection
    return connection._execute_clauseelement(
           ^^^^^^^^^^^^^^^^^^^^^^^^^^^^^^^^^^
  File "C:\Users\sajjadlh8\AppData\Local\Programs\Python\Python311\Lib\site-packages\sqlalchemy\engine\base.py", line 1643, in _execute_clauseelement
    ret = self._execute_context(
          ^^^^^^^^^^^^^^^^^^^^^^
  File "C:\Users\sajjadlh8\AppData\Local\Programs\Python\Python311\Lib\site-packages\sqlalchemy\engine\base.py", line 1848, in _execute_context
    return self._exec_single_context(
           ^^^^^^^^^^^^^^^^^^^^^^^^^^
  File "C:\Users\sajjadlh8\AppData\Local\Programs\Python\Python311\Lib\site-packages\sqlalchemy\engine\base.py", line 1988, in _exec_single_context
    self._handle_dbapi_exception(
  File "C:\Users\sajjadlh8\AppData\Local\Programs\Python\Python311\Lib\site-packages\sqlalchemy\engine\base.py", line 2365, in _handle_dbapi_exception
    raise sqlalchemy_exception.with_traceback(exc_info[2]) from e
  File "C:\Users\sajjadlh8\AppData\Local\Programs\Python\Python311\Lib\site-packages\sqlalchemy\engine\base.py", line 1969, in _exec_single_context
    self.dialect.do_execute(
  File "C:\Users\sajjadlh8\AppData\Local\Programs\Python\Python311\Lib\site-packages\sqlalchemy\engine\default.py", line 952, in do_execute
    cursor.execute(statement, parameters)
  File "C:\Users\sajjadlh8\AppData\Local\Programs\Python\Python311\Lib\site-packages\psycopg\cursor.py", line 117, in execute
    raise ex.with_traceback(None)
sqlalchemy.exc.ProgrammingError: (psycopg.errors.UndefinedTable) relation "users" does not exist
LINE 2: FROM users 
             ^
[SQL: SELECT users.id AS users_id, users.telegram_id AS users_telegram_id, users.locale AS users_locale, users.risk_profile AS users_risk_profile, users.created_at AS users_created_at, users.updated_at AS users_updated_at 
FROM users 
WHERE users.id = %(pk_1)s::INTEGER]
[parameters: {'pk_1': 4}]
(Background on this error at: https://sqlalche.me/e/20/f405)
2026-09-09 19:59:13,913 INFO httpx :: HTTP Request: POST https://api.telegram.org/bot8922337295:AAGdhYJVOyWzGttzxBcHmEwzN-DYhTUz0_g/sendMessage "HTTP/1.1 200 OK"
2026-09-09 19:59:16,334 INFO httpx :: HTTP Request: POST https://api.telegram.org/bot8922337295:AAGdhYJVOyWzGttzxBcHmEwzN-DYhTUz0_g/getUpdates "HTTP/1.1 200 OK"
2026-09-09 19:59:16,692 INFO httpx :: HTTP Request: POST https://api.telegram.org/bot8922337295:AAGdhYJVOyWzGttzxBcHmEwzN-DYhTUz0_g/answerCallbackQuery "HTTP/1.1 200 OK"
2026-09-09 19:59:16,695 ERROR finmentor.bot :: bot handler failed: (psycopg.errors.UndefinedTable) relation "users" does not exist
LINE 2: FROM users 
             ^
[SQL: SELECT users.id AS users_id, users.telegram_id AS users_telegram_id, users.locale AS users_locale, users.risk_profile AS users_risk_profile, users.created_at AS users_created_at, users.updated_at AS users_updated_at 
FROM users 
WHERE users.id = %(pk_1)s::INTEGER]
[parameters: {'pk_1': 4}]
(Background on this error at: https://sqlalche.me/e/20/f405)
Traceback (most recent call last):
  File "C:\Users\sajjadlh8\AppData\Local\Programs\Python\Python311\Lib\site-packages\sqlalchemy\engine\base.py", line 1969, in _exec_single_context
    self.dialect.do_execute(
  File "C:\Users\sajjadlh8\AppData\Local\Programs\Python\Python311\Lib\site-packages\sqlalchemy\engine\default.py", line 952, in do_execute
    cursor.execute(statement, parameters)
  File "C:\Users\sajjadlh8\AppData\Local\Programs\Python\Python311\Lib\site-packages\psycopg\cursor.py", line 117, in execute
    raise ex.with_traceback(None)
psycopg.errors.UndefinedTable: relation "users" does not exist
LINE 2: FROM users 
             ^

The above exception was the direct cause of the following exception:

Traceback (most recent call last):
  File "C:\Users\sajjadlh8\AppData\Local\Programs\Python\Python311\Lib\site-packages\telegram\ext\_application.py", line 1335, in process_update
    await coroutine
  File "C:\Users\sajjadlh8\AppData\Local\Programs\Python\Python311\Lib\site-packages\telegram\ext\_handlers\basehandler.py", line 158, in handle_update
    return await self.callback(update, context)
           ^^^^^^^^^^^^^^^^^^^^^^^^^^^^^^^^^^^^
  File "D:\finmentor\finmentor\app\bot\handlers.py", line 338, in on_callback
    if pending == "whatif":
        ^^^^^^^^^^^^^^^^^^^
  File "D:\finmentor\finmentor\app\bot\handlers.py", line 357, in _menu_callback
    await _sim_callback(update, ctx, action)
    ^^^^^^^^^^^^^^^^^^^^^^^^^^
  File "D:\finmentor\finmentor\app\bot\handlers.py", line 221, in profile
    await update.effective_chat.send_action(ChatAction.TYPING)
  File "D:\finmentor\finmentor\app\bot\handlers.py", line 204, in _guarded
    await _reply(update, messages.MENU_PROMPT, keyboards.main_menu())
              ^^^^^^^^^^^^^^^^^^^^^^^^^^^^^^^^^
  File "D:\finmentor\finmentor\app\bot\handlers.py", line 84, in _needs_profile
    `/ask` needs this rather than `_lookup_user`: someone who has not onboarded
           ^^^^^^^^^^^^^^^^^^^^^^^^^^^^^^^^^^^^^^^^^^^^^^^^^^^^^^^^^^^^^^^^^^^^
  File "C:\Users\sajjadlh8\AppData\Local\Programs\Python\Python311\Lib\asyncio\threads.py", line 25, in to_thread
    return await loop.run_in_executor(None, func_call)
           ^^^^^^^^^^^^^^^^^^^^^^^^^^^^^^^^^^^^^^^^^^^
  File "C:\Users\sajjadlh8\AppData\Local\Programs\Python\Python311\Lib\concurrent\futures\thread.py", line 58, in run
    result = self.fn(*self.args, **self.kwargs)
             ^^^^^^^^^^^^^^^^^^^^^^^^^^^^^^^^^^
  File "D:\finmentor\finmentor\app\bot\handlers.py", line 78, in _lookup_user
    return user_id if onboarded else None
                  ^^^^^^^^^^^^^^^^^^^^^^^
  File "D:\finmentor\finmentor\app\bot\context.py", line 57, in resolve_user_id
    if cached is not None and users_repo.get(db, cached) is not None:
                              ^^^^^^^^^^^^^^^^^^^^^^^^^^
  File "D:\finmentor\finmentor\app\repositories\users.py", line 11, in get
    return db.get(User, user_id)
           ^^^^^^^^^^^^^^^^^^^^^
  File "C:\Users\sajjadlh8\AppData\Local\Programs\Python\Python311\Lib\site-packages\sqlalchemy\orm\session.py", line 3702, in get
    return self._get_impl(
           ^^^^^^^^^^^^^^^
  File "C:\Users\sajjadlh8\AppData\Local\Programs\Python\Python311\Lib\site-packages\sqlalchemy\orm\session.py", line 3881, in _get_impl
    return db_load_fn(
           ^^^^^^^^^^^
  File "C:\Users\sajjadlh8\AppData\Local\Programs\Python\Python311\Lib\site-packages\sqlalchemy\orm\loading.py", line 695, in load_on_pk_identity
    session.execute(
  File "C:\Users\sajjadlh8\AppData\Local\Programs\Python\Python311\Lib\site-packages\sqlalchemy\orm\session.py", line 2373, in execute
    return self._execute_internal(
           ^^^^^^^^^^^^^^^^^^^^^^^
  File "C:\Users\sajjadlh8\AppData\Local\Programs\Python\Python311\Lib\site-packages\sqlalchemy\orm\session.py", line 2271, in _execute_internal
    result: Result[Any] = compile_state_cls.orm_execute_statement(
                          ^^^^^^^^^^^^^^^^^^^^^^^^^^^^^^^^^^^^^^^^
  File "C:\Users\sajjadlh8\AppData\Local\Programs\Python\Python311\Lib\site-packages\sqlalchemy\orm\context.py", line 306, in orm_execute_statement
    result = conn.execute(
             ^^^^^^^^^^^^^
  File "C:\Users\sajjadlh8\AppData\Local\Programs\Python\Python311\Lib\site-packages\sqlalchemy\engine\base.py", line 1421, in execute
    return meth(
           ^^^^^
  File "C:\Users\sajjadlh8\AppData\Local\Programs\Python\Python311\Lib\site-packages\sqlalchemy\sql\elements.py", line 526, in _execute_on_connection
    return connection._execute_clauseelement(
           ^^^^^^^^^^^^^^^^^^^^^^^^^^^^^^^^^^
  File "C:\Users\sajjadlh8\AppData\Local\Programs\Python\Python311\Lib\site-packages\sqlalchemy\engine\base.py", line 1643, in _execute_clauseelement
    ret = self._execute_context(
          ^^^^^^^^^^^^^^^^^^^^^^
  File "C:\Users\sajjadlh8\AppData\Local\Programs\Python\Python311\Lib\site-packages\sqlalchemy\engine\base.py", line 1848, in _execute_context
    return self._exec_single_context(
           ^^^^^^^^^^^^^^^^^^^^^^^^^^
  File "C:\Users\sajjadlh8\AppData\Local\Programs\Python\Python311\Lib\site-packages\sqlalchemy\engine\base.py", line 1988, in _exec_single_context
    self._handle_dbapi_exception(
  File "C:\Users\sajjadlh8\AppData\Local\Programs\Python\Python311\Lib\site-packages\sqlalchemy\engine\base.py", line 2365, in _handle_dbapi_exception
    raise sqlalchemy_exception.with_traceback(exc_info[2]) from e
  File "C:\Users\sajjadlh8\AppData\Local\Programs\Python\Python311\Lib\site-packages\sqlalchemy\engine\base.py", line 1969, in _exec_single_context
    self.dialect.do_execute(
  File "C:\Users\sajjadlh8\AppData\Local\Programs\Python\Python311\Lib\site-packages\sqlalchemy\engine\default.py", line 952, in do_execute
    cursor.execute(statement, parameters)
  File "C:\Users\sajjadlh8\AppData\Local\Programs\Python\Python311\Lib\site-packages\psycopg\cursor.py", line 117, in execute
    raise ex.with_traceback(None)
sqlalchemy.exc.ProgrammingError: (psycopg.errors.UndefinedTable) relation "users" does not exist
LINE 2: FROM users 
             ^
[SQL: SELECT users.id AS users_id, users.telegram_id AS users_telegram_id, users.locale AS users_locale, users.risk_profile AS users_risk_profile, users.created_at AS users_created_at, users.updated_at AS users_updated_at 
FROM users 
WHERE users.id = %(pk_1)s::INTEGER]
[parameters: {'pk_1': 4}]
(Background on this error at: https://sqlalche.me/e/20/f405)
2026-09-09 19:59:17,146 INFO httpx :: HTTP Request: POST https://api.telegram.org/bot8922337295:AAGdhYJVOyWzGttzxBcHmEwzN-DYhTUz0_g/sendMessage "HTTP/1.1 200 OK"
2026-09-09 19:59:26,591 INFO httpx :: HTTP Request: POST https://api.telegram.org/bot8922337295:AAGdhYJVOyWzGttzxBcHmEwzN-DYhTUz0_g/getUpdates "HTTP/1.1 200 OK"
2026-09-09 19:59:37,096 INFO httpx :: HTTP Request: POST https://api.telegram.org/bot8922337295:AAGdhYJVOyWzGttzxBcHmEwzN-DYhTUz0_g/getUpdates "HTTP/1.1 200 OK"
2026-09-09 19:59:47,639 INFO httpx :: HTTP Request: POST https://api.telegram.org/bot8922337295:AAGdhYJVOyWzGttzxBcHmEwzN-DYhTUz0_g/getUpdates "HTTP/1.1 200 OK"
2026-09-09 19:59:59,139 INFO httpx :: HTTP Request: POST https://api.telegram.org/bot8922337295:AAGdhYJVOyWzGttzxBcHmEwzN-DYhTUz0_g/getUpdates "HTTP/1.1 200 OK"
2026-09-09 20:00:10,039 INFO httpx :: HTTP Request: POST https://api.telegram.org/bot8922337295:AAGdhYJVOyWzGttzxBcHmEwzN-DYhTUz0_g/getUpdates "HTTP/1.1 200 OK"
2026-09-09 20:00:21,062 INFO httpx :: HTTP Request: POST https://api.telegram.org/bot8922337295:AAGdhYJVOyWzGttzxBcHmEwzN-DYhTUz0_g/getUpdates "HTTP/1.1 200 OK"
2026-09-09 20:00:21,695 INFO httpx :: HTTP Request: POST https://api.telegram.org/bot8922337295:AAGdhYJVOyWzGttzxBcHmEwzN-DYhTUz0_g/getUpdates "HTTP/1.1 200 OK"
2026-09-09 20:00:22,472 INFO httpx :: HTTP Request: POST https://api.telegram.org/bot8922337295:AAGdhYJVOyWzGttzxBcHmEwzN-DYhTUz0_g/sendMessage "HTTP/1.1 200 OK"
2026-09-09 20:00:33,477 INFO httpx :: HTTP Request: POST https://api.telegram.org/bot8922337295:AAGdhYJVOyWzGttzxBcHmEwzN-DYhTUz0_g/getUpdates "HTTP/1.1 200 OK"
2026-09-09 20:00:44,816 INFO httpx :: HTTP Request: POST https://api.telegram.org/bot8922337295:AAGdhYJVOyWzGttzxBcHmEwzN-DYhTUz0_g/getUpdates "HTTP/1.1 200 OK"
2026-09-09 20:00:58,810 INFO httpx :: HTTP Request: POST https://api.telegram.org/bot8922337295:AAGdhYJVOyWzGttzxBcHmEwzN-DYhTUz0_g/getUpdates "HTTP/1.1 200 OK"
2026-09-09 20:01:07,251 INFO httpx :: HTTP Request: POST https://api.telegram.org/bot8922337295:AAGdhYJVOyWzGttzxBcHmEwzN-DYhTUz0_g/getUpdates "HTTP/1.1 200 OK"
2026-09-09 20:01:09,731 INFO httpx :: HTTP Request: POST https://api.telegram.org/bot8922337295:AAGdhYJVOyWzGttzxBcHmEwzN-DYhTUz0_g/sendMessage "HTTP/1.1 200 OK"
2026-09-09 20:01:10,309 INFO httpx :: HTTP Request: POST https://api.telegram.org/bot8922337295:AAGdhYJVOyWzGttzxBcHmEwzN-DYhTUz0_g/sendMessage "HTTP/1.1 200 OK"
2026-09-09 20:01:18,184 INFO httpx :: HTTP Request: POST https://api.telegram.org/bot8922337295:AAGdhYJVOyWzGttzxBcHmEwzN-DYhTUz0_g/getUpdates "HTTP/1.1 200 OK"
2026-09-09 20:01:28,862 INFO httpx :: HTTP Request: POST https://api.telegram.org/bot8922337295:AAGdhYJVOyWzGttzxBcHmEwzN-DYhTUz0_g/getUpdates "HTTP/1.1 200 OK"
2026-09-09 20:01:39,462 INFO httpx :: HTTP Request: POST https://api.telegram.org/bot8922337295:AAGdhYJVOyWzGttzxBcHmEwzN-DYhTUz0_g/getUpdates "HTTP/1.1 200 OK"
2026-09-09 20:01:50,179 INFO httpx :: HTTP Request: POST https://api.telegram.org/bot8922337295:AAGdhYJVOyWzGttzxBcHmEwzN-DYhTUz0_g/getUpdates "HTTP/1.1 200 OK"
2026-09-09 20:02:01,420 INFO httpx :: HTTP Request: POST https://api.telegram.org/bot8922337295:AAGdhYJVOyWzGttzxBcHmEwzN-DYhTUz0_g/getUpdates "HTTP/1.1 200 OK"
2026-09-09 20:02:11,769 INFO httpx :: HTTP Request: POST https://api.telegram.org/bot8922337295:AAGdhYJVOyWzGttzxBcHmEwzN-DYhTUz0_g/getUpdates "HTTP/1.1 200 OK"
2026-09-09 20:02:13,354 INFO httpx :: HTTP Request: POST https://api.telegram.org/bot8922337295:AAGdhYJVOyWzGttzxBcHmEwzN-DYhTUz0_g/getUpdates "HTTP/1.1 200 OK"
2026-09-09 20:02:19,651 ERROR finmentor.bot :: bot handler failed: Timed out
Traceback (most recent call last):
  File "C:\Users\sajjadlh8\AppData\Local\Programs\Python\Python311\Lib\site-packages\httpx\_transports\default.py", line 101, in map_httpcore_exceptions
    yield
  File "C:\Users\sajjadlh8\AppData\Local\Programs\Python\Python311\Lib\site-packages\httpx\_transports\default.py", line 394, in handle_async_request
    resp = await self._pool.handle_async_request(req)
           ^^^^^^^^^^^^^^^^^^^^^^^^^^^^^^^^^^^^^^^^^^
  File "C:\Users\sajjadlh8\AppData\Local\Programs\Python\Python311\Lib\site-packages\httpcore\_async\connection_pool.py", line 256, in handle_async_request
    raise exc from None
  File "C:\Users\sajjadlh8\AppData\Local\Programs\Python\Python311\Lib\site-packages\httpcore\_async\connection_pool.py", line 236, in handle_async_request
    response = await connection.handle_async_request(
               ^^^^^^^^^^^^^^^^^^^^^^^^^^^^^^^^^^^^^^
  File "C:\Users\sajjadlh8\AppData\Local\Programs\Python\Python311\Lib\site-packages\httpcore\_async\connection.py", line 101, in handle_async_request
    raise exc
  File "C:\Users\sajjadlh8\AppData\Local\Programs\Python\Python311\Lib\site-packages\httpcore\_async\connection.py", line 78, in handle_async_request
    stream = await self._connect(request)
             ^^^^^^^^^^^^^^^^^^^^^^^^^^^^
  File "C:\Users\sajjadlh8\AppData\Local\Programs\Python\Python311\Lib\site-packages\httpcore\_async\connection.py", line 156, in _connect
    stream = await stream.start_tls(**kwargs)
             ^^^^^^^^^^^^^^^^^^^^^^^^^^^^^^^^
  File "C:\Users\sajjadlh8\AppData\Local\Programs\Python\Python311\Lib\site-packages\httpcore\_backends\anyio.py", line 67, in start_tls
    with map_exceptions(exc_map):
  File "C:\Users\sajjadlh8\AppData\Local\Programs\Python\Python311\Lib\contextlib.py", line 155, in __exit__
    self.gen.throw(typ, value, traceback)
  File "C:\Users\sajjadlh8\AppData\Local\Programs\Python\Python311\Lib\site-packages\httpcore\_exceptions.py", line 14, in map_exceptions
    raise to_exc(exc) from exc
httpcore.ConnectTimeout

The above exception was the direct cause of the following exception:

Traceback (most recent call last):
  File "C:\Users\sajjadlh8\AppData\Local\Programs\Python\Python311\Lib\site-packages\telegram\request\_httpxrequest.py", line 292, in do_request
    res = await self._client.request(
          ^^^^^^^^^^^^^^^^^^^^^^^^^^^
  File "C:\Users\sajjadlh8\AppData\Local\Programs\Python\Python311\Lib\site-packages\httpx\_client.py", line 1540, in request
    return await self.send(request, auth=auth, follow_redirects=follow_redirects)
           ^^^^^^^^^^^^^^^^^^^^^^^^^^^^^^^^^^^^^^^^^^^^^^^^^^^^^^^^^^^^^^^^^^^^^^
  File "C:\Users\sajjadlh8\AppData\Local\Programs\Python\Python311\Lib\site-packages\httpx\_client.py", line 1629, in send
    response = await self._send_handling_auth(
               ^^^^^^^^^^^^^^^^^^^^^^^^^^^^^^^
  File "C:\Users\sajjadlh8\AppData\Local\Programs\Python\Python311\Lib\site-packages\httpx\_client.py", line 1657, in _send_handling_auth
    response = await self._send_handling_redirects(
               ^^^^^^^^^^^^^^^^^^^^^^^^^^^^^^^^^^^^
  File "C:\Users\sajjadlh8\AppData\Local\Programs\Python\Python311\Lib\site-packages\httpx\_client.py", line 1694, in _send_handling_redirects
    response = await self._send_single_request(request)
               ^^^^^^^^^^^^^^^^^^^^^^^^^^^^^^^^^^^^^^^^
  File "C:\Users\sajjadlh8\AppData\Local\Programs\Python\Python311\Lib\site-packages\httpx\_client.py", line 1730, in _send_single_request
    response = await transport.handle_async_request(request)
               ^^^^^^^^^^^^^^^^^^^^^^^^^^^^^^^^^^^^^^^^^^^^^
  File "C:\Users\sajjadlh8\AppData\Local\Programs\Python\Python311\Lib\site-packages\httpx\_transports\default.py", line 393, in handle_async_request
    with map_httpcore_exceptions():
  File "C:\Users\sajjadlh8\AppData\Local\Programs\Python\Python311\Lib\contextlib.py", line 155, in __exit__
    self.gen.throw(typ, value, traceback)
  File "C:\Users\sajjadlh8\AppData\Local\Programs\Python\Python311\Lib\site-packages\httpx\_transports\default.py", line 118, in map_httpcore_exceptions
    raise mapped_exc(message) from exc
httpx.ConnectTimeout

The above exception was the direct cause of the following exception:

Traceback (most recent call last):
  File "C:\Users\sajjadlh8\AppData\Local\Programs\Python\Python311\Lib\site-packages\telegram\ext\_application.py", line 1335, in process_update
    await coroutine
  File "C:\Users\sajjadlh8\AppData\Local\Programs\Python\Python311\Lib\site-packages\telegram\ext\_handlers\conversationhandler.py", line 857, in handle_update
    new_state: object = await handler.handle_update(
                        ^^^^^^^^^^^^^^^^^^^^^^^^^^^^
  File "C:\Users\sajjadlh8\AppData\Local\Programs\Python\Python311\Lib\site-packages\telegram\ext\_handlers\basehandler.py", line 158, in handle_update
    return await self.callback(update, context)
           ^^^^^^^^^^^^^^^^^^^^^^^^^^^^^^^^^^^^
  File "D:\finmentor\finmentor\app\bot\onboarding.py", line 111, in start_onboarding
    await update.callback_query.answer()
  File "C:\Users\sajjadlh8\AppData\Local\Programs\Python\Python311\Lib\site-packages\telegram\_callbackquery.py", line 189, in answer
    return await self.get_bot().answer_callback_query(
           ^^^^^^^^^^^^^^^^^^^^^^^^^^^^^^^^^^^^^^^^^^^
  File "C:\Users\sajjadlh8\AppData\Local\Programs\Python\Python311\Lib\site-packages\telegram\ext\_extbot.py", line 935, in answer_callback_query
    return await super().answer_callback_query(
           ^^^^^^^^^^^^^^^^^^^^^^^^^^^^^^^^^^^^
  File "C:\Users\sajjadlh8\AppData\Local\Programs\Python\Python311\Lib\site-packages\telegram\_bot.py", line 3944, in answer_callback_query
    return await self._post(
           ^^^^^^^^^^^^^^^^^
  File "C:\Users\sajjadlh8\AppData\Local\Programs\Python\Python311\Lib\site-packages\telegram\_bot.py", line 623, in _post
    return await self._do_post(
           ^^^^^^^^^^^^^^^^^^^^
  File "C:\Users\sajjadlh8\AppData\Local\Programs\Python\Python311\Lib\site-packages\telegram\ext\_extbot.py", line 355, in _do_post
    return await super()._do_post(
           ^^^^^^^^^^^^^^^^^^^^^^^
  File "C:\Users\sajjadlh8\AppData\Local\Programs\Python\Python311\Lib\site-packages\telegram\_bot.py", line 652, in _do_post
    result = await request.post(
             ^^^^^^^^^^^^^^^^^^^
  File "C:\Users\sajjadlh8\AppData\Local\Programs\Python\Python311\Lib\site-packages\telegram\request\_baserequest.py", line 201, in post
    result = await self._request_wrapper(
             ^^^^^^^^^^^^^^^^^^^^^^^^^^^^
  File "C:\Users\sajjadlh8\AppData\Local\Programs\Python\Python311\Lib\site-packages\telegram\request\_baserequest.py", line 333, in _request_wrapper
    code, payload = await self.do_request(
                    ^^^^^^^^^^^^^^^^^^^^^^
  File "C:\Users\sajjadlh8\AppData\Local\Programs\Python\Python311\Lib\site-packages\telegram\request\_httpxrequest.py", line 309, in do_request
    raise TimedOut from err
telegram.error.TimedOut: Timed out
2026-09-09 20:02:20,886 INFO httpx :: HTTP Request: POST https://api.telegram.org/bot8922337295:AAGdhYJVOyWzGttzxBcHmEwzN-DYhTUz0_g/sendMessage "HTTP/1.1 200 OK"
2026-09-09 20:02:24,765 INFO httpx :: HTTP Request: POST https://api.telegram.org/bot8922337295:AAGdhYJVOyWzGttzxBcHmEwzN-DYhTUz0_g/getUpdates "HTTP/1.1 200 OK"
2026-09-09 20:02:27,507 INFO httpx :: HTTP Request: POST https://api.telegram.org/bot8922337295:AAGdhYJVOyWzGttzxBcHmEwzN-DYhTUz0_g/getUpdates "HTTP/1.1 200 OK"
2026-09-09 20:02:33,764 INFO httpx :: HTTP Request: POST https://api.telegram.org/bot8922337295:AAGdhYJVOyWzGttzxBcHmEwzN-DYhTUz0_g/answerCallbackQuery "HTTP/1.1 200 OK"
2026-09-09 20:02:33,919 INFO httpx :: HTTP Request: POST https://api.telegram.org/bot8922337295:AAGdhYJVOyWzGttzxBcHmEwzN-DYhTUz0_g/getUpdates "HTTP/1.1 200 OK"
2026-09-09 20:02:34,305 INFO httpx :: HTTP Request: POST https://api.telegram.org/bot8922337295:AAGdhYJVOyWzGttzxBcHmEwzN-DYhTUz0_g/sendMessage "HTTP/1.1 200 OK"
2026-09-09 20:02:36,183 INFO httpx :: HTTP Request: POST https://api.telegram.org/bot8922337295:AAGdhYJVOyWzGttzxBcHmEwzN-DYhTUz0_g/sendMessage "HTTP/1.1 200 OK"
2026-09-09 20:02:37,015 INFO httpx :: HTTP Request: POST https://api.telegram.org/bot8922337295:AAGdhYJVOyWzGttzxBcHmEwzN-DYhTUz0_g/answerCallbackQuery "HTTP/1.1 200 OK"
2026-09-09 20:02:40,541 INFO httpx :: HTTP Request: POST https://api.telegram.org/bot8922337295:AAGdhYJVOyWzGttzxBcHmEwzN-DYhTUz0_g/editMessageText "HTTP/1.1 200 OK"
2026-09-09 20:02:46,803 INFO httpx :: HTTP Request: POST https://api.telegram.org/bot8922337295:AAGdhYJVOyWzGttzxBcHmEwzN-DYhTUz0_g/getUpdates "HTTP/1.1 200 OK"
2026-09-09 20:02:57,423 INFO httpx :: HTTP Request: POST https://api.telegram.org/bot8922337295:AAGdhYJVOyWzGttzxBcHmEwzN-DYhTUz0_g/getUpdates "HTTP/1.1 200 OK"
2026-09-09 20:03:07,722 INFO httpx :: HTTP Request: POST https://api.telegram.org/bot8922337295:AAGdhYJVOyWzGttzxBcHmEwzN-DYhTUz0_g/getUpdates "HTTP/1.1 200 OK"
2026-09-09 20:03:20,065 INFO httpx :: HTTP Request: POST https://api.telegram.org/bot8922337295:AAGdhYJVOyWzGttzxBcHmEwzN-DYhTUz0_g/getUpdates "HTTP/1.1 200 OK"
2026-09-09 20:03:30,479 INFO httpx :: HTTP Request: POST https://api.telegram.org/bot8922337295:AAGdhYJVOyWzGttzxBcHmEwzN-DYhTUz0_g/getUpdates "HTTP/1.1 200 OK"
2026-09-09 20:03:40,876 INFO httpx :: HTTP Request: POST https://api.telegram.org/bot8922337295:AAGdhYJVOyWzGttzxBcHmEwzN-DYhTUz0_g/getUpdates "HTTP/1.1 200 OK"
2026-09-09 20:03:51,105 INFO httpx :: HTTP Request: POST https://api.telegram.org/bot8922337295:AAGdhYJVOyWzGttzxBcHmEwzN-DYhTUz0_g/getUpdates "HTTP/1.1 200 OK"
2026-09-09 20:04:02,123 INFO httpx :: HTTP Request: POST https://api.telegram.org/bot8922337295:AAGdhYJVOyWzGttzxBcHmEwzN-DYhTUz0_g/getUpdates "HTTP/1.1 200 OK"
2026-09-09 20:04:12,638 INFO httpx :: HTTP Request: POST https://api.telegram.org/bot8922337295:AAGdhYJVOyWzGttzxBcHmEwzN-DYhTUz0_g/getUpdates "HTTP/1.1 200 OK"
2026-09-09 20:04:23,573 INFO httpx :: HTTP Request: POST https://api.telegram.org/bot8922337295:AAGdhYJVOyWzGttzxBcHmEwzN-DYhTUz0_g/getUpdates "HTTP/1.1 200 OK"
2026-09-09 20:04:34,259 INFO httpx :: HTTP Request: POST https://api.telegram.org/bot8922337295:AAGdhYJVOyWzGttzxBcHmEwzN-DYhTUz0_g/getUpdates "HTTP/1.1 200 OK"
2026-09-09 20:04:45,384 INFO httpx :: HTTP Request: POST https://api.telegram.org/bot8922337295:AAGdhYJVOyWzGttzxBcHmEwzN-DYhTUz0_g/getUpdates "HTTP/1.1 200 OK"
2026-09-09 20:04:55,758 INFO httpx :: HTTP Request: POST https://api.telegram.org/bot8922337295:AAGdhYJVOyWzGttzxBcHmEwzN-DYhTUz0_g/getUpdates "HTTP/1.1 200 OK"
2026-09-09 20:05:06,151 INFO httpx :: HTTP Request: POST https://api.telegram.org/bot8922337295:AAGdhYJVOyWzGttzxBcHmEwzN-DYhTUz0_g/getUpdates "HTTP/1.1 200 OK"
2026-09-09 20:05:16,683 INFO httpx :: HTTP Request: POST https://api.telegram.org/bot8922337295:AAGdhYJVOyWzGttzxBcHmEwzN-DYhTUz0_g/getUpdates "HTTP/1.1 200 OK"
2026-09-09 20:05:27,279 INFO httpx :: HTTP Request: POST https://api.telegram.org/bot8922337295:AAGdhYJVOyWzGttzxBcHmEwzN-DYhTUz0_g/getUpdates "HTTP/1.1 200 OK"
2026-09-09 20:05:37,866 INFO httpx :: HTTP Request: POST https://api.telegram.org/bot8922337295:AAGdhYJVOyWzGttzxBcHmEwzN-DYhTUz0_g/getUpdates "HTTP/1.1 200 OK"
2026-09-09 20:05:49,260 INFO httpx :: HTTP Request: POST https://api.telegram.org/bot8922337295:AAGdhYJVOyWzGttzxBcHmEwzN-DYhTUz0_g/getUpdates "HTTP/1.1 200 OK"
2026-09-09 20:05:59,581 INFO httpx :: HTTP Request: POST https://api.telegram.org/bot8922337295:AAGdhYJVOyWzGttzxBcHmEwzN-DYhTUz0_g/getUpdates "HTTP/1.1 200 OK"
2026-09-09 20:06:06,111 INFO httpx :: HTTP Request: POST https://api.telegram.org/bot8922337295:AAGdhYJVOyWzGttzxBcHmEwzN-DYhTUz0_g/getUpdates "HTTP/1.1 200 OK"
2026-09-09 20:06:13,230 ERROR finmentor.bot :: bot handler failed: Timed out
Traceback (most recent call last):
  File "C:\Users\sajjadlh8\AppData\Local\Programs\Python\Python311\Lib\site-packages\httpx\_transports\default.py", line 101, in map_httpcore_exceptions
    yield
  File "C:\Users\sajjadlh8\AppData\Local\Programs\Python\Python311\Lib\site-packages\httpx\_transports\default.py", line 394, in handle_async_request
    resp = await self._pool.handle_async_request(req)
           ^^^^^^^^^^^^^^^^^^^^^^^^^^^^^^^^^^^^^^^^^^
  File "C:\Users\sajjadlh8\AppData\Local\Programs\Python\Python311\Lib\site-packages\httpcore\_async\connection_pool.py", line 256, in handle_async_request
    raise exc from None
  File "C:\Users\sajjadlh8\AppData\Local\Programs\Python\Python311\Lib\site-packages\httpcore\_async\connection_pool.py", line 236, in handle_async_request
    response = await connection.handle_async_request(
               ^^^^^^^^^^^^^^^^^^^^^^^^^^^^^^^^^^^^^^
  File "C:\Users\sajjadlh8\AppData\Local\Programs\Python\Python311\Lib\site-packages\httpcore\_async\connection.py", line 101, in handle_async_request
    raise exc
  File "C:\Users\sajjadlh8\AppData\Local\Programs\Python\Python311\Lib\site-packages\httpcore\_async\connection.py", line 78, in handle_async_request
    stream = await self._connect(request)
             ^^^^^^^^^^^^^^^^^^^^^^^^^^^^
  File "C:\Users\sajjadlh8\AppData\Local\Programs\Python\Python311\Lib\site-packages\httpcore\_async\connection.py", line 156, in _connect
    stream = await stream.start_tls(**kwargs)
             ^^^^^^^^^^^^^^^^^^^^^^^^^^^^^^^^
  File "C:\Users\sajjadlh8\AppData\Local\Programs\Python\Python311\Lib\site-packages\httpcore\_backends\anyio.py", line 67, in start_tls
    with map_exceptions(exc_map):
  File "C:\Users\sajjadlh8\AppData\Local\Programs\Python\Python311\Lib\contextlib.py", line 155, in __exit__
    self.gen.throw(typ, value, traceback)
  File "C:\Users\sajjadlh8\AppData\Local\Programs\Python\Python311\Lib\site-packages\httpcore\_exceptions.py", line 14, in map_exceptions
    raise to_exc(exc) from exc
httpcore.ConnectTimeout

The above exception was the direct cause of the following exception:

Traceback (most recent call last):
  File "C:\Users\sajjadlh8\AppData\Local\Programs\Python\Python311\Lib\site-packages\telegram\request\_httpxrequest.py", line 292, in do_request
    res = await self._client.request(
          ^^^^^^^^^^^^^^^^^^^^^^^^^^^
  File "C:\Users\sajjadlh8\AppData\Local\Programs\Python\Python311\Lib\site-packages\httpx\_client.py", line 1540, in request
    return await self.send(request, auth=auth, follow_redirects=follow_redirects)
           ^^^^^^^^^^^^^^^^^^^^^^^^^^^^^^^^^^^^^^^^^^^^^^^^^^^^^^^^^^^^^^^^^^^^^^
  File "C:\Users\sajjadlh8\AppData\Local\Programs\Python\Python311\Lib\site-packages\httpx\_client.py", line 1629, in send
    response = await self._send_handling_auth(
               ^^^^^^^^^^^^^^^^^^^^^^^^^^^^^^^
  File "C:\Users\sajjadlh8\AppData\Local\Programs\Python\Python311\Lib\site-packages\httpx\_client.py", line 1657, in _send_handling_auth
    response = await self._send_handling_redirects(
               ^^^^^^^^^^^^^^^^^^^^^^^^^^^^^^^^^^^^
  File "C:\Users\sajjadlh8\AppData\Local\Programs\Python\Python311\Lib\site-packages\httpx\_client.py", line 1694, in _send_handling_redirects
    response = await self._send_single_request(request)
               ^^^^^^^^^^^^^^^^^^^^^^^^^^^^^^^^^^^^^^^^
  File "C:\Users\sajjadlh8\AppData\Local\Programs\Python\Python311\Lib\site-packages\httpx\_client.py", line 1730, in _send_single_request
    response = await transport.handle_async_request(request)
               ^^^^^^^^^^^^^^^^^^^^^^^^^^^^^^^^^^^^^^^^^^^^^
  File "C:\Users\sajjadlh8\AppData\Local\Programs\Python\Python311\Lib\site-packages\httpx\_transports\default.py", line 393, in handle_async_request
    with map_httpcore_exceptions():
  File "C:\Users\sajjadlh8\AppData\Local\Programs\Python\Python311\Lib\contextlib.py", line 155, in __exit__
    self.gen.throw(typ, value, traceback)
  File "C:\Users\sajjadlh8\AppData\Local\Programs\Python\Python311\Lib\site-packages\httpx\_transports\default.py", line 118, in map_httpcore_exceptions
    raise mapped_exc(message) from exc
httpx.ConnectTimeout

The above exception was the direct cause of the following exception:

Traceback (most recent call last):
  File "C:\Users\sajjadlh8\AppData\Local\Programs\Python\Python311\Lib\site-packages\telegram\ext\_application.py", line 1335, in process_update
    await coroutine
  File "C:\Users\sajjadlh8\AppData\Local\Programs\Python\Python311\Lib\site-packages\telegram\ext\_handlers\conversationhandler.py", line 857, in handle_update
    new_state: object = await handler.handle_update(
                        ^^^^^^^^^^^^^^^^^^^^^^^^^^^^
  File "C:\Users\sajjadlh8\AppData\Local\Programs\Python\Python311\Lib\site-packages\telegram\ext\_handlers\basehandler.py", line 158, in handle_update
    return await self.callback(update, context)
           ^^^^^^^^^^^^^^^^^^^^^^^^^^^^^^^^^^^^
  File "D:\finmentor\finmentor\app\bot\onboarding.py", line 129, in got_income
    await update.message.reply_text(
  File "C:\Users\sajjadlh8\AppData\Local\Programs\Python\Python311\Lib\site-packages\telegram\_message.py", line 1762, in reply_text
    return await self.get_bot().send_message(
           ^^^^^^^^^^^^^^^^^^^^^^^^^^^^^^^^^^
  File "C:\Users\sajjadlh8\AppData\Local\Programs\Python\Python311\Lib\site-packages\telegram\ext\_extbot.py", line 2909, in send_message
    return await super().send_message(
           ^^^^^^^^^^^^^^^^^^^^^^^^^^^
  File "C:\Users\sajjadlh8\AppData\Local\Programs\Python\Python311\Lib\site-packages\telegram\_bot.py", line 1029, in send_message
    return await self._send_message(
           ^^^^^^^^^^^^^^^^^^^^^^^^^
  File "C:\Users\sajjadlh8\AppData\Local\Programs\Python\Python311\Lib\site-packages\telegram\ext\_extbot.py", line 610, in _send_message
    result = await super()._send_message(
             ^^^^^^^^^^^^^^^^^^^^^^^^^^^^
  File "C:\Users\sajjadlh8\AppData\Local\Programs\Python\Python311\Lib\site-packages\telegram\_bot.py", line 745, in _send_message
    result = await self._post(
             ^^^^^^^^^^^^^^^^^
  File "C:\Users\sajjadlh8\AppData\Local\Programs\Python\Python311\Lib\site-packages\telegram\_bot.py", line 623, in _post
    return await self._do_post(
           ^^^^^^^^^^^^^^^^^^^^
  File "C:\Users\sajjadlh8\AppData\Local\Programs\Python\Python311\Lib\site-packages\telegram\ext\_extbot.py", line 355, in _do_post
    return await super()._do_post(
           ^^^^^^^^^^^^^^^^^^^^^^^
  File "C:\Users\sajjadlh8\AppData\Local\Programs\Python\Python311\Lib\site-packages\telegram\_bot.py", line 652, in _do_post
    result = await request.post(
             ^^^^^^^^^^^^^^^^^^^
  File "C:\Users\sajjadlh8\AppData\Local\Programs\Python\Python311\Lib\site-packages\telegram\request\_baserequest.py", line 201, in post
    result = await self._request_wrapper(
             ^^^^^^^^^^^^^^^^^^^^^^^^^^^^
  File "C:\Users\sajjadlh8\AppData\Local\Programs\Python\Python311\Lib\site-packages\telegram\request\_baserequest.py", line 333, in _request_wrapper
    code, payload = await self.do_request(
                    ^^^^^^^^^^^^^^^^^^^^^^
  File "C:\Users\sajjadlh8\AppData\Local\Programs\Python\Python311\Lib\site-packages\telegram\request\_httpxrequest.py", line 309, in do_request
    raise TimedOut from err
telegram.error.TimedOut: Timed out
2026-09-09 20:06:16,532 INFO httpx :: HTTP Request: POST https://api.telegram.org/bot8922337295:AAGdhYJVOyWzGttzxBcHmEwzN-DYhTUz0_g/getUpdates "HTTP/1.1 200 OK"
2026-09-09 20:06:18,925 INFO httpx :: HTTP Request: POST https://api.telegram.org/bot8922337295:AAGdhYJVOyWzGttzxBcHmEwzN-DYhTUz0_g/sendMessage "HTTP/1.1 200 OK"
2026-09-09 20:06:27,080 INFO httpx :: HTTP Request: POST https://api.telegram.org/bot8922337295:AAGdhYJVOyWzGttzxBcHmEwzN-DYhTUz0_g/getUpdates "HTTP/1.1 200 OK"
2026-09-09 20:06:30,063 INFO httpx :: HTTP Request: POST https://api.telegram.org/bot8922337295:AAGdhYJVOyWzGttzxBcHmEwzN-DYhTUz0_g/getUpdates "HTTP/1.1 200 OK"
2026-09-09 20:06:33,358 INFO httpx :: HTTP Request: POST https://api.telegram.org/bot8922337295:AAGdhYJVOyWzGttzxBcHmEwzN-DYhTUz0_g/sendMessage "HTTP/1.1 200 OK"
2026-09-09 20:06:40,139 INFO httpx :: HTTP Request: POST https://api.telegram.org/bot8922337295:AAGdhYJVOyWzGttzxBcHmEwzN-DYhTUz0_g/getUpdates "HTTP/1.1 200 OK"
2026-09-09 20:06:42,136 INFO httpx :: HTTP Request: POST https://api.telegram.org/bot8922337295:AAGdhYJVOyWzGttzxBcHmEwzN-DYhTUz0_g/answerCallbackQuery "HTTP/1.1 200 OK"
2026-09-09 20:06:42,851 INFO httpx :: HTTP Request: POST https://api.telegram.org/bot8922337295:AAGdhYJVOyWzGttzxBcHmEwzN-DYhTUz0_g/sendMessage "HTTP/1.1 200 OK"
2026-09-09 20:07:11,688 ERROR finmentor.bot :: bot handler failed: httpx.ConnectError: All connection attempts failed
Traceback (most recent call last):
  File "C:\Users\sajjadlh8\AppData\Local\Programs\Python\Python311\Lib\site-packages\httpx\_transports\default.py", line 101, in map_httpcore_exceptions
    yield
  File "C:\Users\sajjadlh8\AppData\Local\Programs\Python\Python311\Lib\site-packages\httpx\_transports\default.py", line 394, in handle_async_request
    resp = await self._pool.handle_async_request(req)
           ^^^^^^^^^^^^^^^^^^^^^^^^^^^^^^^^^^^^^^^^^^
  File "C:\Users\sajjadlh8\AppData\Local\Programs\Python\Python311\Lib\site-packages\httpcore\_async\connection_pool.py", line 256, in handle_async_request
    raise exc from None
  File "C:\Users\sajjadlh8\AppData\Local\Programs\Python\Python311\Lib\site-packages\httpcore\_async\connection_pool.py", line 236, in handle_async_request
    response = await connection.handle_async_request(
               ^^^^^^^^^^^^^^^^^^^^^^^^^^^^^^^^^^^^^^
  File "C:\Users\sajjadlh8\AppData\Local\Programs\Python\Python311\Lib\site-packages\httpcore\_async\connection.py", line 101, in handle_async_request
    raise exc
  File "C:\Users\sajjadlh8\AppData\Local\Programs\Python\Python311\Lib\site-packages\httpcore\_async\connection.py", line 78, in handle_async_request
    stream = await self._connect(request)
             ^^^^^^^^^^^^^^^^^^^^^^^^^^^^
  File "C:\Users\sajjadlh8\AppData\Local\Programs\Python\Python311\Lib\site-packages\httpcore\_async\connection.py", line 124, in _connect
    stream = await self._network_backend.connect_tcp(**kwargs)
             ^^^^^^^^^^^^^^^^^^^^^^^^^^^^^^^^^^^^^^^^^^^^^^^^^
  File "C:\Users\sajjadlh8\AppData\Local\Programs\Python\Python311\Lib\site-packages\httpcore\_backends\auto.py", line 31, in connect_tcp
    return await self._backend.connect_tcp(
           ^^^^^^^^^^^^^^^^^^^^^^^^^^^^^^^^
  File "C:\Users\sajjadlh8\AppData\Local\Programs\Python\Python311\Lib\site-packages\httpcore\_backends\anyio.py", line 113, in connect_tcp
    with map_exceptions(exc_map):
  File "C:\Users\sajjadlh8\AppData\Local\Programs\Python\Python311\Lib\contextlib.py", line 155, in __exit__
    self.gen.throw(typ, value, traceback)
  File "C:\Users\sajjadlh8\AppData\Local\Programs\Python\Python311\Lib\site-packages\httpcore\_exceptions.py", line 14, in map_exceptions
    raise to_exc(exc) from exc
httpcore.ConnectError: All connection attempts failed

The above exception was the direct cause of the following exception:

Traceback (most recent call last):
  File "C:\Users\sajjadlh8\AppData\Local\Programs\Python\Python311\Lib\site-packages\telegram\request\_httpxrequest.py", line 292, in do_request
    res = await self._client.request(
          ^^^^^^^^^^^^^^^^^^^^^^^^^^^
  File "C:\Users\sajjadlh8\AppData\Local\Programs\Python\Python311\Lib\site-packages\httpx\_client.py", line 1540, in request
    return await self.send(request, auth=auth, follow_redirects=follow_redirects)
           ^^^^^^^^^^^^^^^^^^^^^^^^^^^^^^^^^^^^^^^^^^^^^^^^^^^^^^^^^^^^^^^^^^^^^^
  File "C:\Users\sajjadlh8\AppData\Local\Programs\Python\Python311\Lib\site-packages\httpx\_client.py", line 1629, in send
    response = await self._send_handling_auth(
               ^^^^^^^^^^^^^^^^^^^^^^^^^^^^^^^
  File "C:\Users\sajjadlh8\AppData\Local\Programs\Python\Python311\Lib\site-packages\httpx\_client.py", line 1657, in _send_handling_auth
    response = await self._send_handling_redirects(
               ^^^^^^^^^^^^^^^^^^^^^^^^^^^^^^^^^^^^
  File "C:\Users\sajjadlh8\AppData\Local\Programs\Python\Python311\Lib\site-packages\httpx\_client.py", line 1694, in _send_handling_redirects
    response = await self._send_single_request(request)
               ^^^^^^^^^^^^^^^^^^^^^^^^^^^^^^^^^^^^^^^^
  File "C:\Users\sajjadlh8\AppData\Local\Programs\Python\Python311\Lib\site-packages\httpx\_client.py", line 1730, in _send_single_request
    response = await transport.handle_async_request(request)
               ^^^^^^^^^^^^^^^^^^^^^^^^^^^^^^^^^^^^^^^^^^^^^
  File "C:\Users\sajjadlh8\AppData\Local\Programs\Python\Python311\Lib\site-packages\httpx\_transports\default.py", line 393, in handle_async_request
    with map_httpcore_exceptions():
  File "C:\Users\sajjadlh8\AppData\Local\Programs\Python\Python311\Lib\contextlib.py", line 155, in __exit__
    self.gen.throw(typ, value, traceback)
  File "C:\Users\sajjadlh8\AppData\Local\Programs\Python\Python311\Lib\site-packages\httpx\_transports\default.py", line 118, in map_httpcore_exceptions
    raise mapped_exc(message) from exc
httpx.ConnectError: All connection attempts failed

The above exception was the direct cause of the following exception:

Traceback (most recent call last):
  File "C:\Users\sajjadlh8\AppData\Local\Programs\Python\Python311\Lib\site-packages\telegram\ext\_updater.py", line 753, in _network_loop_retry
    if not await do_action():
           ^^^^^^^^^^^^^^^^^
  File "C:\Users\sajjadlh8\AppData\Local\Programs\Python\Python311\Lib\site-packages\telegram\ext\_updater.py", line 747, in do_action
    return action_cb_task.result()
           ^^^^^^^^^^^^^^^^^^^^^^^
  File "C:\Users\sajjadlh8\AppData\Local\Programs\Python\Python311\Lib\site-packages\telegram\ext\_updater.py", line 377, in polling_action_cb
    updates = await self.bot.get_updates(
              ^^^^^^^^^^^^^^^^^^^^^^^^^^^
  File "C:\Users\sajjadlh8\AppData\Local\Programs\Python\Python311\Lib\site-packages\telegram\ext\_extbot.py", line 649, in get_updates
    updates = await super().get_updates(
              ^^^^^^^^^^^^^^^^^^^^^^^^^^
  File "C:\Users\sajjadlh8\AppData\Local\Programs\Python\Python311\Lib\site-packages\telegram\_bot.py", line 4366, in get_updates
    await self._post(
  File "C:\Users\sajjadlh8\AppData\Local\Programs\Python\Python311\Lib\site-packages\telegram\_bot.py", line 623, in _post
    return await self._do_post(
           ^^^^^^^^^^^^^^^^^^^^
  File "C:\Users\sajjadlh8\AppData\Local\Programs\Python\Python311\Lib\site-packages\telegram\ext\_extbot.py", line 355, in _do_post
    return await super()._do_post(
           ^^^^^^^^^^^^^^^^^^^^^^^
  File "C:\Users\sajjadlh8\AppData\Local\Programs\Python\Python311\Lib\site-packages\telegram\_bot.py", line 652, in _do_post
    result = await request.post(
             ^^^^^^^^^^^^^^^^^^^
  File "C:\Users\sajjadlh8\AppData\Local\Programs\Python\Python311\Lib\site-packages\telegram\request\_baserequest.py", line 201, in post
    result = await self._request_wrapper(
             ^^^^^^^^^^^^^^^^^^^^^^^^^^^^
  File "C:\Users\sajjadlh8\AppData\Local\Programs\Python\Python311\Lib\site-packages\telegram\request\_baserequest.py", line 333, in _request_wrapper
    code, payload = await self.do_request(
                    ^^^^^^^^^^^^^^^^^^^^^^
  File "C:\Users\sajjadlh8\AppData\Local\Programs\Python\Python311\Lib\site-packages\telegram\request\_httpxrequest.py", line 316, in do_request
    raise NetworkError(f"httpx.{err.__class__.__name__}: {err}") from err
telegram.error.NetworkError: httpx.ConnectError: All connection attempts failed
2026-09-09 20:07:12,681 ERROR finmentor.bot :: bot handler failed: httpx.ConnectError: [Errno 11001] getaddrinfo failed
Traceback (most recent call last):
  File "C:\Users\sajjadlh8\AppData\Local\Programs\Python\Python311\Lib\site-packages\httpx\_transports\default.py", line 101, in map_httpcore_exceptions
    yield
  File "C:\Users\sajjadlh8\AppData\Local\Programs\Python\Python311\Lib\site-packages\httpx\_transports\default.py", line 394, in handle_async_request
    resp = await self._pool.handle_async_request(req)
           ^^^^^^^^^^^^^^^^^^^^^^^^^^^^^^^^^^^^^^^^^^
  File "C:\Users\sajjadlh8\AppData\Local\Programs\Python\Python311\Lib\site-packages\httpcore\_async\connection_pool.py", line 256, in handle_async_request
    raise exc from None
  File "C:\Users\sajjadlh8\AppData\Local\Programs\Python\Python311\Lib\site-packages\httpcore\_async\connection_pool.py", line 236, in handle_async_request
    response = await connection.handle_async_request(
               ^^^^^^^^^^^^^^^^^^^^^^^^^^^^^^^^^^^^^^
  File "C:\Users\sajjadlh8\AppData\Local\Programs\Python\Python311\Lib\site-packages\httpcore\_async\connection.py", line 101, in handle_async_request
    raise exc
  File "C:\Users\sajjadlh8\AppData\Local\Programs\Python\Python311\Lib\site-packages\httpcore\_async\connection.py", line 78, in handle_async_request
    stream = await self._connect(request)
             ^^^^^^^^^^^^^^^^^^^^^^^^^^^^
  File "C:\Users\sajjadlh8\AppData\Local\Programs\Python\Python311\Lib\site-packages\httpcore\_async\connection.py", line 124, in _connect
    stream = await self._network_backend.connect_tcp(**kwargs)
             ^^^^^^^^^^^^^^^^^^^^^^^^^^^^^^^^^^^^^^^^^^^^^^^^^
  File "C:\Users\sajjadlh8\AppData\Local\Programs\Python\Python311\Lib\site-packages\httpcore\_backends\auto.py", line 31, in connect_tcp
    return await self._backend.connect_tcp(
           ^^^^^^^^^^^^^^^^^^^^^^^^^^^^^^^^
  File "C:\Users\sajjadlh8\AppData\Local\Programs\Python\Python311\Lib\site-packages\httpcore\_backends\anyio.py", line 113, in connect_tcp
    with map_exceptions(exc_map):
  File "C:\Users\sajjadlh8\AppData\Local\Programs\Python\Python311\Lib\contextlib.py", line 155, in __exit__
    self.gen.throw(typ, value, traceback)
  File "C:\Users\sajjadlh8\AppData\Local\Programs\Python\Python311\Lib\site-packages\httpcore\_exceptions.py", line 14, in map_exceptions
    raise to_exc(exc) from exc
httpcore.ConnectError: [Errno 11001] getaddrinfo failed

The above exception was the direct cause of the following exception:

Traceback (most recent call last):
  File "C:\Users\sajjadlh8\AppData\Local\Programs\Python\Python311\Lib\site-packages\telegram\request\_httpxrequest.py", line 292, in do_request
    res = await self._client.request(
          ^^^^^^^^^^^^^^^^^^^^^^^^^^^
  File "C:\Users\sajjadlh8\AppData\Local\Programs\Python\Python311\Lib\site-packages\httpx\_client.py", line 1540, in request
    return await self.send(request, auth=auth, follow_redirects=follow_redirects)
           ^^^^^^^^^^^^^^^^^^^^^^^^^^^^^^^^^^^^^^^^^^^^^^^^^^^^^^^^^^^^^^^^^^^^^^
  File "C:\Users\sajjadlh8\AppData\Local\Programs\Python\Python311\Lib\site-packages\httpx\_client.py", line 1629, in send
    response = await self._send_handling_auth(
               ^^^^^^^^^^^^^^^^^^^^^^^^^^^^^^^
  File "C:\Users\sajjadlh8\AppData\Local\Programs\Python\Python311\Lib\site-packages\httpx\_client.py", line 1657, in _send_handling_auth
    response = await self._send_handling_redirects(
               ^^^^^^^^^^^^^^^^^^^^^^^^^^^^^^^^^^^^
  File "C:\Users\sajjadlh8\AppData\Local\Programs\Python\Python311\Lib\site-packages\httpx\_client.py", line 1694, in _send_handling_redirects
    response = await self._send_single_request(request)
               ^^^^^^^^^^^^^^^^^^^^^^^^^^^^^^^^^^^^^^^^
  File "C:\Users\sajjadlh8\AppData\Local\Programs\Python\Python311\Lib\site-packages\httpx\_client.py", line 1730, in _send_single_request
    response = await transport.handle_async_request(request)
               ^^^^^^^^^^^^^^^^^^^^^^^^^^^^^^^^^^^^^^^^^^^^^
  File "C:\Users\sajjadlh8\AppData\Local\Programs\Python\Python311\Lib\site-packages\httpx\_transports\default.py", line 393, in handle_async_request
    with map_httpcore_exceptions():
  File "C:\Users\sajjadlh8\AppData\Local\Programs\Python\Python311\Lib\contextlib.py", line 155, in __exit__
    self.gen.throw(typ, value, traceback)
  File "C:\Users\sajjadlh8\AppData\Local\Programs\Python\Python311\Lib\site-packages\httpx\_transports\default.py", line 118, in map_httpcore_exceptions
    raise mapped_exc(message) from exc
httpx.ConnectError: [Errno 11001] getaddrinfo failed

The above exception was the direct cause of the following exception:

Traceback (most recent call last):
  File "C:\Users\sajjadlh8\AppData\Local\Programs\Python\Python311\Lib\site-packages\telegram\ext\_updater.py", line 753, in _network_loop_retry
    if not await do_action():
           ^^^^^^^^^^^^^^^^^
  File "C:\Users\sajjadlh8\AppData\Local\Programs\Python\Python311\Lib\site-packages\telegram\ext\_updater.py", line 747, in do_action
    return action_cb_task.result()
           ^^^^^^^^^^^^^^^^^^^^^^^
  File "C:\Users\sajjadlh8\AppData\Local\Programs\Python\Python311\Lib\site-packages\telegram\ext\_updater.py", line 377, in polling_action_cb
    updates = await self.bot.get_updates(
              ^^^^^^^^^^^^^^^^^^^^^^^^^^^
  File "C:\Users\sajjadlh8\AppData\Local\Programs\Python\Python311\Lib\site-packages\telegram\ext\_extbot.py", line 649, in get_updates
    updates = await super().get_updates(
              ^^^^^^^^^^^^^^^^^^^^^^^^^^
  File "C:\Users\sajjadlh8\AppData\Local\Programs\Python\Python311\Lib\site-packages\telegram\_bot.py", line 4366, in get_updates
    await self._post(
  File "C:\Users\sajjadlh8\AppData\Local\Programs\Python\Python311\Lib\site-packages\telegram\_bot.py", line 623, in _post
    return await self._do_post(
           ^^^^^^^^^^^^^^^^^^^^
  File "C:\Users\sajjadlh8\AppData\Local\Programs\Python\Python311\Lib\site-packages\telegram\ext\_extbot.py", line 355, in _do_post
    return await super()._do_post(
           ^^^^^^^^^^^^^^^^^^^^^^^
  File "C:\Users\sajjadlh8\AppData\Local\Programs\Python\Python311\Lib\site-packages\telegram\_bot.py", line 652, in _do_post
    result = await request.post(
             ^^^^^^^^^^^^^^^^^^^
  File "C:\Users\sajjadlh8\AppData\Local\Programs\Python\Python311\Lib\site-packages\telegram\request\_baserequest.py", line 201, in post
    result = await self._request_wrapper(
             ^^^^^^^^^^^^^^^^^^^^^^^^^^^^
  File "C:\Users\sajjadlh8\AppData\Local\Programs\Python\Python311\Lib\site-packages\telegram\request\_baserequest.py", line 333, in _request_wrapper
    code, payload = await self.do_request(
                    ^^^^^^^^^^^^^^^^^^^^^^
  File "C:\Users\sajjadlh8\AppData\Local\Programs\Python\Python311\Lib\site-packages\telegram\request\_httpxrequest.py", line 316, in do_request
    raise NetworkError(f"httpx.{err.__class__.__name__}: {err}") from err
telegram.error.NetworkError: httpx.ConnectError: [Errno 11001] getaddrinfo failed
2026-09-09 20:07:14,186 ERROR finmentor.bot :: bot handler failed: httpx.ConnectError: [Errno 11001] getaddrinfo failed
Traceback (most recent call last):
  File "C:\Users\sajjadlh8\AppData\Local\Programs\Python\Python311\Lib\site-packages\httpx\_transports\default.py", line 101, in map_httpcore_exceptions
    yield
  File "C:\Users\sajjadlh8\AppData\Local\Programs\Python\Python311\Lib\site-packages\httpx\_transports\default.py", line 394, in handle_async_request
    resp = await self._pool.handle_async_request(req)
           ^^^^^^^^^^^^^^^^^^^^^^^^^^^^^^^^^^^^^^^^^^
  File "C:\Users\sajjadlh8\AppData\Local\Programs\Python\Python311\Lib\site-packages\httpcore\_async\connection_pool.py", line 256, in handle_async_request
    raise exc from None
  File "C:\Users\sajjadlh8\AppData\Local\Programs\Python\Python311\Lib\site-packages\httpcore\_async\connection_pool.py", line 236, in handle_async_request
    response = await connection.handle_async_request(
               ^^^^^^^^^^^^^^^^^^^^^^^^^^^^^^^^^^^^^^
  File "C:\Users\sajjadlh8\AppData\Local\Programs\Python\Python311\Lib\site-packages\httpcore\_async\connection.py", line 101, in handle_async_request
    raise exc
  File "C:\Users\sajjadlh8\AppData\Local\Programs\Python\Python311\Lib\site-packages\httpcore\_async\connection.py", line 78, in handle_async_request
    stream = await self._connect(request)
             ^^^^^^^^^^^^^^^^^^^^^^^^^^^^
  File "C:\Users\sajjadlh8\AppData\Local\Programs\Python\Python311\Lib\site-packages\httpcore\_async\connection.py", line 124, in _connect
    stream = await self._network_backend.connect_tcp(**kwargs)
             ^^^^^^^^^^^^^^^^^^^^^^^^^^^^^^^^^^^^^^^^^^^^^^^^^
  File "C:\Users\sajjadlh8\AppData\Local\Programs\Python\Python311\Lib\site-packages\httpcore\_backends\auto.py", line 31, in connect_tcp
    return await self._backend.connect_tcp(
           ^^^^^^^^^^^^^^^^^^^^^^^^^^^^^^^^
  File "C:\Users\sajjadlh8\AppData\Local\Programs\Python\Python311\Lib\site-packages\httpcore\_backends\anyio.py", line 113, in connect_tcp
    with map_exceptions(exc_map):
  File "C:\Users\sajjadlh8\AppData\Local\Programs\Python\Python311\Lib\contextlib.py", line 155, in __exit__
    self.gen.throw(typ, value, traceback)
  File "C:\Users\sajjadlh8\AppData\Local\Programs\Python\Python311\Lib\site-packages\httpcore\_exceptions.py", line 14, in map_exceptions
    raise to_exc(exc) from exc
httpcore.ConnectError: [Errno 11001] getaddrinfo failed

The above exception was the direct cause of the following exception:

Traceback (most recent call last):
  File "C:\Users\sajjadlh8\AppData\Local\Programs\Python\Python311\Lib\site-packages\telegram\request\_httpxrequest.py", line 292, in do_request
    res = await self._client.request(
          ^^^^^^^^^^^^^^^^^^^^^^^^^^^
  File "C:\Users\sajjadlh8\AppData\Local\Programs\Python\Python311\Lib\site-packages\httpx\_client.py", line 1540, in request
    return await self.send(request, auth=auth, follow_redirects=follow_redirects)
           ^^^^^^^^^^^^^^^^^^^^^^^^^^^^^^^^^^^^^^^^^^^^^^^^^^^^^^^^^^^^^^^^^^^^^^
  File "C:\Users\sajjadlh8\AppData\Local\Programs\Python\Python311\Lib\site-packages\httpx\_client.py", line 1629, in send
    response = await self._send_handling_auth(
               ^^^^^^^^^^^^^^^^^^^^^^^^^^^^^^^
  File "C:\Users\sajjadlh8\AppData\Local\Programs\Python\Python311\Lib\site-packages\httpx\_client.py", line 1657, in _send_handling_auth
    response = await self._send_handling_redirects(
               ^^^^^^^^^^^^^^^^^^^^^^^^^^^^^^^^^^^^
  File "C:\Users\sajjadlh8\AppData\Local\Programs\Python\Python311\Lib\site-packages\httpx\_client.py", line 1694, in _send_handling_redirects
    response = await self._send_single_request(request)
               ^^^^^^^^^^^^^^^^^^^^^^^^^^^^^^^^^^^^^^^^
  File "C:\Users\sajjadlh8\AppData\Local\Programs\Python\Python311\Lib\site-packages\httpx\_client.py", line 1730, in _send_single_request
    response = await transport.handle_async_request(request)
               ^^^^^^^^^^^^^^^^^^^^^^^^^^^^^^^^^^^^^^^^^^^^^
  File "C:\Users\sajjadlh8\AppData\Local\Programs\Python\Python311\Lib\site-packages\httpx\_transports\default.py", line 393, in handle_async_request
    with map_httpcore_exceptions():
  File "C:\Users\sajjadlh8\AppData\Local\Programs\Python\Python311\Lib\contextlib.py", line 155, in __exit__
    self.gen.throw(typ, value, traceback)
  File "C:\Users\sajjadlh8\AppData\Local\Programs\Python\Python311\Lib\site-packages\httpx\_transports\default.py", line 118, in map_httpcore_exceptions
    raise mapped_exc(message) from exc
httpx.ConnectError: [Errno 11001] getaddrinfo failed

The above exception was the direct cause of the following exception:

Traceback (most recent call last):
  File "C:\Users\sajjadlh8\AppData\Local\Programs\Python\Python311\Lib\site-packages\telegram\ext\_updater.py", line 753, in _network_loop_retry
    if not await do_action():
           ^^^^^^^^^^^^^^^^^
  File "C:\Users\sajjadlh8\AppData\Local\Programs\Python\Python311\Lib\site-packages\telegram\ext\_updater.py", line 747, in do_action
    return action_cb_task.result()
           ^^^^^^^^^^^^^^^^^^^^^^^
  File "C:\Users\sajjadlh8\AppData\Local\Programs\Python\Python311\Lib\site-packages\telegram\ext\_updater.py", line 377, in polling_action_cb
    updates = await self.bot.get_updates(
              ^^^^^^^^^^^^^^^^^^^^^^^^^^^
  File "C:\Users\sajjadlh8\AppData\Local\Programs\Python\Python311\Lib\site-packages\telegram\ext\_extbot.py", line 649, in get_updates
    updates = await super().get_updates(
              ^^^^^^^^^^^^^^^^^^^^^^^^^^
  File "C:\Users\sajjadlh8\AppData\Local\Programs\Python\Python311\Lib\site-packages\telegram\_bot.py", line 4366, in get_updates
    await self._post(
  File "C:\Users\sajjadlh8\AppData\Local\Programs\Python\Python311\Lib\site-packages\telegram\_bot.py", line 623, in _post
    return await self._do_post(
           ^^^^^^^^^^^^^^^^^^^^
  File "C:\Users\sajjadlh8\AppData\Local\Programs\Python\Python311\Lib\site-packages\telegram\ext\_extbot.py", line 355, in _do_post
    return await super()._do_post(
           ^^^^^^^^^^^^^^^^^^^^^^^
  File "C:\Users\sajjadlh8\AppData\Local\Programs\Python\Python311\Lib\site-packages\telegram\_bot.py", line 652, in _do_post
    result = await request.post(
             ^^^^^^^^^^^^^^^^^^^
  File "C:\Users\sajjadlh8\AppData\Local\Programs\Python\Python311\Lib\site-packages\telegram\request\_baserequest.py", line 201, in post
    result = await self._request_wrapper(
             ^^^^^^^^^^^^^^^^^^^^^^^^^^^^
  File "C:\Users\sajjadlh8\AppData\Local\Programs\Python\Python311\Lib\site-packages\telegram\request\_baserequest.py", line 333, in _request_wrapper
    code, payload = await self.do_request(
                    ^^^^^^^^^^^^^^^^^^^^^^
  File "C:\Users\sajjadlh8\AppData\Local\Programs\Python\Python311\Lib\site-packages\telegram\request\_httpxrequest.py", line 316, in do_request
    raise NetworkError(f"httpx.{err.__class__.__name__}: {err}") from err
telegram.error.NetworkError: httpx.ConnectError: [Errno 11001] getaddrinfo failed
2026-09-09 20:07:26,461 ERROR finmentor.bot :: bot handler failed: httpx.ConnectError: [Errno 11001] getaddrinfo failed
Traceback (most recent call last):
  File "C:\Users\sajjadlh8\AppData\Local\Programs\Python\Python311\Lib\site-packages\httpx\_transports\default.py", line 101, in map_httpcore_exceptions
    yield
  File "C:\Users\sajjadlh8\AppData\Local\Programs\Python\Python311\Lib\site-packages\httpx\_transports\default.py", line 394, in handle_async_request
    resp = await self._pool.handle_async_request(req)
           ^^^^^^^^^^^^^^^^^^^^^^^^^^^^^^^^^^^^^^^^^^
  File "C:\Users\sajjadlh8\AppData\Local\Programs\Python\Python311\Lib\site-packages\httpcore\_async\connection_pool.py", line 256, in handle_async_request
    raise exc from None
  File "C:\Users\sajjadlh8\AppData\Local\Programs\Python\Python311\Lib\site-packages\httpcore\_async\connection_pool.py", line 236, in handle_async_request
    response = await connection.handle_async_request(
               ^^^^^^^^^^^^^^^^^^^^^^^^^^^^^^^^^^^^^^
  File "C:\Users\sajjadlh8\AppData\Local\Programs\Python\Python311\Lib\site-packages\httpcore\_async\connection.py", line 101, in handle_async_request
    raise exc
  File "C:\Users\sajjadlh8\AppData\Local\Programs\Python\Python311\Lib\site-packages\httpcore\_async\connection.py", line 78, in handle_async_request
    stream = await self._connect(request)
             ^^^^^^^^^^^^^^^^^^^^^^^^^^^^
  File "C:\Users\sajjadlh8\AppData\Local\Programs\Python\Python311\Lib\site-packages\httpcore\_async\connection.py", line 124, in _connect
    stream = await self._network_backend.connect_tcp(**kwargs)
             ^^^^^^^^^^^^^^^^^^^^^^^^^^^^^^^^^^^^^^^^^^^^^^^^^
  File "C:\Users\sajjadlh8\AppData\Local\Programs\Python\Python311\Lib\site-packages\httpcore\_backends\auto.py", line 31, in connect_tcp
    return await self._backend.connect_tcp(
           ^^^^^^^^^^^^^^^^^^^^^^^^^^^^^^^^
  File "C:\Users\sajjadlh8\AppData\Local\Programs\Python\Python311\Lib\site-packages\httpcore\_backends\anyio.py", line 113, in connect_tcp
    with map_exceptions(exc_map):
  File "C:\Users\sajjadlh8\AppData\Local\Programs\Python\Python311\Lib\contextlib.py", line 155, in __exit__
    self.gen.throw(typ, value, traceback)
  File "C:\Users\sajjadlh8\AppData\Local\Programs\Python\Python311\Lib\site-packages\httpcore\_exceptions.py", line 14, in map_exceptions
    raise to_exc(exc) from exc
httpcore.ConnectError: [Errno 11001] getaddrinfo failed

The above exception was the direct cause of the following exception:

Traceback (most recent call last):
  File "C:\Users\sajjadlh8\AppData\Local\Programs\Python\Python311\Lib\site-packages\telegram\request\_httpxrequest.py", line 292, in do_request
    res = await self._client.request(
          ^^^^^^^^^^^^^^^^^^^^^^^^^^^
  File "C:\Users\sajjadlh8\AppData\Local\Programs\Python\Python311\Lib\site-packages\httpx\_client.py", line 1540, in request
    return await self.send(request, auth=auth, follow_redirects=follow_redirects)
           ^^^^^^^^^^^^^^^^^^^^^^^^^^^^^^^^^^^^^^^^^^^^^^^^^^^^^^^^^^^^^^^^^^^^^^
  File "C:\Users\sajjadlh8\AppData\Local\Programs\Python\Python311\Lib\site-packages\httpx\_client.py", line 1629, in send
    response = await self._send_handling_auth(
               ^^^^^^^^^^^^^^^^^^^^^^^^^^^^^^^
  File "C:\Users\sajjadlh8\AppData\Local\Programs\Python\Python311\Lib\site-packages\httpx\_client.py", line 1657, in _send_handling_auth
    response = await self._send_handling_redirects(
               ^^^^^^^^^^^^^^^^^^^^^^^^^^^^^^^^^^^^
  File "C:\Users\sajjadlh8\AppData\Local\Programs\Python\Python311\Lib\site-packages\httpx\_client.py", line 1694, in _send_handling_redirects
    response = await self._send_single_request(request)
               ^^^^^^^^^^^^^^^^^^^^^^^^^^^^^^^^^^^^^^^^
  File "C:\Users\sajjadlh8\AppData\Local\Programs\Python\Python311\Lib\site-packages\httpx\_client.py", line 1730, in _send_single_request
    response = await transport.handle_async_request(request)
               ^^^^^^^^^^^^^^^^^^^^^^^^^^^^^^^^^^^^^^^^^^^^^
  File "C:\Users\sajjadlh8\AppData\Local\Programs\Python\Python311\Lib\site-packages\httpx\_transports\default.py", line 393, in handle_async_request
    with map_httpcore_exceptions():
  File "C:\Users\sajjadlh8\AppData\Local\Programs\Python\Python311\Lib\contextlib.py", line 155, in __exit__
    self.gen.throw(typ, value, traceback)
  File "C:\Users\sajjadlh8\AppData\Local\Programs\Python\Python311\Lib\site-packages\httpx\_transports\default.py", line 118, in map_httpcore_exceptions
    raise mapped_exc(message) from exc
httpx.ConnectError: [Errno 11001] getaddrinfo failed

The above exception was the direct cause of the following exception:

Traceback (most recent call last):
  File "C:\Users\sajjadlh8\AppData\Local\Programs\Python\Python311\Lib\site-packages\telegram\ext\_updater.py", line 753, in _network_loop_retry
    if not await do_action():
           ^^^^^^^^^^^^^^^^^
  File "C:\Users\sajjadlh8\AppData\Local\Programs\Python\Python311\Lib\site-packages\telegram\ext\_updater.py", line 747, in do_action
    return action_cb_task.result()
           ^^^^^^^^^^^^^^^^^^^^^^^
  File "C:\Users\sajjadlh8\AppData\Local\Programs\Python\Python311\Lib\site-packages\telegram\ext\_updater.py", line 377, in polling_action_cb
    updates = await self.bot.get_updates(
              ^^^^^^^^^^^^^^^^^^^^^^^^^^^
  File "C:\Users\sajjadlh8\AppData\Local\Programs\Python\Python311\Lib\site-packages\telegram\ext\_extbot.py", line 649, in get_updates
    updates = await super().get_updates(
              ^^^^^^^^^^^^^^^^^^^^^^^^^^
  File "C:\Users\sajjadlh8\AppData\Local\Programs\Python\Python311\Lib\site-packages\telegram\_bot.py", line 4366, in get_updates
    await self._post(
  File "C:\Users\sajjadlh8\AppData\Local\Programs\Python\Python311\Lib\site-packages\telegram\_bot.py", line 623, in _post
    return await self._do_post(
           ^^^^^^^^^^^^^^^^^^^^
  File "C:\Users\sajjadlh8\AppData\Local\Programs\Python\Python311\Lib\site-packages\telegram\ext\_extbot.py", line 355, in _do_post
    return await super()._do_post(
           ^^^^^^^^^^^^^^^^^^^^^^^
  File "C:\Users\sajjadlh8\AppData\Local\Programs\Python\Python311\Lib\site-packages\telegram\_bot.py", line 652, in _do_post
    result = await request.post(
             ^^^^^^^^^^^^^^^^^^^
  File "C:\Users\sajjadlh8\AppData\Local\Programs\Python\Python311\Lib\site-packages\telegram\request\_baserequest.py", line 201, in post
    result = await self._request_wrapper(
             ^^^^^^^^^^^^^^^^^^^^^^^^^^^^
  File "C:\Users\sajjadlh8\AppData\Local\Programs\Python\Python311\Lib\site-packages\telegram\request\_baserequest.py", line 333, in _request_wrapper
    code, payload = await self.do_request(
                    ^^^^^^^^^^^^^^^^^^^^^^
  File "C:\Users\sajjadlh8\AppData\Local\Programs\Python\Python311\Lib\site-packages\telegram\request\_httpxrequest.py", line 316, in do_request
    raise NetworkError(f"httpx.{err.__class__.__name__}: {err}") from err
telegram.error.NetworkError: httpx.ConnectError: [Errno 11001] getaddrinfo failed
2026-09-09 20:07:27,465 ERROR finmentor.bot :: bot handler failed: httpx.ConnectError: [Errno 11001] getaddrinfo failed
Traceback (most recent call last):
  File "C:\Users\sajjadlh8\AppData\Local\Programs\Python\Python311\Lib\site-packages\httpx\_transports\default.py", line 101, in map_httpcore_exceptions
    yield
  File "C:\Users\sajjadlh8\AppData\Local\Programs\Python\Python311\Lib\site-packages\httpx\_transports\default.py", line 394, in handle_async_request
    resp = await self._pool.handle_async_request(req)
           ^^^^^^^^^^^^^^^^^^^^^^^^^^^^^^^^^^^^^^^^^^
  File "C:\Users\sajjadlh8\AppData\Local\Programs\Python\Python311\Lib\site-packages\httpcore\_async\connection_pool.py", line 256, in handle_async_request
    raise exc from None
  File "C:\Users\sajjadlh8\AppData\Local\Programs\Python\Python311\Lib\site-packages\httpcore\_async\connection_pool.py", line 236, in handle_async_request
    response = await connection.handle_async_request(
               ^^^^^^^^^^^^^^^^^^^^^^^^^^^^^^^^^^^^^^
  File "C:\Users\sajjadlh8\AppData\Local\Programs\Python\Python311\Lib\site-packages\httpcore\_async\connection.py", line 101, in handle_async_request
    raise exc
  File "C:\Users\sajjadlh8\AppData\Local\Programs\Python\Python311\Lib\site-packages\httpcore\_async\connection.py", line 78, in handle_async_request
    stream = await self._connect(request)
             ^^^^^^^^^^^^^^^^^^^^^^^^^^^^
  File "C:\Users\sajjadlh8\AppData\Local\Programs\Python\Python311\Lib\site-packages\httpcore\_async\connection.py", line 124, in _connect
    stream = await self._network_backend.connect_tcp(**kwargs)
             ^^^^^^^^^^^^^^^^^^^^^^^^^^^^^^^^^^^^^^^^^^^^^^^^^
  File "C:\Users\sajjadlh8\AppData\Local\Programs\Python\Python311\Lib\site-packages\httpcore\_backends\auto.py", line 31, in connect_tcp
    return await self._backend.connect_tcp(
           ^^^^^^^^^^^^^^^^^^^^^^^^^^^^^^^^
  File "C:\Users\sajjadlh8\AppData\Local\Programs\Python\Python311\Lib\site-packages\httpcore\_backends\anyio.py", line 113, in connect_tcp
    with map_exceptions(exc_map):
  File "C:\Users\sajjadlh8\AppData\Local\Programs\Python\Python311\Lib\contextlib.py", line 155, in __exit__
    self.gen.throw(typ, value, traceback)
  File "C:\Users\sajjadlh8\AppData\Local\Programs\Python\Python311\Lib\site-packages\httpcore\_exceptions.py", line 14, in map_exceptions
    raise to_exc(exc) from exc
httpcore.ConnectError: [Errno 11001] getaddrinfo failed

The above exception was the direct cause of the following exception:

Traceback (most recent call last):
  File "C:\Users\sajjadlh8\AppData\Local\Programs\Python\Python311\Lib\site-packages\telegram\request\_httpxrequest.py", line 292, in do_request
    res = await self._client.request(
          ^^^^^^^^^^^^^^^^^^^^^^^^^^^
  File "C:\Users\sajjadlh8\AppData\Local\Programs\Python\Python311\Lib\site-packages\httpx\_client.py", line 1540, in request
    return await self.send(request, auth=auth, follow_redirects=follow_redirects)
           ^^^^^^^^^^^^^^^^^^^^^^^^^^^^^^^^^^^^^^^^^^^^^^^^^^^^^^^^^^^^^^^^^^^^^^
  File "C:\Users\sajjadlh8\AppData\Local\Programs\Python\Python311\Lib\site-packages\httpx\_client.py", line 1629, in send
    response = await self._send_handling_auth(
               ^^^^^^^^^^^^^^^^^^^^^^^^^^^^^^^
  File "C:\Users\sajjadlh8\AppData\Local\Programs\Python\Python311\Lib\site-packages\httpx\_client.py", line 1657, in _send_handling_auth
    response = await self._send_handling_redirects(
               ^^^^^^^^^^^^^^^^^^^^^^^^^^^^^^^^^^^^
  File "C:\Users\sajjadlh8\AppData\Local\Programs\Python\Python311\Lib\site-packages\httpx\_client.py", line 1694, in _send_handling_redirects
    response = await self._send_single_request(request)
               ^^^^^^^^^^^^^^^^^^^^^^^^^^^^^^^^^^^^^^^^
  File "C:\Users\sajjadlh8\AppData\Local\Programs\Python\Python311\Lib\site-packages\httpx\_client.py", line 1730, in _send_single_request
    response = await transport.handle_async_request(request)
               ^^^^^^^^^^^^^^^^^^^^^^^^^^^^^^^^^^^^^^^^^^^^^
  File "C:\Users\sajjadlh8\AppData\Local\Programs\Python\Python311\Lib\site-packages\httpx\_transports\default.py", line 393, in handle_async_request
    with map_httpcore_exceptions():
  File "C:\Users\sajjadlh8\AppData\Local\Programs\Python\Python311\Lib\contextlib.py", line 155, in __exit__
    self.gen.throw(typ, value, traceback)
  File "C:\Users\sajjadlh8\AppData\Local\Programs\Python\Python311\Lib\site-packages\httpx\_transports\default.py", line 118, in map_httpcore_exceptions
    raise mapped_exc(message) from exc
httpx.ConnectError: [Errno 11001] getaddrinfo failed

The above exception was the direct cause of the following exception:

Traceback (most recent call last):
  File "C:\Users\sajjadlh8\AppData\Local\Programs\Python\Python311\Lib\site-packages\telegram\ext\_updater.py", line 753, in _network_loop_retry
    if not await do_action():
           ^^^^^^^^^^^^^^^^^
  File "C:\Users\sajjadlh8\AppData\Local\Programs\Python\Python311\Lib\site-packages\telegram\ext\_updater.py", line 747, in do_action
    return action_cb_task.result()
           ^^^^^^^^^^^^^^^^^^^^^^^
  File "C:\Users\sajjadlh8\AppData\Local\Programs\Python\Python311\Lib\site-packages\telegram\ext\_updater.py", line 377, in polling_action_cb
    updates = await self.bot.get_updates(
              ^^^^^^^^^^^^^^^^^^^^^^^^^^^
  File "C:\Users\sajjadlh8\AppData\Local\Programs\Python\Python311\Lib\site-packages\telegram\ext\_extbot.py", line 649, in get_updates
    updates = await super().get_updates(
              ^^^^^^^^^^^^^^^^^^^^^^^^^^
  File "C:\Users\sajjadlh8\AppData\Local\Programs\Python\Python311\Lib\site-packages\telegram\_bot.py", line 4366, in get_updates
    await self._post(
  File "C:\Users\sajjadlh8\AppData\Local\Programs\Python\Python311\Lib\site-packages\telegram\_bot.py", line 623, in _post
    return await self._do_post(
           ^^^^^^^^^^^^^^^^^^^^
  File "C:\Users\sajjadlh8\AppData\Local\Programs\Python\Python311\Lib\site-packages\telegram\ext\_extbot.py", line 355, in _do_post
    return await super()._do_post(
           ^^^^^^^^^^^^^^^^^^^^^^^
  File "C:\Users\sajjadlh8\AppData\Local\Programs\Python\Python311\Lib\site-packages\telegram\_bot.py", line 652, in _do_post
    result = await request.post(
             ^^^^^^^^^^^^^^^^^^^
  File "C:\Users\sajjadlh8\AppData\Local\Programs\Python\Python311\Lib\site-packages\telegram\request\_baserequest.py", line 201, in post
    result = await self._request_wrapper(
             ^^^^^^^^^^^^^^^^^^^^^^^^^^^^
  File "C:\Users\sajjadlh8\AppData\Local\Programs\Python\Python311\Lib\site-packages\telegram\request\_baserequest.py", line 333, in _request_wrapper
    code, payload = await self.do_request(
                    ^^^^^^^^^^^^^^^^^^^^^^
  File "C:\Users\sajjadlh8\AppData\Local\Programs\Python\Python311\Lib\site-packages\telegram\request\_httpxrequest.py", line 316, in do_request
    raise NetworkError(f"httpx.{err.__class__.__name__}: {err}") from err
telegram.error.NetworkError: httpx.ConnectError: [Errno 11001] getaddrinfo failed
2026-09-09 20:07:39,003 ERROR finmentor.bot :: bot handler failed: httpx.ConnectError: [Errno 11001] getaddrinfo failed
Traceback (most recent call last):
  File "C:\Users\sajjadlh8\AppData\Local\Programs\Python\Python311\Lib\site-packages\httpx\_transports\default.py", line 101, in map_httpcore_exceptions
    yield
  File "C:\Users\sajjadlh8\AppData\Local\Programs\Python\Python311\Lib\site-packages\httpx\_transports\default.py", line 394, in handle_async_request
    resp = await self._pool.handle_async_request(req)
           ^^^^^^^^^^^^^^^^^^^^^^^^^^^^^^^^^^^^^^^^^^
  File "C:\Users\sajjadlh8\AppData\Local\Programs\Python\Python311\Lib\site-packages\httpcore\_async\connection_pool.py", line 256, in handle_async_request
    raise exc from None
  File "C:\Users\sajjadlh8\AppData\Local\Programs\Python\Python311\Lib\site-packages\httpcore\_async\connection_pool.py", line 236, in handle_async_request
    response = await connection.handle_async_request(
               ^^^^^^^^^^^^^^^^^^^^^^^^^^^^^^^^^^^^^^
  File "C:\Users\sajjadlh8\AppData\Local\Programs\Python\Python311\Lib\site-packages\httpcore\_async\connection.py", line 101, in handle_async_request
    raise exc
  File "C:\Users\sajjadlh8\AppData\Local\Programs\Python\Python311\Lib\site-packages\httpcore\_async\connection.py", line 78, in handle_async_request
    stream = await self._connect(request)
             ^^^^^^^^^^^^^^^^^^^^^^^^^^^^
  File "C:\Users\sajjadlh8\AppData\Local\Programs\Python\Python311\Lib\site-packages\httpcore\_async\connection.py", line 124, in _connect
    stream = await self._network_backend.connect_tcp(**kwargs)
             ^^^^^^^^^^^^^^^^^^^^^^^^^^^^^^^^^^^^^^^^^^^^^^^^^
  File "C:\Users\sajjadlh8\AppData\Local\Programs\Python\Python311\Lib\site-packages\httpcore\_backends\auto.py", line 31, in connect_tcp
    return await self._backend.connect_tcp(
           ^^^^^^^^^^^^^^^^^^^^^^^^^^^^^^^^
  File "C:\Users\sajjadlh8\AppData\Local\Programs\Python\Python311\Lib\site-packages\httpcore\_backends\anyio.py", line 113, in connect_tcp
    with map_exceptions(exc_map):
  File "C:\Users\sajjadlh8\AppData\Local\Programs\Python\Python311\Lib\contextlib.py", line 155, in __exit__
    self.gen.throw(typ, value, traceback)
  File "C:\Users\sajjadlh8\AppData\Local\Programs\Python\Python311\Lib\site-packages\httpcore\_exceptions.py", line 14, in map_exceptions
    raise to_exc(exc) from exc
httpcore.ConnectError: [Errno 11001] getaddrinfo failed

The above exception was the direct cause of the following exception:

Traceback (most recent call last):
  File "C:\Users\sajjadlh8\AppData\Local\Programs\Python\Python311\Lib\site-packages\telegram\request\_httpxrequest.py", line 292, in do_request
    res = await self._client.request(
          ^^^^^^^^^^^^^^^^^^^^^^^^^^^
  File "C:\Users\sajjadlh8\AppData\Local\Programs\Python\Python311\Lib\site-packages\httpx\_client.py", line 1540, in request
    return await self.send(request, auth=auth, follow_redirects=follow_redirects)
           ^^^^^^^^^^^^^^^^^^^^^^^^^^^^^^^^^^^^^^^^^^^^^^^^^^^^^^^^^^^^^^^^^^^^^^
  File "C:\Users\sajjadlh8\AppData\Local\Programs\Python\Python311\Lib\site-packages\httpx\_client.py", line 1629, in send
    response = await self._send_handling_auth(
               ^^^^^^^^^^^^^^^^^^^^^^^^^^^^^^^
  File "C:\Users\sajjadlh8\AppData\Local\Programs\Python\Python311\Lib\site-packages\httpx\_client.py", line 1657, in _send_handling_auth
    response = await self._send_handling_redirects(
               ^^^^^^^^^^^^^^^^^^^^^^^^^^^^^^^^^^^^
  File "C:\Users\sajjadlh8\AppData\Local\Programs\Python\Python311\Lib\site-packages\httpx\_client.py", line 1694, in _send_handling_redirects
    response = await self._send_single_request(request)
               ^^^^^^^^^^^^^^^^^^^^^^^^^^^^^^^^^^^^^^^^
  File "C:\Users\sajjadlh8\AppData\Local\Programs\Python\Python311\Lib\site-packages\httpx\_client.py", line 1730, in _send_single_request
    response = await transport.handle_async_request(request)
               ^^^^^^^^^^^^^^^^^^^^^^^^^^^^^^^^^^^^^^^^^^^^^
  File "C:\Users\sajjadlh8\AppData\Local\Programs\Python\Python311\Lib\site-packages\httpx\_transports\default.py", line 393, in handle_async_request
    with map_httpcore_exceptions():
  File "C:\Users\sajjadlh8\AppData\Local\Programs\Python\Python311\Lib\contextlib.py", line 155, in __exit__
    self.gen.throw(typ, value, traceback)
  File "C:\Users\sajjadlh8\AppData\Local\Programs\Python\Python311\Lib\site-packages\httpx\_transports\default.py", line 118, in map_httpcore_exceptions
    raise mapped_exc(message) from exc
httpx.ConnectError: [Errno 11001] getaddrinfo failed

The above exception was the direct cause of the following exception:

Traceback (most recent call last):
  File "C:\Users\sajjadlh8\AppData\Local\Programs\Python\Python311\Lib\site-packages\telegram\ext\_updater.py", line 753, in _network_loop_retry
    if not await do_action():
           ^^^^^^^^^^^^^^^^^
  File "C:\Users\sajjadlh8\AppData\Local\Programs\Python\Python311\Lib\site-packages\telegram\ext\_updater.py", line 747, in do_action
    return action_cb_task.result()
           ^^^^^^^^^^^^^^^^^^^^^^^
  File "C:\Users\sajjadlh8\AppData\Local\Programs\Python\Python311\Lib\site-packages\telegram\ext\_updater.py", line 377, in polling_action_cb
    updates = await self.bot.get_updates(
              ^^^^^^^^^^^^^^^^^^^^^^^^^^^
  File "C:\Users\sajjadlh8\AppData\Local\Programs\Python\Python311\Lib\site-packages\telegram\ext\_extbot.py", line 649, in get_updates
    updates = await super().get_updates(
              ^^^^^^^^^^^^^^^^^^^^^^^^^^
  File "C:\Users\sajjadlh8\AppData\Local\Programs\Python\Python311\Lib\site-packages\telegram\_bot.py", line 4366, in get_updates
    await self._post(
  File "C:\Users\sajjadlh8\AppData\Local\Programs\Python\Python311\Lib\site-packages\telegram\_bot.py", line 623, in _post
    return await self._do_post(
           ^^^^^^^^^^^^^^^^^^^^
  File "C:\Users\sajjadlh8\AppData\Local\Programs\Python\Python311\Lib\site-packages\telegram\ext\_extbot.py", line 355, in _do_post
    return await super()._do_post(
           ^^^^^^^^^^^^^^^^^^^^^^^
  File "C:\Users\sajjadlh8\AppData\Local\Programs\Python\Python311\Lib\site-packages\telegram\_bot.py", line 652, in _do_post
    result = await request.post(
             ^^^^^^^^^^^^^^^^^^^
  File "C:\Users\sajjadlh8\AppData\Local\Programs\Python\Python311\Lib\site-packages\telegram\request\_baserequest.py", line 201, in post
    result = await self._request_wrapper(
             ^^^^^^^^^^^^^^^^^^^^^^^^^^^^
  File "C:\Users\sajjadlh8\AppData\Local\Programs\Python\Python311\Lib\site-packages\telegram\request\_baserequest.py", line 333, in _request_wrapper
    code, payload = await self.do_request(
                    ^^^^^^^^^^^^^^^^^^^^^^
  File "C:\Users\sajjadlh8\AppData\Local\Programs\Python\Python311\Lib\site-packages\telegram\request\_httpxrequest.py", line 316, in do_request
    raise NetworkError(f"httpx.{err.__class__.__name__}: {err}") from err
telegram.error.NetworkError: httpx.ConnectError: [Errno 11001] getaddrinfo failed
2026-09-09 20:07:40,006 ERROR finmentor.bot :: bot handler failed: httpx.ConnectError: [Errno 11001] getaddrinfo failed
Traceback (most recent call last):
  File "C:\Users\sajjadlh8\AppData\Local\Programs\Python\Python311\Lib\site-packages\httpx\_transports\default.py", line 101, in map_httpcore_exceptions
    yield
  File "C:\Users\sajjadlh8\AppData\Local\Programs\Python\Python311\Lib\site-packages\httpx\_transports\default.py", line 394, in handle_async_request
    resp = await self._pool.handle_async_request(req)
           ^^^^^^^^^^^^^^^^^^^^^^^^^^^^^^^^^^^^^^^^^^
  File "C:\Users\sajjadlh8\AppData\Local\Programs\Python\Python311\Lib\site-packages\httpcore\_async\connection_pool.py", line 256, in handle_async_request
    raise exc from None
  File "C:\Users\sajjadlh8\AppData\Local\Programs\Python\Python311\Lib\site-packages\httpcore\_async\connection_pool.py", line 236, in handle_async_request
    response = await connection.handle_async_request(
               ^^^^^^^^^^^^^^^^^^^^^^^^^^^^^^^^^^^^^^
  File "C:\Users\sajjadlh8\AppData\Local\Programs\Python\Python311\Lib\site-packages\httpcore\_async\connection.py", line 101, in handle_async_request
    raise exc
  File "C:\Users\sajjadlh8\AppData\Local\Programs\Python\Python311\Lib\site-packages\httpcore\_async\connection.py", line 78, in handle_async_request
    stream = await self._connect(request)
             ^^^^^^^^^^^^^^^^^^^^^^^^^^^^
  File "C:\Users\sajjadlh8\AppData\Local\Programs\Python\Python311\Lib\site-packages\httpcore\_async\connection.py", line 124, in _connect
    stream = await self._network_backend.connect_tcp(**kwargs)
             ^^^^^^^^^^^^^^^^^^^^^^^^^^^^^^^^^^^^^^^^^^^^^^^^^
  File "C:\Users\sajjadlh8\AppData\Local\Programs\Python\Python311\Lib\site-packages\httpcore\_backends\auto.py", line 31, in connect_tcp
    return await self._backend.connect_tcp(
           ^^^^^^^^^^^^^^^^^^^^^^^^^^^^^^^^
  File "C:\Users\sajjadlh8\AppData\Local\Programs\Python\Python311\Lib\site-packages\httpcore\_backends\anyio.py", line 113, in connect_tcp
    with map_exceptions(exc_map):
  File "C:\Users\sajjadlh8\AppData\Local\Programs\Python\Python311\Lib\contextlib.py", line 155, in __exit__
    self.gen.throw(typ, value, traceback)
  File "C:\Users\sajjadlh8\AppData\Local\Programs\Python\Python311\Lib\site-packages\httpcore\_exceptions.py", line 14, in map_exceptions
    raise to_exc(exc) from exc
httpcore.ConnectError: [Errno 11001] getaddrinfo failed

The above exception was the direct cause of the following exception:

Traceback (most recent call last):
  File "C:\Users\sajjadlh8\AppData\Local\Programs\Python\Python311\Lib\site-packages\telegram\request\_httpxrequest.py", line 292, in do_request
    res = await self._client.request(
          ^^^^^^^^^^^^^^^^^^^^^^^^^^^
  File "C:\Users\sajjadlh8\AppData\Local\Programs\Python\Python311\Lib\site-packages\httpx\_client.py", line 1540, in request
    return await self.send(request, auth=auth, follow_redirects=follow_redirects)
           ^^^^^^^^^^^^^^^^^^^^^^^^^^^^^^^^^^^^^^^^^^^^^^^^^^^^^^^^^^^^^^^^^^^^^^
  File "C:\Users\sajjadlh8\AppData\Local\Programs\Python\Python311\Lib\site-packages\httpx\_client.py", line 1629, in send
    response = await self._send_handling_auth(
               ^^^^^^^^^^^^^^^^^^^^^^^^^^^^^^^
  File "C:\Users\sajjadlh8\AppData\Local\Programs\Python\Python311\Lib\site-packages\httpx\_client.py", line 1657, in _send_handling_auth
    response = await self._send_handling_redirects(
               ^^^^^^^^^^^^^^^^^^^^^^^^^^^^^^^^^^^^
  File "C:\Users\sajjadlh8\AppData\Local\Programs\Python\Python311\Lib\site-packages\httpx\_client.py", line 1694, in _send_handling_redirects
    response = await self._send_single_request(request)
               ^^^^^^^^^^^^^^^^^^^^^^^^^^^^^^^^^^^^^^^^
  File "C:\Users\sajjadlh8\AppData\Local\Programs\Python\Python311\Lib\site-packages\httpx\_client.py", line 1730, in _send_single_request
    response = await transport.handle_async_request(request)
               ^^^^^^^^^^^^^^^^^^^^^^^^^^^^^^^^^^^^^^^^^^^^^
  File "C:\Users\sajjadlh8\AppData\Local\Programs\Python\Python311\Lib\site-packages\httpx\_transports\default.py", line 393, in handle_async_request
    with map_httpcore_exceptions():
  File "C:\Users\sajjadlh8\AppData\Local\Programs\Python\Python311\Lib\contextlib.py", line 155, in __exit__
    self.gen.throw(typ, value, traceback)
  File "C:\Users\sajjadlh8\AppData\Local\Programs\Python\Python311\Lib\site-packages\httpx\_transports\default.py", line 118, in map_httpcore_exceptions
    raise mapped_exc(message) from exc
httpx.ConnectError: [Errno 11001] getaddrinfo failed

The above exception was the direct cause of the following exception:

Traceback (most recent call last):
  File "C:\Users\sajjadlh8\AppData\Local\Programs\Python\Python311\Lib\site-packages\telegram\ext\_updater.py", line 753, in _network_loop_retry
    if not await do_action():
           ^^^^^^^^^^^^^^^^^
  File "C:\Users\sajjadlh8\AppData\Local\Programs\Python\Python311\Lib\site-packages\telegram\ext\_updater.py", line 747, in do_action
    return action_cb_task.result()
           ^^^^^^^^^^^^^^^^^^^^^^^
  File "C:\Users\sajjadlh8\AppData\Local\Programs\Python\Python311\Lib\site-packages\telegram\ext\_updater.py", line 377, in polling_action_cb
    updates = await self.bot.get_updates(
              ^^^^^^^^^^^^^^^^^^^^^^^^^^^
  File "C:\Users\sajjadlh8\AppData\Local\Programs\Python\Python311\Lib\site-packages\telegram\ext\_extbot.py", line 649, in get_updates
    updates = await super().get_updates(
              ^^^^^^^^^^^^^^^^^^^^^^^^^^
  File "C:\Users\sajjadlh8\AppData\Local\Programs\Python\Python311\Lib\site-packages\telegram\_bot.py", line 4366, in get_updates
    await self._post(
  File "C:\Users\sajjadlh8\AppData\Local\Programs\Python\Python311\Lib\site-packages\telegram\_bot.py", line 623, in _post
    return await self._do_post(
           ^^^^^^^^^^^^^^^^^^^^
  File "C:\Users\sajjadlh8\AppData\Local\Programs\Python\Python311\Lib\site-packages\telegram\ext\_extbot.py", line 355, in _do_post
    return await super()._do_post(
           ^^^^^^^^^^^^^^^^^^^^^^^
  File "C:\Users\sajjadlh8\AppData\Local\Programs\Python\Python311\Lib\site-packages\telegram\_bot.py", line 652, in _do_post
    result = await request.post(
             ^^^^^^^^^^^^^^^^^^^
  File "C:\Users\sajjadlh8\AppData\Local\Programs\Python\Python311\Lib\site-packages\telegram\request\_baserequest.py", line 201, in post
    result = await self._request_wrapper(
             ^^^^^^^^^^^^^^^^^^^^^^^^^^^^
  File "C:\Users\sajjadlh8\AppData\Local\Programs\Python\Python311\Lib\site-packages\telegram\request\_baserequest.py", line 333, in _request_wrapper
    code, payload = await self.do_request(
                    ^^^^^^^^^^^^^^^^^^^^^^
  File "C:\Users\sajjadlh8\AppData\Local\Programs\Python\Python311\Lib\site-packages\telegram\request\_httpxrequest.py", line 316, in do_request
    raise NetworkError(f"httpx.{err.__class__.__name__}: {err}") from err
telegram.error.NetworkError: httpx.ConnectError: [Errno 11001] getaddrinfo failed
2026-09-09 20:07:51,516 ERROR finmentor.bot :: bot handler failed: httpx.ConnectError: [Errno 11001] getaddrinfo failed
Traceback (most recent call last):
  File "C:\Users\sajjadlh8\AppData\Local\Programs\Python\Python311\Lib\site-packages\httpx\_transports\default.py", line 101, in map_httpcore_exceptions
    yield
  File "C:\Users\sajjadlh8\AppData\Local\Programs\Python\Python311\Lib\site-packages\httpx\_transports\default.py", line 394, in handle_async_request
    resp = await self._pool.handle_async_request(req)
           ^^^^^^^^^^^^^^^^^^^^^^^^^^^^^^^^^^^^^^^^^^
  File "C:\Users\sajjadlh8\AppData\Local\Programs\Python\Python311\Lib\site-packages\httpcore\_async\connection_pool.py", line 256, in handle_async_request
    raise exc from None
  File "C:\Users\sajjadlh8\AppData\Local\Programs\Python\Python311\Lib\site-packages\httpcore\_async\connection_pool.py", line 236, in handle_async_request
    response = await connection.handle_async_request(
               ^^^^^^^^^^^^^^^^^^^^^^^^^^^^^^^^^^^^^^
  File "C:\Users\sajjadlh8\AppData\Local\Programs\Python\Python311\Lib\site-packages\httpcore\_async\connection.py", line 101, in handle_async_request
    raise exc
  File "C:\Users\sajjadlh8\AppData\Local\Programs\Python\Python311\Lib\site-packages\httpcore\_async\connection.py", line 78, in handle_async_request
    stream = await self._connect(request)
             ^^^^^^^^^^^^^^^^^^^^^^^^^^^^
  File "C:\Users\sajjadlh8\AppData\Local\Programs\Python\Python311\Lib\site-packages\httpcore\_async\connection.py", line 124, in _connect
    stream = await self._network_backend.connect_tcp(**kwargs)
             ^^^^^^^^^^^^^^^^^^^^^^^^^^^^^^^^^^^^^^^^^^^^^^^^^
  File "C:\Users\sajjadlh8\AppData\Local\Programs\Python\Python311\Lib\site-packages\httpcore\_backends\auto.py", line 31, in connect_tcp
    return await self._backend.connect_tcp(
           ^^^^^^^^^^^^^^^^^^^^^^^^^^^^^^^^
  File "C:\Users\sajjadlh8\AppData\Local\Programs\Python\Python311\Lib\site-packages\httpcore\_backends\anyio.py", line 113, in connect_tcp
    with map_exceptions(exc_map):
  File "C:\Users\sajjadlh8\AppData\Local\Programs\Python\Python311\Lib\contextlib.py", line 155, in __exit__
    self.gen.throw(typ, value, traceback)
  File "C:\Users\sajjadlh8\AppData\Local\Programs\Python\Python311\Lib\site-packages\httpcore\_exceptions.py", line 14, in map_exceptions
    raise to_exc(exc) from exc
httpcore.ConnectError: [Errno 11001] getaddrinfo failed

The above exception was the direct cause of the following exception:

Traceback (most recent call last):
  File "C:\Users\sajjadlh8\AppData\Local\Programs\Python\Python311\Lib\site-packages\telegram\request\_httpxrequest.py", line 292, in do_request
    res = await self._client.request(
          ^^^^^^^^^^^^^^^^^^^^^^^^^^^
  File "C:\Users\sajjadlh8\AppData\Local\Programs\Python\Python311\Lib\site-packages\httpx\_client.py", line 1540, in request
    return await self.send(request, auth=auth, follow_redirects=follow_redirects)
           ^^^^^^^^^^^^^^^^^^^^^^^^^^^^^^^^^^^^^^^^^^^^^^^^^^^^^^^^^^^^^^^^^^^^^^
  File "C:\Users\sajjadlh8\AppData\Local\Programs\Python\Python311\Lib\site-packages\httpx\_client.py", line 1629, in send
    response = await self._send_handling_auth(
               ^^^^^^^^^^^^^^^^^^^^^^^^^^^^^^^
  File "C:\Users\sajjadlh8\AppData\Local\Programs\Python\Python311\Lib\site-packages\httpx\_client.py", line 1657, in _send_handling_auth
    response = await self._send_handling_redirects(
               ^^^^^^^^^^^^^^^^^^^^^^^^^^^^^^^^^^^^
  File "C:\Users\sajjadlh8\AppData\Local\Programs\Python\Python311\Lib\site-packages\httpx\_client.py", line 1694, in _send_handling_redirects
    response = await self._send_single_request(request)
               ^^^^^^^^^^^^^^^^^^^^^^^^^^^^^^^^^^^^^^^^
  File "C:\Users\sajjadlh8\AppData\Local\Programs\Python\Python311\Lib\site-packages\httpx\_client.py", line 1730, in _send_single_request
    response = await transport.handle_async_request(request)
               ^^^^^^^^^^^^^^^^^^^^^^^^^^^^^^^^^^^^^^^^^^^^^
  File "C:\Users\sajjadlh8\AppData\Local\Programs\Python\Python311\Lib\site-packages\httpx\_transports\default.py", line 393, in handle_async_request
    with map_httpcore_exceptions():
  File "C:\Users\sajjadlh8\AppData\Local\Programs\Python\Python311\Lib\contextlib.py", line 155, in __exit__
    self.gen.throw(typ, value, traceback)
  File "C:\Users\sajjadlh8\AppData\Local\Programs\Python\Python311\Lib\site-packages\httpx\_transports\default.py", line 118, in map_httpcore_exceptions
    raise mapped_exc(message) from exc
httpx.ConnectError: [Errno 11001] getaddrinfo failed

The above exception was the direct cause of the following exception:

Traceback (most recent call last):
  File "C:\Users\sajjadlh8\AppData\Local\Programs\Python\Python311\Lib\site-packages\telegram\ext\_updater.py", line 753, in _network_loop_retry
    if not await do_action():
           ^^^^^^^^^^^^^^^^^
  File "C:\Users\sajjadlh8\AppData\Local\Programs\Python\Python311\Lib\site-packages\telegram\ext\_updater.py", line 747, in do_action
    return action_cb_task.result()
           ^^^^^^^^^^^^^^^^^^^^^^^
  File "C:\Users\sajjadlh8\AppData\Local\Programs\Python\Python311\Lib\site-packages\telegram\ext\_updater.py", line 377, in polling_action_cb
    updates = await self.bot.get_updates(
              ^^^^^^^^^^^^^^^^^^^^^^^^^^^
  File "C:\Users\sajjadlh8\AppData\Local\Programs\Python\Python311\Lib\site-packages\telegram\ext\_extbot.py", line 649, in get_updates
    updates = await super().get_updates(
              ^^^^^^^^^^^^^^^^^^^^^^^^^^
  File "C:\Users\sajjadlh8\AppData\Local\Programs\Python\Python311\Lib\site-packages\telegram\_bot.py", line 4366, in get_updates
    await self._post(
  File "C:\Users\sajjadlh8\AppData\Local\Programs\Python\Python311\Lib\site-packages\telegram\_bot.py", line 623, in _post
    return await self._do_post(
           ^^^^^^^^^^^^^^^^^^^^
  File "C:\Users\sajjadlh8\AppData\Local\Programs\Python\Python311\Lib\site-packages\telegram\ext\_extbot.py", line 355, in _do_post
    return await super()._do_post(
           ^^^^^^^^^^^^^^^^^^^^^^^
  File "C:\Users\sajjadlh8\AppData\Local\Programs\Python\Python311\Lib\site-packages\telegram\_bot.py", line 652, in _do_post
    result = await request.post(
             ^^^^^^^^^^^^^^^^^^^
  File "C:\Users\sajjadlh8\AppData\Local\Programs\Python\Python311\Lib\site-packages\telegram\request\_baserequest.py", line 201, in post
    result = await self._request_wrapper(
             ^^^^^^^^^^^^^^^^^^^^^^^^^^^^
  File "C:\Users\sajjadlh8\AppData\Local\Programs\Python\Python311\Lib\site-packages\telegram\request\_baserequest.py", line 333, in _request_wrapper
    code, payload = await self.do_request(
                    ^^^^^^^^^^^^^^^^^^^^^^
  File "C:\Users\sajjadlh8\AppData\Local\Programs\Python\Python311\Lib\site-packages\telegram\request\_httpxrequest.py", line 316, in do_request
    raise NetworkError(f"httpx.{err.__class__.__name__}: {err}") from err
telegram.error.NetworkError: httpx.ConnectError: [Errno 11001] getaddrinfo failed
2026-09-09 20:07:52,529 ERROR finmentor.bot :: bot handler failed: httpx.ConnectError: [Errno 11001] getaddrinfo failed
Traceback (most recent call last):
  File "C:\Users\sajjadlh8\AppData\Local\Programs\Python\Python311\Lib\site-packages\httpx\_transports\default.py", line 101, in map_httpcore_exceptions
    yield
  File "C:\Users\sajjadlh8\AppData\Local\Programs\Python\Python311\Lib\site-packages\httpx\_transports\default.py", line 394, in handle_async_request
    resp = await self._pool.handle_async_request(req)
           ^^^^^^^^^^^^^^^^^^^^^^^^^^^^^^^^^^^^^^^^^^
  File "C:\Users\sajjadlh8\AppData\Local\Programs\Python\Python311\Lib\site-packages\httpcore\_async\connection_pool.py", line 256, in handle_async_request
    raise exc from None
  File "C:\Users\sajjadlh8\AppData\Local\Programs\Python\Python311\Lib\site-packages\httpcore\_async\connection_pool.py", line 236, in handle_async_request
    response = await connection.handle_async_request(
               ^^^^^^^^^^^^^^^^^^^^^^^^^^^^^^^^^^^^^^
  File "C:\Users\sajjadlh8\AppData\Local\Programs\Python\Python311\Lib\site-packages\httpcore\_async\connection.py", line 101, in handle_async_request
    raise exc
  File "C:\Users\sajjadlh8\AppData\Local\Programs\Python\Python311\Lib\site-packages\httpcore\_async\connection.py", line 78, in handle_async_request
    stream = await self._connect(request)
             ^^^^^^^^^^^^^^^^^^^^^^^^^^^^
  File "C:\Users\sajjadlh8\AppData\Local\Programs\Python\Python311\Lib\site-packages\httpcore\_async\connection.py", line 124, in _connect
    stream = await self._network_backend.connect_tcp(**kwargs)
             ^^^^^^^^^^^^^^^^^^^^^^^^^^^^^^^^^^^^^^^^^^^^^^^^^
  File "C:\Users\sajjadlh8\AppData\Local\Programs\Python\Python311\Lib\site-packages\httpcore\_backends\auto.py", line 31, in connect_tcp
    return await self._backend.connect_tcp(
           ^^^^^^^^^^^^^^^^^^^^^^^^^^^^^^^^
  File "C:\Users\sajjadlh8\AppData\Local\Programs\Python\Python311\Lib\site-packages\httpcore\_backends\anyio.py", line 113, in connect_tcp
    with map_exceptions(exc_map):
  File "C:\Users\sajjadlh8\AppData\Local\Programs\Python\Python311\Lib\contextlib.py", line 155, in __exit__
    self.gen.throw(typ, value, traceback)
  File "C:\Users\sajjadlh8\AppData\Local\Programs\Python\Python311\Lib\site-packages\httpcore\_exceptions.py", line 14, in map_exceptions
    raise to_exc(exc) from exc
httpcore.ConnectError: [Errno 11001] getaddrinfo failed

The above exception was the direct cause of the following exception:

Traceback (most recent call last):
  File "C:\Users\sajjadlh8\AppData\Local\Programs\Python\Python311\Lib\site-packages\telegram\request\_httpxrequest.py", line 292, in do_request
    res = await self._client.request(
          ^^^^^^^^^^^^^^^^^^^^^^^^^^^
  File "C:\Users\sajjadlh8\AppData\Local\Programs\Python\Python311\Lib\site-packages\httpx\_client.py", line 1540, in request
    return await self.send(request, auth=auth, follow_redirects=follow_redirects)
           ^^^^^^^^^^^^^^^^^^^^^^^^^^^^^^^^^^^^^^^^^^^^^^^^^^^^^^^^^^^^^^^^^^^^^^
  File "C:\Users\sajjadlh8\AppData\Local\Programs\Python\Python311\Lib\site-packages\httpx\_client.py", line 1629, in send
    response = await self._send_handling_auth(
               ^^^^^^^^^^^^^^^^^^^^^^^^^^^^^^^
  File "C:\Users\sajjadlh8\AppData\Local\Programs\Python\Python311\Lib\site-packages\httpx\_client.py", line 1657, in _send_handling_auth
    response = await self._send_handling_redirects(
               ^^^^^^^^^^^^^^^^^^^^^^^^^^^^^^^^^^^^
  File "C:\Users\sajjadlh8\AppData\Local\Programs\Python\Python311\Lib\site-packages\httpx\_client.py", line 1694, in _send_handling_redirects
    response = await self._send_single_request(request)
               ^^^^^^^^^^^^^^^^^^^^^^^^^^^^^^^^^^^^^^^^
  File "C:\Users\sajjadlh8\AppData\Local\Programs\Python\Python311\Lib\site-packages\httpx\_client.py", line 1730, in _send_single_request
    response = await transport.handle_async_request(request)
               ^^^^^^^^^^^^^^^^^^^^^^^^^^^^^^^^^^^^^^^^^^^^^
  File "C:\Users\sajjadlh8\AppData\Local\Programs\Python\Python311\Lib\site-packages\httpx\_transports\default.py", line 393, in handle_async_request
    with map_httpcore_exceptions():
  File "C:\Users\sajjadlh8\AppData\Local\Programs\Python\Python311\Lib\contextlib.py", line 155, in __exit__
    self.gen.throw(typ, value, traceback)
  File "C:\Users\sajjadlh8\AppData\Local\Programs\Python\Python311\Lib\site-packages\httpx\_transports\default.py", line 118, in map_httpcore_exceptions
    raise mapped_exc(message) from exc
httpx.ConnectError: [Errno 11001] getaddrinfo failed

The above exception was the direct cause of the following exception:

Traceback (most recent call last):
  File "C:\Users\sajjadlh8\AppData\Local\Programs\Python\Python311\Lib\site-packages\telegram\ext\_updater.py", line 753, in _network_loop_retry
    if not await do_action():
           ^^^^^^^^^^^^^^^^^
  File "C:\Users\sajjadlh8\AppData\Local\Programs\Python\Python311\Lib\site-packages\telegram\ext\_updater.py", line 747, in do_action
    return action_cb_task.result()
           ^^^^^^^^^^^^^^^^^^^^^^^
  File "C:\Users\sajjadlh8\AppData\Local\Programs\Python\Python311\Lib\site-packages\telegram\ext\_updater.py", line 377, in polling_action_cb
    updates = await self.bot.get_updates(
              ^^^^^^^^^^^^^^^^^^^^^^^^^^^
  File "C:\Users\sajjadlh8\AppData\Local\Programs\Python\Python311\Lib\site-packages\telegram\ext\_extbot.py", line 649, in get_updates
    updates = await super().get_updates(
              ^^^^^^^^^^^^^^^^^^^^^^^^^^
  File "C:\Users\sajjadlh8\AppData\Local\Programs\Python\Python311\Lib\site-packages\telegram\_bot.py", line 4366, in get_updates
    await self._post(
  File "C:\Users\sajjadlh8\AppData\Local\Programs\Python\Python311\Lib\site-packages\telegram\_bot.py", line 623, in _post
    return await self._do_post(
           ^^^^^^^^^^^^^^^^^^^^
  File "C:\Users\sajjadlh8\AppData\Local\Programs\Python\Python311\Lib\site-packages\telegram\ext\_extbot.py", line 355, in _do_post
    return await super()._do_post(
           ^^^^^^^^^^^^^^^^^^^^^^^
  File "C:\Users\sajjadlh8\AppData\Local\Programs\Python\Python311\Lib\site-packages\telegram\_bot.py", line 652, in _do_post
    result = await request.post(
             ^^^^^^^^^^^^^^^^^^^
  File "C:\Users\sajjadlh8\AppData\Local\Programs\Python\Python311\Lib\site-packages\telegram\request\_baserequest.py", line 201, in post
    result = await self._request_wrapper(
             ^^^^^^^^^^^^^^^^^^^^^^^^^^^^
  File "C:\Users\sajjadlh8\AppData\Local\Programs\Python\Python311\Lib\site-packages\telegram\request\_baserequest.py", line 333, in _request_wrapper
    code, payload = await self.do_request(
                    ^^^^^^^^^^^^^^^^^^^^^^
  File "C:\Users\sajjadlh8\AppData\Local\Programs\Python\Python311\Lib\site-packages\telegram\request\_httpxrequest.py", line 316, in do_request
    raise NetworkError(f"httpx.{err.__class__.__name__}: {err}") from err
telegram.error.NetworkError: httpx.ConnectError: [Errno 11001] getaddrinfo failed
2026-09-09 20:07:54,048 ERROR finmentor.bot :: bot handler failed: httpx.ConnectError: [Errno 11001] getaddrinfo failed
Traceback (most recent call last):
  File "C:\Users\sajjadlh8\AppData\Local\Programs\Python\Python311\Lib\site-packages\httpx\_transports\default.py", line 101, in map_httpcore_exceptions
    yield
  File "C:\Users\sajjadlh8\AppData\Local\Programs\Python\Python311\Lib\site-packages\httpx\_transports\default.py", line 394, in handle_async_request
    resp = await self._pool.handle_async_request(req)
           ^^^^^^^^^^^^^^^^^^^^^^^^^^^^^^^^^^^^^^^^^^
  File "C:\Users\sajjadlh8\AppData\Local\Programs\Python\Python311\Lib\site-packages\httpcore\_async\connection_pool.py", line 256, in handle_async_request
    raise exc from None
  File "C:\Users\sajjadlh8\AppData\Local\Programs\Python\Python311\Lib\site-packages\httpcore\_async\connection_pool.py", line 236, in handle_async_request
    response = await connection.handle_async_request(
               ^^^^^^^^^^^^^^^^^^^^^^^^^^^^^^^^^^^^^^
  File "C:\Users\sajjadlh8\AppData\Local\Programs\Python\Python311\Lib\site-packages\httpcore\_async\connection.py", line 101, in handle_async_request
    raise exc
  File "C:\Users\sajjadlh8\AppData\Local\Programs\Python\Python311\Lib\site-packages\httpcore\_async\connection.py", line 78, in handle_async_request
    stream = await self._connect(request)
             ^^^^^^^^^^^^^^^^^^^^^^^^^^^^
  File "C:\Users\sajjadlh8\AppData\Local\Programs\Python\Python311\Lib\site-packages\httpcore\_async\connection.py", line 124, in _connect
    stream = await self._network_backend.connect_tcp(**kwargs)
             ^^^^^^^^^^^^^^^^^^^^^^^^^^^^^^^^^^^^^^^^^^^^^^^^^
  File "C:\Users\sajjadlh8\AppData\Local\Programs\Python\Python311\Lib\site-packages\httpcore\_backends\auto.py", line 31, in connect_tcp
    return await self._backend.connect_tcp(
           ^^^^^^^^^^^^^^^^^^^^^^^^^^^^^^^^
  File "C:\Users\sajjadlh8\AppData\Local\Programs\Python\Python311\Lib\site-packages\httpcore\_backends\anyio.py", line 113, in connect_tcp
    with map_exceptions(exc_map):
  File "C:\Users\sajjadlh8\AppData\Local\Programs\Python\Python311\Lib\contextlib.py", line 155, in __exit__
    self.gen.throw(typ, value, traceback)
  File "C:\Users\sajjadlh8\AppData\Local\Programs\Python\Python311\Lib\site-packages\httpcore\_exceptions.py", line 14, in map_exceptions
    raise to_exc(exc) from exc
httpcore.ConnectError: [Errno 11001] getaddrinfo failed

The above exception was the direct cause of the following exception:

Traceback (most recent call last):
  File "C:\Users\sajjadlh8\AppData\Local\Programs\Python\Python311\Lib\site-packages\telegram\request\_httpxrequest.py", line 292, in do_request
    res = await self._client.request(
          ^^^^^^^^^^^^^^^^^^^^^^^^^^^
  File "C:\Users\sajjadlh8\AppData\Local\Programs\Python\Python311\Lib\site-packages\httpx\_client.py", line 1540, in request
    return await self.send(request, auth=auth, follow_redirects=follow_redirects)
           ^^^^^^^^^^^^^^^^^^^^^^^^^^^^^^^^^^^^^^^^^^^^^^^^^^^^^^^^^^^^^^^^^^^^^^
  File "C:\Users\sajjadlh8\AppData\Local\Programs\Python\Python311\Lib\site-packages\httpx\_client.py", line 1629, in send
    response = await self._send_handling_auth(
               ^^^^^^^^^^^^^^^^^^^^^^^^^^^^^^^
  File "C:\Users\sajjadlh8\AppData\Local\Programs\Python\Python311\Lib\site-packages\httpx\_client.py", line 1657, in _send_handling_auth
    response = await self._send_handling_redirects(
               ^^^^^^^^^^^^^^^^^^^^^^^^^^^^^^^^^^^^
  File "C:\Users\sajjadlh8\AppData\Local\Programs\Python\Python311\Lib\site-packages\httpx\_client.py", line 1694, in _send_handling_redirects
    response = await self._send_single_request(request)
               ^^^^^^^^^^^^^^^^^^^^^^^^^^^^^^^^^^^^^^^^
  File "C:\Users\sajjadlh8\AppData\Local\Programs\Python\Python311\Lib\site-packages\httpx\_client.py", line 1730, in _send_single_request
    response = await transport.handle_async_request(request)
               ^^^^^^^^^^^^^^^^^^^^^^^^^^^^^^^^^^^^^^^^^^^^^
  File "C:\Users\sajjadlh8\AppData\Local\Programs\Python\Python311\Lib\site-packages\httpx\_transports\default.py", line 393, in handle_async_request
    with map_httpcore_exceptions():
  File "C:\Users\sajjadlh8\AppData\Local\Programs\Python\Python311\Lib\contextlib.py", line 155, in __exit__
    self.gen.throw(typ, value, traceback)
  File "C:\Users\sajjadlh8\AppData\Local\Programs\Python\Python311\Lib\site-packages\httpx\_transports\default.py", line 118, in map_httpcore_exceptions
    raise mapped_exc(message) from exc
httpx.ConnectError: [Errno 11001] getaddrinfo failed

The above exception was the direct cause of the following exception:

Traceback (most recent call last):
  File "C:\Users\sajjadlh8\AppData\Local\Programs\Python\Python311\Lib\site-packages\telegram\ext\_updater.py", line 753, in _network_loop_retry
    if not await do_action():
           ^^^^^^^^^^^^^^^^^
  File "C:\Users\sajjadlh8\AppData\Local\Programs\Python\Python311\Lib\site-packages\telegram\ext\_updater.py", line 747, in do_action
    return action_cb_task.result()
           ^^^^^^^^^^^^^^^^^^^^^^^
  File "C:\Users\sajjadlh8\AppData\Local\Programs\Python\Python311\Lib\site-packages\telegram\ext\_updater.py", line 377, in polling_action_cb
    updates = await self.bot.get_updates(
              ^^^^^^^^^^^^^^^^^^^^^^^^^^^
  File "C:\Users\sajjadlh8\AppData\Local\Programs\Python\Python311\Lib\site-packages\telegram\ext\_extbot.py", line 649, in get_updates
    updates = await super().get_updates(
              ^^^^^^^^^^^^^^^^^^^^^^^^^^
  File "C:\Users\sajjadlh8\AppData\Local\Programs\Python\Python311\Lib\site-packages\telegram\_bot.py", line 4366, in get_updates
    await self._post(
  File "C:\Users\sajjadlh8\AppData\Local\Programs\Python\Python311\Lib\site-packages\telegram\_bot.py", line 623, in _post
    return await self._do_post(
           ^^^^^^^^^^^^^^^^^^^^
  File "C:\Users\sajjadlh8\AppData\Local\Programs\Python\Python311\Lib\site-packages\telegram\ext\_extbot.py", line 355, in _do_post
    return await super()._do_post(
           ^^^^^^^^^^^^^^^^^^^^^^^
  File "C:\Users\sajjadlh8\AppData\Local\Programs\Python\Python311\Lib\site-packages\telegram\_bot.py", line 652, in _do_post
    result = await request.post(
             ^^^^^^^^^^^^^^^^^^^
  File "C:\Users\sajjadlh8\AppData\Local\Programs\Python\Python311\Lib\site-packages\telegram\request\_baserequest.py", line 201, in post
    result = await self._request_wrapper(
             ^^^^^^^^^^^^^^^^^^^^^^^^^^^^
  File "C:\Users\sajjadlh8\AppData\Local\Programs\Python\Python311\Lib\site-packages\telegram\request\_baserequest.py", line 333, in _request_wrapper
    code, payload = await self.do_request(
                    ^^^^^^^^^^^^^^^^^^^^^^
  File "C:\Users\sajjadlh8\AppData\Local\Programs\Python\Python311\Lib\site-packages\telegram\request\_httpxrequest.py", line 316, in do_request
    raise NetworkError(f"httpx.{err.__class__.__name__}: {err}") from err
telegram.error.NetworkError: httpx.ConnectError: [Errno 11001] getaddrinfo failed
2026-09-09 20:07:56,303 ERROR finmentor.bot :: bot handler failed: httpx.ConnectError: [Errno 11001] getaddrinfo failed
Traceback (most recent call last):
  File "C:\Users\sajjadlh8\AppData\Local\Programs\Python\Python311\Lib\site-packages\httpx\_transports\default.py", line 101, in map_httpcore_exceptions
    yield
  File "C:\Users\sajjadlh8\AppData\Local\Programs\Python\Python311\Lib\site-packages\httpx\_transports\default.py", line 394, in handle_async_request
    resp = await self._pool.handle_async_request(req)
           ^^^^^^^^^^^^^^^^^^^^^^^^^^^^^^^^^^^^^^^^^^
  File "C:\Users\sajjadlh8\AppData\Local\Programs\Python\Python311\Lib\site-packages\httpcore\_async\connection_pool.py", line 256, in handle_async_request
    raise exc from None
  File "C:\Users\sajjadlh8\AppData\Local\Programs\Python\Python311\Lib\site-packages\httpcore\_async\connection_pool.py", line 236, in handle_async_request
    response = await connection.handle_async_request(
               ^^^^^^^^^^^^^^^^^^^^^^^^^^^^^^^^^^^^^^
  File "C:\Users\sajjadlh8\AppData\Local\Programs\Python\Python311\Lib\site-packages\httpcore\_async\connection.py", line 101, in handle_async_request
    raise exc
  File "C:\Users\sajjadlh8\AppData\Local\Programs\Python\Python311\Lib\site-packages\httpcore\_async\connection.py", line 78, in handle_async_request
    stream = await self._connect(request)
             ^^^^^^^^^^^^^^^^^^^^^^^^^^^^
  File "C:\Users\sajjadlh8\AppData\Local\Programs\Python\Python311\Lib\site-packages\httpcore\_async\connection.py", line 124, in _connect
    stream = await self._network_backend.connect_tcp(**kwargs)
             ^^^^^^^^^^^^^^^^^^^^^^^^^^^^^^^^^^^^^^^^^^^^^^^^^
  File "C:\Users\sajjadlh8\AppData\Local\Programs\Python\Python311\Lib\site-packages\httpcore\_backends\auto.py", line 31, in connect_tcp
    return await self._backend.connect_tcp(
           ^^^^^^^^^^^^^^^^^^^^^^^^^^^^^^^^
  File "C:\Users\sajjadlh8\AppData\Local\Programs\Python\Python311\Lib\site-packages\httpcore\_backends\anyio.py", line 113, in connect_tcp
    with map_exceptions(exc_map):
  File "C:\Users\sajjadlh8\AppData\Local\Programs\Python\Python311\Lib\contextlib.py", line 155, in __exit__
    self.gen.throw(typ, value, traceback)
  File "C:\Users\sajjadlh8\AppData\Local\Programs\Python\Python311\Lib\site-packages\httpcore\_exceptions.py", line 14, in map_exceptions
    raise to_exc(exc) from exc
httpcore.ConnectError: [Errno 11001] getaddrinfo failed

The above exception was the direct cause of the following exception:

Traceback (most recent call last):
  File "C:\Users\sajjadlh8\AppData\Local\Programs\Python\Python311\Lib\site-packages\telegram\request\_httpxrequest.py", line 292, in do_request
    res = await self._client.request(
          ^^^^^^^^^^^^^^^^^^^^^^^^^^^
  File "C:\Users\sajjadlh8\AppData\Local\Programs\Python\Python311\Lib\site-packages\httpx\_client.py", line 1540, in request
    return await self.send(request, auth=auth, follow_redirects=follow_redirects)
           ^^^^^^^^^^^^^^^^^^^^^^^^^^^^^^^^^^^^^^^^^^^^^^^^^^^^^^^^^^^^^^^^^^^^^^
  File "C:\Users\sajjadlh8\AppData\Local\Programs\Python\Python311\Lib\site-packages\httpx\_client.py", line 1629, in send
    response = await self._send_handling_auth(
               ^^^^^^^^^^^^^^^^^^^^^^^^^^^^^^^
  File "C:\Users\sajjadlh8\AppData\Local\Programs\Python\Python311\Lib\site-packages\httpx\_client.py", line 1657, in _send_handling_auth
    response = await self._send_handling_redirects(
               ^^^^^^^^^^^^^^^^^^^^^^^^^^^^^^^^^^^^
  File "C:\Users\sajjadlh8\AppData\Local\Programs\Python\Python311\Lib\site-packages\httpx\_client.py", line 1694, in _send_handling_redirects
    response = await self._send_single_request(request)
               ^^^^^^^^^^^^^^^^^^^^^^^^^^^^^^^^^^^^^^^^
  File "C:\Users\sajjadlh8\AppData\Local\Programs\Python\Python311\Lib\site-packages\httpx\_client.py", line 1730, in _send_single_request
    response = await transport.handle_async_request(request)
               ^^^^^^^^^^^^^^^^^^^^^^^^^^^^^^^^^^^^^^^^^^^^^
  File "C:\Users\sajjadlh8\AppData\Local\Programs\Python\Python311\Lib\site-packages\httpx\_transports\default.py", line 393, in handle_async_request
    with map_httpcore_exceptions():
  File "C:\Users\sajjadlh8\AppData\Local\Programs\Python\Python311\Lib\contextlib.py", line 155, in __exit__
    self.gen.throw(typ, value, traceback)
  File "C:\Users\sajjadlh8\AppData\Local\Programs\Python\Python311\Lib\site-packages\httpx\_transports\default.py", line 118, in map_httpcore_exceptions
    raise mapped_exc(message) from exc
httpx.ConnectError: [Errno 11001] getaddrinfo failed

The above exception was the direct cause of the following exception:

Traceback (most recent call last):
  File "C:\Users\sajjadlh8\AppData\Local\Programs\Python\Python311\Lib\site-packages\telegram\ext\_updater.py", line 753, in _network_loop_retry
    if not await do_action():
           ^^^^^^^^^^^^^^^^^
  File "C:\Users\sajjadlh8\AppData\Local\Programs\Python\Python311\Lib\site-packages\telegram\ext\_updater.py", line 747, in do_action
    return action_cb_task.result()
           ^^^^^^^^^^^^^^^^^^^^^^^
  File "C:\Users\sajjadlh8\AppData\Local\Programs\Python\Python311\Lib\site-packages\telegram\ext\_updater.py", line 377, in polling_action_cb
    updates = await self.bot.get_updates(
              ^^^^^^^^^^^^^^^^^^^^^^^^^^^
  File "C:\Users\sajjadlh8\AppData\Local\Programs\Python\Python311\Lib\site-packages\telegram\ext\_extbot.py", line 649, in get_updates
    updates = await super().get_updates(
              ^^^^^^^^^^^^^^^^^^^^^^^^^^
  File "C:\Users\sajjadlh8\AppData\Local\Programs\Python\Python311\Lib\site-packages\telegram\_bot.py", line 4366, in get_updates
    await self._post(
  File "C:\Users\sajjadlh8\AppData\Local\Programs\Python\Python311\Lib\site-packages\telegram\_bot.py", line 623, in _post
    return await self._do_post(
           ^^^^^^^^^^^^^^^^^^^^
  File "C:\Users\sajjadlh8\AppData\Local\Programs\Python\Python311\Lib\site-packages\telegram\ext\_extbot.py", line 355, in _do_post
    return await super()._do_post(
           ^^^^^^^^^^^^^^^^^^^^^^^
  File "C:\Users\sajjadlh8\AppData\Local\Programs\Python\Python311\Lib\site-packages\telegram\_bot.py", line 652, in _do_post
    result = await request.post(
             ^^^^^^^^^^^^^^^^^^^
  File "C:\Users\sajjadlh8\AppData\Local\Programs\Python\Python311\Lib\site-packages\telegram\request\_baserequest.py", line 201, in post
    result = await self._request_wrapper(
             ^^^^^^^^^^^^^^^^^^^^^^^^^^^^
  File "C:\Users\sajjadlh8\AppData\Local\Programs\Python\Python311\Lib\site-packages\telegram\request\_baserequest.py", line 333, in _request_wrapper
    code, payload = await self.do_request(
                    ^^^^^^^^^^^^^^^^^^^^^^
  File "C:\Users\sajjadlh8\AppData\Local\Programs\Python\Python311\Lib\site-packages\telegram\request\_httpxrequest.py", line 316, in do_request
    raise NetworkError(f"httpx.{err.__class__.__name__}: {err}") from err
telegram.error.NetworkError: httpx.ConnectError: [Errno 11001] getaddrinfo failed
2026-09-09 20:07:59,687 ERROR finmentor.bot :: bot handler failed: httpx.ConnectError: [Errno 11001] getaddrinfo failed
Traceback (most recent call last):
  File "C:\Users\sajjadlh8\AppData\Local\Programs\Python\Python311\Lib\site-packages\httpx\_transports\default.py", line 101, in map_httpcore_exceptions
    yield
  File "C:\Users\sajjadlh8\AppData\Local\Programs\Python\Python311\Lib\site-packages\httpx\_transports\default.py", line 394, in handle_async_request
    resp = await self._pool.handle_async_request(req)
           ^^^^^^^^^^^^^^^^^^^^^^^^^^^^^^^^^^^^^^^^^^
  File "C:\Users\sajjadlh8\AppData\Local\Programs\Python\Python311\Lib\site-packages\httpcore\_async\connection_pool.py", line 256, in handle_async_request
    raise exc from None
  File "C:\Users\sajjadlh8\AppData\Local\Programs\Python\Python311\Lib\site-packages\httpcore\_async\connection_pool.py", line 236, in handle_async_request
    response = await connection.handle_async_request(
               ^^^^^^^^^^^^^^^^^^^^^^^^^^^^^^^^^^^^^^
  File "C:\Users\sajjadlh8\AppData\Local\Programs\Python\Python311\Lib\site-packages\httpcore\_async\connection.py", line 101, in handle_async_request
    raise exc
  File "C:\Users\sajjadlh8\AppData\Local\Programs\Python\Python311\Lib\site-packages\httpcore\_async\connection.py", line 78, in handle_async_request
    stream = await self._connect(request)
             ^^^^^^^^^^^^^^^^^^^^^^^^^^^^
  File "C:\Users\sajjadlh8\AppData\Local\Programs\Python\Python311\Lib\site-packages\httpcore\_async\connection.py", line 124, in _connect
    stream = await self._network_backend.connect_tcp(**kwargs)
             ^^^^^^^^^^^^^^^^^^^^^^^^^^^^^^^^^^^^^^^^^^^^^^^^^
  File "C:\Users\sajjadlh8\AppData\Local\Programs\Python\Python311\Lib\site-packages\httpcore\_backends\auto.py", line 31, in connect_tcp
    return await self._backend.connect_tcp(
           ^^^^^^^^^^^^^^^^^^^^^^^^^^^^^^^^
  File "C:\Users\sajjadlh8\AppData\Local\Programs\Python\Python311\Lib\site-packages\httpcore\_backends\anyio.py", line 113, in connect_tcp
    with map_exceptions(exc_map):
  File "C:\Users\sajjadlh8\AppData\Local\Programs\Python\Python311\Lib\contextlib.py", line 155, in __exit__
    self.gen.throw(typ, value, traceback)
  File "C:\Users\sajjadlh8\AppData\Local\Programs\Python\Python311\Lib\site-packages\httpcore\_exceptions.py", line 14, in map_exceptions
    raise to_exc(exc) from exc
httpcore.ConnectError: [Errno 11001] getaddrinfo failed

The above exception was the direct cause of the following exception:

Traceback (most recent call last):
  File "C:\Users\sajjadlh8\AppData\Local\Programs\Python\Python311\Lib\site-packages\telegram\request\_httpxrequest.py", line 292, in do_request
    res = await self._client.request(
          ^^^^^^^^^^^^^^^^^^^^^^^^^^^
  File "C:\Users\sajjadlh8\AppData\Local\Programs\Python\Python311\Lib\site-packages\httpx\_client.py", line 1540, in request
    return await self.send(request, auth=auth, follow_redirects=follow_redirects)
           ^^^^^^^^^^^^^^^^^^^^^^^^^^^^^^^^^^^^^^^^^^^^^^^^^^^^^^^^^^^^^^^^^^^^^^
  File "C:\Users\sajjadlh8\AppData\Local\Programs\Python\Python311\Lib\site-packages\httpx\_client.py", line 1629, in send
    response = await self._send_handling_auth(
               ^^^^^^^^^^^^^^^^^^^^^^^^^^^^^^^
  File "C:\Users\sajjadlh8\AppData\Local\Programs\Python\Python311\Lib\site-packages\httpx\_client.py", line 1657, in _send_handling_auth
    response = await self._send_handling_redirects(
               ^^^^^^^^^^^^^^^^^^^^^^^^^^^^^^^^^^^^
  File "C:\Users\sajjadlh8\AppData\Local\Programs\Python\Python311\Lib\site-packages\httpx\_client.py", line 1694, in _send_handling_redirects
    response = await self._send_single_request(request)
               ^^^^^^^^^^^^^^^^^^^^^^^^^^^^^^^^^^^^^^^^
  File "C:\Users\sajjadlh8\AppData\Local\Programs\Python\Python311\Lib\site-packages\httpx\_client.py", line 1730, in _send_single_request
    response = await transport.handle_async_request(request)
               ^^^^^^^^^^^^^^^^^^^^^^^^^^^^^^^^^^^^^^^^^^^^^
  File "C:\Users\sajjadlh8\AppData\Local\Programs\Python\Python311\Lib\site-packages\httpx\_transports\default.py", line 393, in handle_async_request
    with map_httpcore_exceptions():
  File "C:\Users\sajjadlh8\AppData\Local\Programs\Python\Python311\Lib\contextlib.py", line 155, in __exit__
    self.gen.throw(typ, value, traceback)
  File "C:\Users\sajjadlh8\AppData\Local\Programs\Python\Python311\Lib\site-packages\httpx\_transports\default.py", line 118, in map_httpcore_exceptions
    raise mapped_exc(message) from exc
httpx.ConnectError: [Errno 11001] getaddrinfo failed

The above exception was the direct cause of the following exception:

Traceback (most recent call last):
  File "C:\Users\sajjadlh8\AppData\Local\Programs\Python\Python311\Lib\site-packages\telegram\ext\_updater.py", line 753, in _network_loop_retry
    if not await do_action():
           ^^^^^^^^^^^^^^^^^
  File "C:\Users\sajjadlh8\AppData\Local\Programs\Python\Python311\Lib\site-packages\telegram\ext\_updater.py", line 747, in do_action
    return action_cb_task.result()
           ^^^^^^^^^^^^^^^^^^^^^^^
  File "C:\Users\sajjadlh8\AppData\Local\Programs\Python\Python311\Lib\site-packages\telegram\ext\_updater.py", line 377, in polling_action_cb
    updates = await self.bot.get_updates(
              ^^^^^^^^^^^^^^^^^^^^^^^^^^^
  File "C:\Users\sajjadlh8\AppData\Local\Programs\Python\Python311\Lib\site-packages\telegram\ext\_extbot.py", line 649, in get_updates
    updates = await super().get_updates(
              ^^^^^^^^^^^^^^^^^^^^^^^^^^
  File "C:\Users\sajjadlh8\AppData\Local\Programs\Python\Python311\Lib\site-packages\telegram\_bot.py", line 4366, in get_updates
    await self._post(
  File "C:\Users\sajjadlh8\AppData\Local\Programs\Python\Python311\Lib\site-packages\telegram\_bot.py", line 623, in _post
    return await self._do_post(
           ^^^^^^^^^^^^^^^^^^^^
  File "C:\Users\sajjadlh8\AppData\Local\Programs\Python\Python311\Lib\site-packages\telegram\ext\_extbot.py", line 355, in _do_post
    return await super()._do_post(
           ^^^^^^^^^^^^^^^^^^^^^^^
  File "C:\Users\sajjadlh8\AppData\Local\Programs\Python\Python311\Lib\site-packages\telegram\_bot.py", line 652, in _do_post
    result = await request.post(
             ^^^^^^^^^^^^^^^^^^^
  File "C:\Users\sajjadlh8\AppData\Local\Programs\Python\Python311\Lib\site-packages\telegram\request\_baserequest.py", line 201, in post
    result = await self._request_wrapper(
             ^^^^^^^^^^^^^^^^^^^^^^^^^^^^
  File "C:\Users\sajjadlh8\AppData\Local\Programs\Python\Python311\Lib\site-packages\telegram\request\_baserequest.py", line 333, in _request_wrapper
    code, payload = await self.do_request(
                    ^^^^^^^^^^^^^^^^^^^^^^
  File "C:\Users\sajjadlh8\AppData\Local\Programs\Python\Python311\Lib\site-packages\telegram\request\_httpxrequest.py", line 316, in do_request
    raise NetworkError(f"httpx.{err.__class__.__name__}: {err}") from err
telegram.error.NetworkError: httpx.ConnectError: [Errno 11001] getaddrinfo failed
2026-09-09 20:08:04,747 ERROR finmentor.bot :: bot handler failed: httpx.ConnectError: [Errno 11001] getaddrinfo failed
Traceback (most recent call last):
  File "C:\Users\sajjadlh8\AppData\Local\Programs\Python\Python311\Lib\site-packages\httpx\_transports\default.py", line 101, in map_httpcore_exceptions
    yield
  File "C:\Users\sajjadlh8\AppData\Local\Programs\Python\Python311\Lib\site-packages\httpx\_transports\default.py", line 394, in handle_async_request
    resp = await self._pool.handle_async_request(req)
           ^^^^^^^^^^^^^^^^^^^^^^^^^^^^^^^^^^^^^^^^^^
  File "C:\Users\sajjadlh8\AppData\Local\Programs\Python\Python311\Lib\site-packages\httpcore\_async\connection_pool.py", line 256, in handle_async_request
    raise exc from None
  File "C:\Users\sajjadlh8\AppData\Local\Programs\Python\Python311\Lib\site-packages\httpcore\_async\connection_pool.py", line 236, in handle_async_request
    response = await connection.handle_async_request(
               ^^^^^^^^^^^^^^^^^^^^^^^^^^^^^^^^^^^^^^
  File "C:\Users\sajjadlh8\AppData\Local\Programs\Python\Python311\Lib\site-packages\httpcore\_async\connection.py", line 101, in handle_async_request
    raise exc
  File "C:\Users\sajjadlh8\AppData\Local\Programs\Python\Python311\Lib\site-packages\httpcore\_async\connection.py", line 78, in handle_async_request
    stream = await self._connect(request)
             ^^^^^^^^^^^^^^^^^^^^^^^^^^^^
  File "C:\Users\sajjadlh8\AppData\Local\Programs\Python\Python311\Lib\site-packages\httpcore\_async\connection.py", line 124, in _connect
    stream = await self._network_backend.connect_tcp(**kwargs)
             ^^^^^^^^^^^^^^^^^^^^^^^^^^^^^^^^^^^^^^^^^^^^^^^^^
  File "C:\Users\sajjadlh8\AppData\Local\Programs\Python\Python311\Lib\site-packages\httpcore\_backends\auto.py", line 31, in connect_tcp
    return await self._backend.connect_tcp(
           ^^^^^^^^^^^^^^^^^^^^^^^^^^^^^^^^
  File "C:\Users\sajjadlh8\AppData\Local\Programs\Python\Python311\Lib\site-packages\httpcore\_backends\anyio.py", line 113, in connect_tcp
    with map_exceptions(exc_map):
  File "C:\Users\sajjadlh8\AppData\Local\Programs\Python\Python311\Lib\contextlib.py", line 155, in __exit__
    self.gen.throw(typ, value, traceback)
  File "C:\Users\sajjadlh8\AppData\Local\Programs\Python\Python311\Lib\site-packages\httpcore\_exceptions.py", line 14, in map_exceptions
    raise to_exc(exc) from exc
httpcore.ConnectError: [Errno 11001] getaddrinfo failed

The above exception was the direct cause of the following exception:

Traceback (most recent call last):
  File "C:\Users\sajjadlh8\AppData\Local\Programs\Python\Python311\Lib\site-packages\telegram\request\_httpxrequest.py", line 292, in do_request
    res = await self._client.request(
          ^^^^^^^^^^^^^^^^^^^^^^^^^^^
  File "C:\Users\sajjadlh8\AppData\Local\Programs\Python\Python311\Lib\site-packages\httpx\_client.py", line 1540, in request
    return await self.send(request, auth=auth, follow_redirects=follow_redirects)
           ^^^^^^^^^^^^^^^^^^^^^^^^^^^^^^^^^^^^^^^^^^^^^^^^^^^^^^^^^^^^^^^^^^^^^^
  File "C:\Users\sajjadlh8\AppData\Local\Programs\Python\Python311\Lib\site-packages\httpx\_client.py", line 1629, in send
    response = await self._send_handling_auth(
               ^^^^^^^^^^^^^^^^^^^^^^^^^^^^^^^
  File "C:\Users\sajjadlh8\AppData\Local\Programs\Python\Python311\Lib\site-packages\httpx\_client.py", line 1657, in _send_handling_auth
    response = await self._send_handling_redirects(
               ^^^^^^^^^^^^^^^^^^^^^^^^^^^^^^^^^^^^
  File "C:\Users\sajjadlh8\AppData\Local\Programs\Python\Python311\Lib\site-packages\httpx\_client.py", line 1694, in _send_handling_redirects
    response = await self._send_single_request(request)
               ^^^^^^^^^^^^^^^^^^^^^^^^^^^^^^^^^^^^^^^^
  File "C:\Users\sajjadlh8\AppData\Local\Programs\Python\Python311\Lib\site-packages\httpx\_client.py", line 1730, in _send_single_request
    response = await transport.handle_async_request(request)
               ^^^^^^^^^^^^^^^^^^^^^^^^^^^^^^^^^^^^^^^^^^^^^
  File "C:\Users\sajjadlh8\AppData\Local\Programs\Python\Python311\Lib\site-packages\httpx\_transports\default.py", line 393, in handle_async_request
    with map_httpcore_exceptions():
  File "C:\Users\sajjadlh8\AppData\Local\Programs\Python\Python311\Lib\contextlib.py", line 155, in __exit__
    self.gen.throw(typ, value, traceback)
  File "C:\Users\sajjadlh8\AppData\Local\Programs\Python\Python311\Lib\site-packages\httpx\_transports\default.py", line 118, in map_httpcore_exceptions
    raise mapped_exc(message) from exc
httpx.ConnectError: [Errno 11001] getaddrinfo failed

The above exception was the direct cause of the following exception:

Traceback (most recent call last):
  File "C:\Users\sajjadlh8\AppData\Local\Programs\Python\Python311\Lib\site-packages\telegram\ext\_updater.py", line 753, in _network_loop_retry
    if not await do_action():
           ^^^^^^^^^^^^^^^^^
  File "C:\Users\sajjadlh8\AppData\Local\Programs\Python\Python311\Lib\site-packages\telegram\ext\_updater.py", line 747, in do_action
    return action_cb_task.result()
           ^^^^^^^^^^^^^^^^^^^^^^^
  File "C:\Users\sajjadlh8\AppData\Local\Programs\Python\Python311\Lib\site-packages\telegram\ext\_updater.py", line 377, in polling_action_cb
    updates = await self.bot.get_updates(
              ^^^^^^^^^^^^^^^^^^^^^^^^^^^
  File "C:\Users\sajjadlh8\AppData\Local\Programs\Python\Python311\Lib\site-packages\telegram\ext\_extbot.py", line 649, in get_updates
    updates = await super().get_updates(
              ^^^^^^^^^^^^^^^^^^^^^^^^^^
  File "C:\Users\sajjadlh8\AppData\Local\Programs\Python\Python311\Lib\site-packages\telegram\_bot.py", line 4366, in get_updates
    await self._post(
  File "C:\Users\sajjadlh8\AppData\Local\Programs\Python\Python311\Lib\site-packages\telegram\_bot.py", line 623, in _post
    return await self._do_post(
           ^^^^^^^^^^^^^^^^^^^^
  File "C:\Users\sajjadlh8\AppData\Local\Programs\Python\Python311\Lib\site-packages\telegram\ext\_extbot.py", line 355, in _do_post
    return await super()._do_post(
           ^^^^^^^^^^^^^^^^^^^^^^^
  File "C:\Users\sajjadlh8\AppData\Local\Programs\Python\Python311\Lib\site-packages\telegram\_bot.py", line 652, in _do_post
    result = await request.post(
             ^^^^^^^^^^^^^^^^^^^
  File "C:\Users\sajjadlh8\AppData\Local\Programs\Python\Python311\Lib\site-packages\telegram\request\_baserequest.py", line 201, in post
    result = await self._request_wrapper(
             ^^^^^^^^^^^^^^^^^^^^^^^^^^^^
  File "C:\Users\sajjadlh8\AppData\Local\Programs\Python\Python311\Lib\site-packages\telegram\request\_baserequest.py", line 333, in _request_wrapper
    code, payload = await self.do_request(
                    ^^^^^^^^^^^^^^^^^^^^^^
  File "C:\Users\sajjadlh8\AppData\Local\Programs\Python\Python311\Lib\site-packages\telegram\request\_httpxrequest.py", line 316, in do_request
    raise NetworkError(f"httpx.{err.__class__.__name__}: {err}") from err
telegram.error.NetworkError: httpx.ConnectError: [Errno 11001] getaddrinfo failed
2026-09-09 20:08:12,351 ERROR finmentor.bot :: bot handler failed: httpx.ConnectError: [Errno 11001] getaddrinfo failed
Traceback (most recent call last):
  File "C:\Users\sajjadlh8\AppData\Local\Programs\Python\Python311\Lib\site-packages\httpx\_transports\default.py", line 101, in map_httpcore_exceptions
    yield
  File "C:\Users\sajjadlh8\AppData\Local\Programs\Python\Python311\Lib\site-packages\httpx\_transports\default.py", line 394, in handle_async_request
    resp = await self._pool.handle_async_request(req)
           ^^^^^^^^^^^^^^^^^^^^^^^^^^^^^^^^^^^^^^^^^^
  File "C:\Users\sajjadlh8\AppData\Local\Programs\Python\Python311\Lib\site-packages\httpcore\_async\connection_pool.py", line 256, in handle_async_request
    raise exc from None
  File "C:\Users\sajjadlh8\AppData\Local\Programs\Python\Python311\Lib\site-packages\httpcore\_async\connection_pool.py", line 236, in handle_async_request
    response = await connection.handle_async_request(
               ^^^^^^^^^^^^^^^^^^^^^^^^^^^^^^^^^^^^^^
  File "C:\Users\sajjadlh8\AppData\Local\Programs\Python\Python311\Lib\site-packages\httpcore\_async\connection.py", line 101, in handle_async_request
    raise exc
  File "C:\Users\sajjadlh8\AppData\Local\Programs\Python\Python311\Lib\site-packages\httpcore\_async\connection.py", line 78, in handle_async_request
    stream = await self._connect(request)
             ^^^^^^^^^^^^^^^^^^^^^^^^^^^^
  File "C:\Users\sajjadlh8\AppData\Local\Programs\Python\Python311\Lib\site-packages\httpcore\_async\connection.py", line 124, in _connect
    stream = await self._network_backend.connect_tcp(**kwargs)
             ^^^^^^^^^^^^^^^^^^^^^^^^^^^^^^^^^^^^^^^^^^^^^^^^^
  File "C:\Users\sajjadlh8\AppData\Local\Programs\Python\Python311\Lib\site-packages\httpcore\_backends\auto.py", line 31, in connect_tcp
    return await self._backend.connect_tcp(
           ^^^^^^^^^^^^^^^^^^^^^^^^^^^^^^^^
  File "C:\Users\sajjadlh8\AppData\Local\Programs\Python\Python311\Lib\site-packages\httpcore\_backends\anyio.py", line 113, in connect_tcp
    with map_exceptions(exc_map):
  File "C:\Users\sajjadlh8\AppData\Local\Programs\Python\Python311\Lib\contextlib.py", line 155, in __exit__
    self.gen.throw(typ, value, traceback)
  File "C:\Users\sajjadlh8\AppData\Local\Programs\Python\Python311\Lib\site-packages\httpcore\_exceptions.py", line 14, in map_exceptions
    raise to_exc(exc) from exc
httpcore.ConnectError: [Errno 11001] getaddrinfo failed

The above exception was the direct cause of the following exception:

Traceback (most recent call last):
  File "C:\Users\sajjadlh8\AppData\Local\Programs\Python\Python311\Lib\site-packages\telegram\request\_httpxrequest.py", line 292, in do_request
    res = await self._client.request(
          ^^^^^^^^^^^^^^^^^^^^^^^^^^^
  File "C:\Users\sajjadlh8\AppData\Local\Programs\Python\Python311\Lib\site-packages\httpx\_client.py", line 1540, in request
    return await self.send(request, auth=auth, follow_redirects=follow_redirects)
           ^^^^^^^^^^^^^^^^^^^^^^^^^^^^^^^^^^^^^^^^^^^^^^^^^^^^^^^^^^^^^^^^^^^^^^
  File "C:\Users\sajjadlh8\AppData\Local\Programs\Python\Python311\Lib\site-packages\httpx\_client.py", line 1629, in send
    response = await self._send_handling_auth(
               ^^^^^^^^^^^^^^^^^^^^^^^^^^^^^^^
  File "C:\Users\sajjadlh8\AppData\Local\Programs\Python\Python311\Lib\site-packages\httpx\_client.py", line 1657, in _send_handling_auth
    response = await self._send_handling_redirects(
               ^^^^^^^^^^^^^^^^^^^^^^^^^^^^^^^^^^^^
  File "C:\Users\sajjadlh8\AppData\Local\Programs\Python\Python311\Lib\site-packages\httpx\_client.py", line 1694, in _send_handling_redirects
    response = await self._send_single_request(request)
               ^^^^^^^^^^^^^^^^^^^^^^^^^^^^^^^^^^^^^^^^
  File "C:\Users\sajjadlh8\AppData\Local\Programs\Python\Python311\Lib\site-packages\httpx\_client.py", line 1730, in _send_single_request
    response = await transport.handle_async_request(request)
               ^^^^^^^^^^^^^^^^^^^^^^^^^^^^^^^^^^^^^^^^^^^^^
  File "C:\Users\sajjadlh8\AppData\Local\Programs\Python\Python311\Lib\site-packages\httpx\_transports\default.py", line 393, in handle_async_request
    with map_httpcore_exceptions():
  File "C:\Users\sajjadlh8\AppData\Local\Programs\Python\Python311\Lib\contextlib.py", line 155, in __exit__
    self.gen.throw(typ, value, traceback)
  File "C:\Users\sajjadlh8\AppData\Local\Programs\Python\Python311\Lib\site-packages\httpx\_transports\default.py", line 118, in map_httpcore_exceptions
    raise mapped_exc(message) from exc
httpx.ConnectError: [Errno 11001] getaddrinfo failed

The above exception was the direct cause of the following exception:

Traceback (most recent call last):
  File "C:\Users\sajjadlh8\AppData\Local\Programs\Python\Python311\Lib\site-packages\telegram\ext\_updater.py", line 753, in _network_loop_retry
    if not await do_action():
           ^^^^^^^^^^^^^^^^^
  File "C:\Users\sajjadlh8\AppData\Local\Programs\Python\Python311\Lib\site-packages\telegram\ext\_updater.py", line 747, in do_action
    return action_cb_task.result()
           ^^^^^^^^^^^^^^^^^^^^^^^
  File "C:\Users\sajjadlh8\AppData\Local\Programs\Python\Python311\Lib\site-packages\telegram\ext\_updater.py", line 377, in polling_action_cb
    updates = await self.bot.get_updates(
              ^^^^^^^^^^^^^^^^^^^^^^^^^^^
  File "C:\Users\sajjadlh8\AppData\Local\Programs\Python\Python311\Lib\site-packages\telegram\ext\_extbot.py", line 649, in get_updates
    updates = await super().get_updates(
              ^^^^^^^^^^^^^^^^^^^^^^^^^^
  File "C:\Users\sajjadlh8\AppData\Local\Programs\Python\Python311\Lib\site-packages\telegram\_bot.py", line 4366, in get_updates
    await self._post(
  File "C:\Users\sajjadlh8\AppData\Local\Programs\Python\Python311\Lib\site-packages\telegram\_bot.py", line 623, in _post
    return await self._do_post(
           ^^^^^^^^^^^^^^^^^^^^
  File "C:\Users\sajjadlh8\AppData\Local\Programs\Python\Python311\Lib\site-packages\telegram\ext\_extbot.py", line 355, in _do_post
    return await super()._do_post(
           ^^^^^^^^^^^^^^^^^^^^^^^
  File "C:\Users\sajjadlh8\AppData\Local\Programs\Python\Python311\Lib\site-packages\telegram\_bot.py", line 652, in _do_post
    result = await request.post(
             ^^^^^^^^^^^^^^^^^^^
  File "C:\Users\sajjadlh8\AppData\Local\Programs\Python\Python311\Lib\site-packages\telegram\request\_baserequest.py", line 201, in post
    result = await self._request_wrapper(
             ^^^^^^^^^^^^^^^^^^^^^^^^^^^^
  File "C:\Users\sajjadlh8\AppData\Local\Programs\Python\Python311\Lib\site-packages\telegram\request\_baserequest.py", line 333, in _request_wrapper
    code, payload = await self.do_request(
                    ^^^^^^^^^^^^^^^^^^^^^^
  File "C:\Users\sajjadlh8\AppData\Local\Programs\Python\Python311\Lib\site-packages\telegram\request\_httpxrequest.py", line 316, in do_request
    raise NetworkError(f"httpx.{err.__class__.__name__}: {err}") from err
telegram.error.NetworkError: httpx.ConnectError: [Errno 11001] getaddrinfo failed
2026-09-09 20:08:35,794 ERROR finmentor.bot :: bot handler failed: httpx.ConnectError: [Errno 11001] getaddrinfo failed
Traceback (most recent call last):
  File "C:\Users\sajjadlh8\AppData\Local\Programs\Python\Python311\Lib\site-packages\httpx\_transports\default.py", line 101, in map_httpcore_exceptions
    yield
  File "C:\Users\sajjadlh8\AppData\Local\Programs\Python\Python311\Lib\site-packages\httpx\_transports\default.py", line 394, in handle_async_request
    resp = await self._pool.handle_async_request(req)
           ^^^^^^^^^^^^^^^^^^^^^^^^^^^^^^^^^^^^^^^^^^
  File "C:\Users\sajjadlh8\AppData\Local\Programs\Python\Python311\Lib\site-packages\httpcore\_async\connection_pool.py", line 256, in handle_async_request
    raise exc from None
  File "C:\Users\sajjadlh8\AppData\Local\Programs\Python\Python311\Lib\site-packages\httpcore\_async\connection_pool.py", line 236, in handle_async_request
    response = await connection.handle_async_request(
               ^^^^^^^^^^^^^^^^^^^^^^^^^^^^^^^^^^^^^^
  File "C:\Users\sajjadlh8\AppData\Local\Programs\Python\Python311\Lib\site-packages\httpcore\_async\connection.py", line 101, in handle_async_request
    raise exc
  File "C:\Users\sajjadlh8\AppData\Local\Programs\Python\Python311\Lib\site-packages\httpcore\_async\connection.py", line 78, in handle_async_request
    stream = await self._connect(request)
             ^^^^^^^^^^^^^^^^^^^^^^^^^^^^
  File "C:\Users\sajjadlh8\AppData\Local\Programs\Python\Python311\Lib\site-packages\httpcore\_async\connection.py", line 124, in _connect
    stream = await self._network_backend.connect_tcp(**kwargs)
             ^^^^^^^^^^^^^^^^^^^^^^^^^^^^^^^^^^^^^^^^^^^^^^^^^
  File "C:\Users\sajjadlh8\AppData\Local\Programs\Python\Python311\Lib\site-packages\httpcore\_backends\auto.py", line 31, in connect_tcp
    return await self._backend.connect_tcp(
           ^^^^^^^^^^^^^^^^^^^^^^^^^^^^^^^^
  File "C:\Users\sajjadlh8\AppData\Local\Programs\Python\Python311\Lib\site-packages\httpcore\_backends\anyio.py", line 113, in connect_tcp
    with map_exceptions(exc_map):
  File "C:\Users\sajjadlh8\AppData\Local\Programs\Python\Python311\Lib\contextlib.py", line 155, in __exit__
    self.gen.throw(typ, value, traceback)
  File "C:\Users\sajjadlh8\AppData\Local\Programs\Python\Python311\Lib\site-packages\httpcore\_exceptions.py", line 14, in map_exceptions
    raise to_exc(exc) from exc
httpcore.ConnectError: [Errno 11001] getaddrinfo failed

The above exception was the direct cause of the following exception:

Traceback (most recent call last):
  File "C:\Users\sajjadlh8\AppData\Local\Programs\Python\Python311\Lib\site-packages\telegram\request\_httpxrequest.py", line 292, in do_request
    res = await self._client.request(
          ^^^^^^^^^^^^^^^^^^^^^^^^^^^
  File "C:\Users\sajjadlh8\AppData\Local\Programs\Python\Python311\Lib\site-packages\httpx\_client.py", line 1540, in request
    return await self.send(request, auth=auth, follow_redirects=follow_redirects)
           ^^^^^^^^^^^^^^^^^^^^^^^^^^^^^^^^^^^^^^^^^^^^^^^^^^^^^^^^^^^^^^^^^^^^^^
  File "C:\Users\sajjadlh8\AppData\Local\Programs\Python\Python311\Lib\site-packages\httpx\_client.py", line 1629, in send
    response = await self._send_handling_auth(
               ^^^^^^^^^^^^^^^^^^^^^^^^^^^^^^^
  File "C:\Users\sajjadlh8\AppData\Local\Programs\Python\Python311\Lib\site-packages\httpx\_client.py", line 1657, in _send_handling_auth
    response = await self._send_handling_redirects(
               ^^^^^^^^^^^^^^^^^^^^^^^^^^^^^^^^^^^^
  File "C:\Users\sajjadlh8\AppData\Local\Programs\Python\Python311\Lib\site-packages\httpx\_client.py", line 1694, in _send_handling_redirects
    response = await self._send_single_request(request)
               ^^^^^^^^^^^^^^^^^^^^^^^^^^^^^^^^^^^^^^^^
  File "C:\Users\sajjadlh8\AppData\Local\Programs\Python\Python311\Lib\site-packages\httpx\_client.py", line 1730, in _send_single_request
    response = await transport.handle_async_request(request)
               ^^^^^^^^^^^^^^^^^^^^^^^^^^^^^^^^^^^^^^^^^^^^^
  File "C:\Users\sajjadlh8\AppData\Local\Programs\Python\Python311\Lib\site-packages\httpx\_transports\default.py", line 393, in handle_async_request
    with map_httpcore_exceptions():
  File "C:\Users\sajjadlh8\AppData\Local\Programs\Python\Python311\Lib\contextlib.py", line 155, in __exit__
    self.gen.throw(typ, value, traceback)
  File "C:\Users\sajjadlh8\AppData\Local\Programs\Python\Python311\Lib\site-packages\httpx\_transports\default.py", line 118, in map_httpcore_exceptions
    raise mapped_exc(message) from exc
httpx.ConnectError: [Errno 11001] getaddrinfo failed

The above exception was the direct cause of the following exception:

Traceback (most recent call last):
  File "C:\Users\sajjadlh8\AppData\Local\Programs\Python\Python311\Lib\site-packages\telegram\ext\_updater.py", line 753, in _network_loop_retry
    if not await do_action():
           ^^^^^^^^^^^^^^^^^
  File "C:\Users\sajjadlh8\AppData\Local\Programs\Python\Python311\Lib\site-packages\telegram\ext\_updater.py", line 747, in do_action
    return action_cb_task.result()
           ^^^^^^^^^^^^^^^^^^^^^^^
  File "C:\Users\sajjadlh8\AppData\Local\Programs\Python\Python311\Lib\site-packages\telegram\ext\_updater.py", line 377, in polling_action_cb
    updates = await self.bot.get_updates(
              ^^^^^^^^^^^^^^^^^^^^^^^^^^^
  File "C:\Users\sajjadlh8\AppData\Local\Programs\Python\Python311\Lib\site-packages\telegram\ext\_extbot.py", line 649, in get_updates
    updates = await super().get_updates(
              ^^^^^^^^^^^^^^^^^^^^^^^^^^
  File "C:\Users\sajjadlh8\AppData\Local\Programs\Python\Python311\Lib\site-packages\telegram\_bot.py", line 4366, in get_updates
    await self._post(
  File "C:\Users\sajjadlh8\AppData\Local\Programs\Python\Python311\Lib\site-packages\telegram\_bot.py", line 623, in _post
    return await self._do_post(
           ^^^^^^^^^^^^^^^^^^^^
  File "C:\Users\sajjadlh8\AppData\Local\Programs\Python\Python311\Lib\site-packages\telegram\ext\_extbot.py", line 355, in _do_post
    return await super()._do_post(
           ^^^^^^^^^^^^^^^^^^^^^^^
  File "C:\Users\sajjadlh8\AppData\Local\Programs\Python\Python311\Lib\site-packages\telegram\_bot.py", line 652, in _do_post
    result = await request.post(
             ^^^^^^^^^^^^^^^^^^^
  File "C:\Users\sajjadlh8\AppData\Local\Programs\Python\Python311\Lib\site-packages\telegram\request\_baserequest.py", line 201, in post
    result = await self._request_wrapper(
             ^^^^^^^^^^^^^^^^^^^^^^^^^^^^
  File "C:\Users\sajjadlh8\AppData\Local\Programs\Python\Python311\Lib\site-packages\telegram\request\_baserequest.py", line 333, in _request_wrapper
    code, payload = await self.do_request(
                    ^^^^^^^^^^^^^^^^^^^^^^
  File "C:\Users\sajjadlh8\AppData\Local\Programs\Python\Python311\Lib\site-packages\telegram\request\_httpxrequest.py", line 316, in do_request
    raise NetworkError(f"httpx.{err.__class__.__name__}: {err}") from err
telegram.error.NetworkError: httpx.ConnectError: [Errno 11001] getaddrinfo failed
2026-09-09 20:08:53,841 ERROR finmentor.bot :: bot handler failed: httpx.ConnectError: [Errno 11001] getaddrinfo failed
Traceback (most recent call last):
  File "C:\Users\sajjadlh8\AppData\Local\Programs\Python\Python311\Lib\site-packages\httpx\_transports\default.py", line 101, in map_httpcore_exceptions
    yield
  File "C:\Users\sajjadlh8\AppData\Local\Programs\Python\Python311\Lib\site-packages\httpx\_transports\default.py", line 394, in handle_async_request
    resp = await self._pool.handle_async_request(req)
           ^^^^^^^^^^^^^^^^^^^^^^^^^^^^^^^^^^^^^^^^^^
  File "C:\Users\sajjadlh8\AppData\Local\Programs\Python\Python311\Lib\site-packages\httpcore\_async\connection_pool.py", line 256, in handle_async_request
    raise exc from None
  File "C:\Users\sajjadlh8\AppData\Local\Programs\Python\Python311\Lib\site-packages\httpcore\_async\connection_pool.py", line 236, in handle_async_request
    response = await connection.handle_async_request(
               ^^^^^^^^^^^^^^^^^^^^^^^^^^^^^^^^^^^^^^
  File "C:\Users\sajjadlh8\AppData\Local\Programs\Python\Python311\Lib\site-packages\httpcore\_async\connection.py", line 101, in handle_async_request
    raise exc
  File "C:\Users\sajjadlh8\AppData\Local\Programs\Python\Python311\Lib\site-packages\httpcore\_async\connection.py", line 78, in handle_async_request
    stream = await self._connect(request)
             ^^^^^^^^^^^^^^^^^^^^^^^^^^^^
  File "C:\Users\sajjadlh8\AppData\Local\Programs\Python\Python311\Lib\site-packages\httpcore\_async\connection.py", line 124, in _connect
    stream = await self._network_backend.connect_tcp(**kwargs)
             ^^^^^^^^^^^^^^^^^^^^^^^^^^^^^^^^^^^^^^^^^^^^^^^^^
  File "C:\Users\sajjadlh8\AppData\Local\Programs\Python\Python311\Lib\site-packages\httpcore\_backends\auto.py", line 31, in connect_tcp
    return await self._backend.connect_tcp(
           ^^^^^^^^^^^^^^^^^^^^^^^^^^^^^^^^
  File "C:\Users\sajjadlh8\AppData\Local\Programs\Python\Python311\Lib\site-packages\httpcore\_backends\anyio.py", line 113, in connect_tcp
    with map_exceptions(exc_map):
  File "C:\Users\sajjadlh8\AppData\Local\Programs\Python\Python311\Lib\contextlib.py", line 155, in __exit__
    self.gen.throw(typ, value, traceback)
  File "C:\Users\sajjadlh8\AppData\Local\Programs\Python\Python311\Lib\site-packages\httpcore\_exceptions.py", line 14, in map_exceptions
    raise to_exc(exc) from exc
httpcore.ConnectError: [Errno 11001] getaddrinfo failed

The above exception was the direct cause of the following exception:

Traceback (most recent call last):
  File "C:\Users\sajjadlh8\AppData\Local\Programs\Python\Python311\Lib\site-packages\telegram\request\_httpxrequest.py", line 292, in do_request
    res = await self._client.request(
          ^^^^^^^^^^^^^^^^^^^^^^^^^^^
  File "C:\Users\sajjadlh8\AppData\Local\Programs\Python\Python311\Lib\site-packages\httpx\_client.py", line 1540, in request
    return await self.send(request, auth=auth, follow_redirects=follow_redirects)
           ^^^^^^^^^^^^^^^^^^^^^^^^^^^^^^^^^^^^^^^^^^^^^^^^^^^^^^^^^^^^^^^^^^^^^^
  File "C:\Users\sajjadlh8\AppData\Local\Programs\Python\Python311\Lib\site-packages\httpx\_client.py", line 1629, in send
    response = await self._send_handling_auth(
               ^^^^^^^^^^^^^^^^^^^^^^^^^^^^^^^
  File "C:\Users\sajjadlh8\AppData\Local\Programs\Python\Python311\Lib\site-packages\httpx\_client.py", line 1657, in _send_handling_auth
    response = await self._send_handling_redirects(
               ^^^^^^^^^^^^^^^^^^^^^^^^^^^^^^^^^^^^
  File "C:\Users\sajjadlh8\AppData\Local\Programs\Python\Python311\Lib\site-packages\httpx\_client.py", line 1694, in _send_handling_redirects
    response = await self._send_single_request(request)
               ^^^^^^^^^^^^^^^^^^^^^^^^^^^^^^^^^^^^^^^^
  File "C:\Users\sajjadlh8\AppData\Local\Programs\Python\Python311\Lib\site-packages\httpx\_client.py", line 1730, in _send_single_request
    response = await transport.handle_async_request(request)
               ^^^^^^^^^^^^^^^^^^^^^^^^^^^^^^^^^^^^^^^^^^^^^
  File "C:\Users\sajjadlh8\AppData\Local\Programs\Python\Python311\Lib\site-packages\httpx\_transports\default.py", line 393, in handle_async_request
    with map_httpcore_exceptions():
  File "C:\Users\sajjadlh8\AppData\Local\Programs\Python\Python311\Lib\contextlib.py", line 155, in __exit__
    self.gen.throw(typ, value, traceback)
  File "C:\Users\sajjadlh8\AppData\Local\Programs\Python\Python311\Lib\site-packages\httpx\_transports\default.py", line 118, in map_httpcore_exceptions
    raise mapped_exc(message) from exc
httpx.ConnectError: [Errno 11001] getaddrinfo failed

The above exception was the direct cause of the following exception:

Traceback (most recent call last):
  File "C:\Users\sajjadlh8\AppData\Local\Programs\Python\Python311\Lib\site-packages\telegram\ext\_updater.py", line 753, in _network_loop_retry
    if not await do_action():
           ^^^^^^^^^^^^^^^^^
  File "C:\Users\sajjadlh8\AppData\Local\Programs\Python\Python311\Lib\site-packages\telegram\ext\_updater.py", line 747, in do_action
    return action_cb_task.result()
           ^^^^^^^^^^^^^^^^^^^^^^^
  File "C:\Users\sajjadlh8\AppData\Local\Programs\Python\Python311\Lib\site-packages\telegram\ext\_updater.py", line 377, in polling_action_cb
    updates = await self.bot.get_updates(
              ^^^^^^^^^^^^^^^^^^^^^^^^^^^
  File "C:\Users\sajjadlh8\AppData\Local\Programs\Python\Python311\Lib\site-packages\telegram\ext\_extbot.py", line 649, in get_updates
    updates = await super().get_updates(
              ^^^^^^^^^^^^^^^^^^^^^^^^^^
  File "C:\Users\sajjadlh8\AppData\Local\Programs\Python\Python311\Lib\site-packages\telegram\_bot.py", line 4366, in get_updates
    await self._post(
  File "C:\Users\sajjadlh8\AppData\Local\Programs\Python\Python311\Lib\site-packages\telegram\_bot.py", line 623, in _post
    return await self._do_post(
           ^^^^^^^^^^^^^^^^^^^^
  File "C:\Users\sajjadlh8\AppData\Local\Programs\Python\Python311\Lib\site-packages\telegram\ext\_extbot.py", line 355, in _do_post
    return await super()._do_post(
           ^^^^^^^^^^^^^^^^^^^^^^^
  File "C:\Users\sajjadlh8\AppData\Local\Programs\Python\Python311\Lib\site-packages\telegram\_bot.py", line 652, in _do_post
    result = await request.post(
             ^^^^^^^^^^^^^^^^^^^
  File "C:\Users\sajjadlh8\AppData\Local\Programs\Python\Python311\Lib\site-packages\telegram\request\_baserequest.py", line 201, in post
    result = await self._request_wrapper(
             ^^^^^^^^^^^^^^^^^^^^^^^^^^^^
  File "C:\Users\sajjadlh8\AppData\Local\Programs\Python\Python311\Lib\site-packages\telegram\request\_baserequest.py", line 333, in _request_wrapper
    code, payload = await self.do_request(
                    ^^^^^^^^^^^^^^^^^^^^^^
  File "C:\Users\sajjadlh8\AppData\Local\Programs\Python\Python311\Lib\site-packages\telegram\request\_httpxrequest.py", line 316, in do_request
    raise NetworkError(f"httpx.{err.__class__.__name__}: {err}") from err
telegram.error.NetworkError: httpx.ConnectError: [Errno 11001] getaddrinfo failed
2026-09-09 20:08:54,855 ERROR finmentor.bot :: bot handler failed: httpx.ConnectError: [Errno 11001] getaddrinfo failed
Traceback (most recent call last):
  File "C:\Users\sajjadlh8\AppData\Local\Programs\Python\Python311\Lib\site-packages\httpx\_transports\default.py", line 101, in map_httpcore_exceptions
    yield
  File "C:\Users\sajjadlh8\AppData\Local\Programs\Python\Python311\Lib\site-packages\httpx\_transports\default.py", line 394, in handle_async_request
    resp = await self._pool.handle_async_request(req)
           ^^^^^^^^^^^^^^^^^^^^^^^^^^^^^^^^^^^^^^^^^^
  File "C:\Users\sajjadlh8\AppData\Local\Programs\Python\Python311\Lib\site-packages\httpcore\_async\connection_pool.py", line 256, in handle_async_request
    raise exc from None
  File "C:\Users\sajjadlh8\AppData\Local\Programs\Python\Python311\Lib\site-packages\httpcore\_async\connection_pool.py", line 236, in handle_async_request
    response = await connection.handle_async_request(
               ^^^^^^^^^^^^^^^^^^^^^^^^^^^^^^^^^^^^^^
  File "C:\Users\sajjadlh8\AppData\Local\Programs\Python\Python311\Lib\site-packages\httpcore\_async\connection.py", line 101, in handle_async_request
    raise exc
  File "C:\Users\sajjadlh8\AppData\Local\Programs\Python\Python311\Lib\site-packages\httpcore\_async\connection.py", line 78, in handle_async_request
    stream = await self._connect(request)
             ^^^^^^^^^^^^^^^^^^^^^^^^^^^^
  File "C:\Users\sajjadlh8\AppData\Local\Programs\Python\Python311\Lib\site-packages\httpcore\_async\connection.py", line 124, in _connect
    stream = await self._network_backend.connect_tcp(**kwargs)
             ^^^^^^^^^^^^^^^^^^^^^^^^^^^^^^^^^^^^^^^^^^^^^^^^^
  File "C:\Users\sajjadlh8\AppData\Local\Programs\Python\Python311\Lib\site-packages\httpcore\_backends\auto.py", line 31, in connect_tcp
    return await self._backend.connect_tcp(
           ^^^^^^^^^^^^^^^^^^^^^^^^^^^^^^^^
  File "C:\Users\sajjadlh8\AppData\Local\Programs\Python\Python311\Lib\site-packages\httpcore\_backends\anyio.py", line 113, in connect_tcp
    with map_exceptions(exc_map):
  File "C:\Users\sajjadlh8\AppData\Local\Programs\Python\Python311\Lib\contextlib.py", line 155, in __exit__
    self.gen.throw(typ, value, traceback)
  File "C:\Users\sajjadlh8\AppData\Local\Programs\Python\Python311\Lib\site-packages\httpcore\_exceptions.py", line 14, in map_exceptions
    raise to_exc(exc) from exc
httpcore.ConnectError: [Errno 11001] getaddrinfo failed

The above exception was the direct cause of the following exception:

Traceback (most recent call last):
  File "C:\Users\sajjadlh8\AppData\Local\Programs\Python\Python311\Lib\site-packages\telegram\request\_httpxrequest.py", line 292, in do_request
    res = await self._client.request(
          ^^^^^^^^^^^^^^^^^^^^^^^^^^^
  File "C:\Users\sajjadlh8\AppData\Local\Programs\Python\Python311\Lib\site-packages\httpx\_client.py", line 1540, in request
    return await self.send(request, auth=auth, follow_redirects=follow_redirects)
           ^^^^^^^^^^^^^^^^^^^^^^^^^^^^^^^^^^^^^^^^^^^^^^^^^^^^^^^^^^^^^^^^^^^^^^
  File "C:\Users\sajjadlh8\AppData\Local\Programs\Python\Python311\Lib\site-packages\httpx\_client.py", line 1629, in send
    response = await self._send_handling_auth(
               ^^^^^^^^^^^^^^^^^^^^^^^^^^^^^^^
  File "C:\Users\sajjadlh8\AppData\Local\Programs\Python\Python311\Lib\site-packages\httpx\_client.py", line 1657, in _send_handling_auth
    response = await self._send_handling_redirects(
               ^^^^^^^^^^^^^^^^^^^^^^^^^^^^^^^^^^^^
  File "C:\Users\sajjadlh8\AppData\Local\Programs\Python\Python311\Lib\site-packages\httpx\_client.py", line 1694, in _send_handling_redirects
    response = await self._send_single_request(request)
               ^^^^^^^^^^^^^^^^^^^^^^^^^^^^^^^^^^^^^^^^
  File "C:\Users\sajjadlh8\AppData\Local\Programs\Python\Python311\Lib\site-packages\httpx\_client.py", line 1730, in _send_single_request
    response = await transport.handle_async_request(request)
               ^^^^^^^^^^^^^^^^^^^^^^^^^^^^^^^^^^^^^^^^^^^^^
  File "C:\Users\sajjadlh8\AppData\Local\Programs\Python\Python311\Lib\site-packages\httpx\_transports\default.py", line 393, in handle_async_request
    with map_httpcore_exceptions():
  File "C:\Users\sajjadlh8\AppData\Local\Programs\Python\Python311\Lib\contextlib.py", line 155, in __exit__
    self.gen.throw(typ, value, traceback)
  File "C:\Users\sajjadlh8\AppData\Local\Programs\Python\Python311\Lib\site-packages\httpx\_transports\default.py", line 118, in map_httpcore_exceptions
    raise mapped_exc(message) from exc
httpx.ConnectError: [Errno 11001] getaddrinfo failed

The above exception was the direct cause of the following exception:

Traceback (most recent call last):
  File "C:\Users\sajjadlh8\AppData\Local\Programs\Python\Python311\Lib\site-packages\telegram\ext\_updater.py", line 753, in _network_loop_retry
    if not await do_action():
           ^^^^^^^^^^^^^^^^^
  File "C:\Users\sajjadlh8\AppData\Local\Programs\Python\Python311\Lib\site-packages\telegram\ext\_updater.py", line 747, in do_action
    return action_cb_task.result()
           ^^^^^^^^^^^^^^^^^^^^^^^
  File "C:\Users\sajjadlh8\AppData\Local\Programs\Python\Python311\Lib\site-packages\telegram\ext\_updater.py", line 377, in polling_action_cb
    updates = await self.bot.get_updates(
              ^^^^^^^^^^^^^^^^^^^^^^^^^^^
  File "C:\Users\sajjadlh8\AppData\Local\Programs\Python\Python311\Lib\site-packages\telegram\ext\_extbot.py", line 649, in get_updates
    updates = await super().get_updates(
              ^^^^^^^^^^^^^^^^^^^^^^^^^^
  File "C:\Users\sajjadlh8\AppData\Local\Programs\Python\Python311\Lib\site-packages\telegram\_bot.py", line 4366, in get_updates
    await self._post(
  File "C:\Users\sajjadlh8\AppData\Local\Programs\Python\Python311\Lib\site-packages\telegram\_bot.py", line 623, in _post
    return await self._do_post(
           ^^^^^^^^^^^^^^^^^^^^
  File "C:\Users\sajjadlh8\AppData\Local\Programs\Python\Python311\Lib\site-packages\telegram\ext\_extbot.py", line 355, in _do_post
    return await super()._do_post(
           ^^^^^^^^^^^^^^^^^^^^^^^
  File "C:\Users\sajjadlh8\AppData\Local\Programs\Python\Python311\Lib\site-packages\telegram\_bot.py", line 652, in _do_post
    result = await request.post(
             ^^^^^^^^^^^^^^^^^^^
  File "C:\Users\sajjadlh8\AppData\Local\Programs\Python\Python311\Lib\site-packages\telegram\request\_baserequest.py", line 201, in post
    result = await self._request_wrapper(
             ^^^^^^^^^^^^^^^^^^^^^^^^^^^^
  File "C:\Users\sajjadlh8\AppData\Local\Programs\Python\Python311\Lib\site-packages\telegram\request\_baserequest.py", line 333, in _request_wrapper
    code, payload = await self.do_request(
                    ^^^^^^^^^^^^^^^^^^^^^^
  File "C:\Users\sajjadlh8\AppData\Local\Programs\Python\Python311\Lib\site-packages\telegram\request\_httpxrequest.py", line 316, in do_request
    raise NetworkError(f"httpx.{err.__class__.__name__}: {err}") from err
telegram.error.NetworkError: httpx.ConnectError: [Errno 11001] getaddrinfo failed
2026-09-09 20:08:56,362 ERROR finmentor.bot :: bot handler failed: httpx.ConnectError: [Errno 11001] getaddrinfo failed
Traceback (most recent call last):
  File "C:\Users\sajjadlh8\AppData\Local\Programs\Python\Python311\Lib\site-packages\httpx\_transports\default.py", line 101, in map_httpcore_exceptions
    yield
  File "C:\Users\sajjadlh8\AppData\Local\Programs\Python\Python311\Lib\site-packages\httpx\_transports\default.py", line 394, in handle_async_request
    resp = await self._pool.handle_async_request(req)
           ^^^^^^^^^^^^^^^^^^^^^^^^^^^^^^^^^^^^^^^^^^
  File "C:\Users\sajjadlh8\AppData\Local\Programs\Python\Python311\Lib\site-packages\httpcore\_async\connection_pool.py", line 256, in handle_async_request
    raise exc from None
  File "C:\Users\sajjadlh8\AppData\Local\Programs\Python\Python311\Lib\site-packages\httpcore\_async\connection_pool.py", line 236, in handle_async_request
    response = await connection.handle_async_request(
               ^^^^^^^^^^^^^^^^^^^^^^^^^^^^^^^^^^^^^^
  File "C:\Users\sajjadlh8\AppData\Local\Programs\Python\Python311\Lib\site-packages\httpcore\_async\connection.py", line 101, in handle_async_request
    raise exc
  File "C:\Users\sajjadlh8\AppData\Local\Programs\Python\Python311\Lib\site-packages\httpcore\_async\connection.py", line 78, in handle_async_request
    stream = await self._connect(request)
             ^^^^^^^^^^^^^^^^^^^^^^^^^^^^
  File "C:\Users\sajjadlh8\AppData\Local\Programs\Python\Python311\Lib\site-packages\httpcore\_async\connection.py", line 124, in _connect
    stream = await self._network_backend.connect_tcp(**kwargs)
             ^^^^^^^^^^^^^^^^^^^^^^^^^^^^^^^^^^^^^^^^^^^^^^^^^
  File "C:\Users\sajjadlh8\AppData\Local\Programs\Python\Python311\Lib\site-packages\httpcore\_backends\auto.py", line 31, in connect_tcp
    return await self._backend.connect_tcp(
           ^^^^^^^^^^^^^^^^^^^^^^^^^^^^^^^^
  File "C:\Users\sajjadlh8\AppData\Local\Programs\Python\Python311\Lib\site-packages\httpcore\_backends\anyio.py", line 113, in connect_tcp
    with map_exceptions(exc_map):
  File "C:\Users\sajjadlh8\AppData\Local\Programs\Python\Python311\Lib\contextlib.py", line 155, in __exit__
    self.gen.throw(typ, value, traceback)
  File "C:\Users\sajjadlh8\AppData\Local\Programs\Python\Python311\Lib\site-packages\httpcore\_exceptions.py", line 14, in map_exceptions
    raise to_exc(exc) from exc
httpcore.ConnectError: [Errno 11001] getaddrinfo failed

The above exception was the direct cause of the following exception:

Traceback (most recent call last):
  File "C:\Users\sajjadlh8\AppData\Local\Programs\Python\Python311\Lib\site-packages\telegram\request\_httpxrequest.py", line 292, in do_request
    res = await self._client.request(
          ^^^^^^^^^^^^^^^^^^^^^^^^^^^
  File "C:\Users\sajjadlh8\AppData\Local\Programs\Python\Python311\Lib\site-packages\httpx\_client.py", line 1540, in request
    return await self.send(request, auth=auth, follow_redirects=follow_redirects)
           ^^^^^^^^^^^^^^^^^^^^^^^^^^^^^^^^^^^^^^^^^^^^^^^^^^^^^^^^^^^^^^^^^^^^^^
  File "C:\Users\sajjadlh8\AppData\Local\Programs\Python\Python311\Lib\site-packages\httpx\_client.py", line 1629, in send
    response = await self._send_handling_auth(
               ^^^^^^^^^^^^^^^^^^^^^^^^^^^^^^^
  File "C:\Users\sajjadlh8\AppData\Local\Programs\Python\Python311\Lib\site-packages\httpx\_client.py", line 1657, in _send_handling_auth
    response = await self._send_handling_redirects(
               ^^^^^^^^^^^^^^^^^^^^^^^^^^^^^^^^^^^^
  File "C:\Users\sajjadlh8\AppData\Local\Programs\Python\Python311\Lib\site-packages\httpx\_client.py", line 1694, in _send_handling_redirects
    response = await self._send_single_request(request)
               ^^^^^^^^^^^^^^^^^^^^^^^^^^^^^^^^^^^^^^^^
  File "C:\Users\sajjadlh8\AppData\Local\Programs\Python\Python311\Lib\site-packages\httpx\_client.py", line 1730, in _send_single_request
    response = await transport.handle_async_request(request)
               ^^^^^^^^^^^^^^^^^^^^^^^^^^^^^^^^^^^^^^^^^^^^^
  File "C:\Users\sajjadlh8\AppData\Local\Programs\Python\Python311\Lib\site-packages\httpx\_transports\default.py", line 393, in handle_async_request
    with map_httpcore_exceptions():
  File "C:\Users\sajjadlh8\AppData\Local\Programs\Python\Python311\Lib\contextlib.py", line 155, in __exit__
    self.gen.throw(typ, value, traceback)
  File "C:\Users\sajjadlh8\AppData\Local\Programs\Python\Python311\Lib\site-packages\httpx\_transports\default.py", line 118, in map_httpcore_exceptions
    raise mapped_exc(message) from exc
httpx.ConnectError: [Errno 11001] getaddrinfo failed

The above exception was the direct cause of the following exception:

Traceback (most recent call last):
  File "C:\Users\sajjadlh8\AppData\Local\Programs\Python\Python311\Lib\site-packages\telegram\ext\_updater.py", line 753, in _network_loop_retry
    if not await do_action():
           ^^^^^^^^^^^^^^^^^
  File "C:\Users\sajjadlh8\AppData\Local\Programs\Python\Python311\Lib\site-packages\telegram\ext\_updater.py", line 747, in do_action
    return action_cb_task.result()
           ^^^^^^^^^^^^^^^^^^^^^^^
  File "C:\Users\sajjadlh8\AppData\Local\Programs\Python\Python311\Lib\site-packages\telegram\ext\_updater.py", line 377, in polling_action_cb
    updates = await self.bot.get_updates(
              ^^^^^^^^^^^^^^^^^^^^^^^^^^^
  File "C:\Users\sajjadlh8\AppData\Local\Programs\Python\Python311\Lib\site-packages\telegram\ext\_extbot.py", line 649, in get_updates
    updates = await super().get_updates(
              ^^^^^^^^^^^^^^^^^^^^^^^^^^
  File "C:\Users\sajjadlh8\AppData\Local\Programs\Python\Python311\Lib\site-packages\telegram\_bot.py", line 4366, in get_updates
    await self._post(
  File "C:\Users\sajjadlh8\AppData\Local\Programs\Python\Python311\Lib\site-packages\telegram\_bot.py", line 623, in _post
    return await self._do_post(
           ^^^^^^^^^^^^^^^^^^^^
  File "C:\Users\sajjadlh8\AppData\Local\Programs\Python\Python311\Lib\site-packages\telegram\ext\_extbot.py", line 355, in _do_post
    return await super()._do_post(
           ^^^^^^^^^^^^^^^^^^^^^^^
  File "C:\Users\sajjadlh8\AppData\Local\Programs\Python\Python311\Lib\site-packages\telegram\_bot.py", line 652, in _do_post
    result = await request.post(
             ^^^^^^^^^^^^^^^^^^^
  File "C:\Users\sajjadlh8\AppData\Local\Programs\Python\Python311\Lib\site-packages\telegram\request\_baserequest.py", line 201, in post
    result = await self._request_wrapper(
             ^^^^^^^^^^^^^^^^^^^^^^^^^^^^
  File "C:\Users\sajjadlh8\AppData\Local\Programs\Python\Python311\Lib\site-packages\telegram\request\_baserequest.py", line 333, in _request_wrapper
    code, payload = await self.do_request(
                    ^^^^^^^^^^^^^^^^^^^^^^
  File "C:\Users\sajjadlh8\AppData\Local\Programs\Python\Python311\Lib\site-packages\telegram\request\_httpxrequest.py", line 316, in do_request
    raise NetworkError(f"httpx.{err.__class__.__name__}: {err}") from err
telegram.error.NetworkError: httpx.ConnectError: [Errno 11001] getaddrinfo failed
2026-09-09 20:09:09,740 INFO httpx :: HTTP Request: POST https://api.telegram.org/bot8922337295:AAGdhYJVOyWzGttzxBcHmEwzN-DYhTUz0_g/getUpdates "HTTP/1.1 200 OK"
2026-09-09 20:09:13,959 ERROR finmentor.bot :: bot handler failed: httpx.ConnectError: All connection attempts failed
Traceback (most recent call last):
  File "C:\Users\sajjadlh8\AppData\Local\Programs\Python\Python311\Lib\site-packages\httpx\_transports\default.py", line 101, in map_httpcore_exceptions
    yield
  File "C:\Users\sajjadlh8\AppData\Local\Programs\Python\Python311\Lib\site-packages\httpx\_transports\default.py", line 394, in handle_async_request
    resp = await self._pool.handle_async_request(req)
           ^^^^^^^^^^^^^^^^^^^^^^^^^^^^^^^^^^^^^^^^^^
  File "C:\Users\sajjadlh8\AppData\Local\Programs\Python\Python311\Lib\site-packages\httpcore\_async\connection_pool.py", line 256, in handle_async_request
    raise exc from None
  File "C:\Users\sajjadlh8\AppData\Local\Programs\Python\Python311\Lib\site-packages\httpcore\_async\connection_pool.py", line 236, in handle_async_request
    response = await connection.handle_async_request(
               ^^^^^^^^^^^^^^^^^^^^^^^^^^^^^^^^^^^^^^
  File "C:\Users\sajjadlh8\AppData\Local\Programs\Python\Python311\Lib\site-packages\httpcore\_async\connection.py", line 101, in handle_async_request
    raise exc
  File "C:\Users\sajjadlh8\AppData\Local\Programs\Python\Python311\Lib\site-packages\httpcore\_async\connection.py", line 78, in handle_async_request
    stream = await self._connect(request)
             ^^^^^^^^^^^^^^^^^^^^^^^^^^^^
  File "C:\Users\sajjadlh8\AppData\Local\Programs\Python\Python311\Lib\site-packages\httpcore\_async\connection.py", line 124, in _connect
    stream = await self._network_backend.connect_tcp(**kwargs)
             ^^^^^^^^^^^^^^^^^^^^^^^^^^^^^^^^^^^^^^^^^^^^^^^^^
  File "C:\Users\sajjadlh8\AppData\Local\Programs\Python\Python311\Lib\site-packages\httpcore\_backends\auto.py", line 31, in connect_tcp
    return await self._backend.connect_tcp(
           ^^^^^^^^^^^^^^^^^^^^^^^^^^^^^^^^
  File "C:\Users\sajjadlh8\AppData\Local\Programs\Python\Python311\Lib\site-packages\httpcore\_backends\anyio.py", line 113, in connect_tcp
    with map_exceptions(exc_map):
  File "C:\Users\sajjadlh8\AppData\Local\Programs\Python\Python311\Lib\contextlib.py", line 155, in __exit__
    self.gen.throw(typ, value, traceback)
  File "C:\Users\sajjadlh8\AppData\Local\Programs\Python\Python311\Lib\site-packages\httpcore\_exceptions.py", line 14, in map_exceptions
    raise to_exc(exc) from exc
httpcore.ConnectError: All connection attempts failed

The above exception was the direct cause of the following exception:

Traceback (most recent call last):
  File "C:\Users\sajjadlh8\AppData\Local\Programs\Python\Python311\Lib\site-packages\telegram\request\_httpxrequest.py", line 292, in do_request
    res = await self._client.request(
          ^^^^^^^^^^^^^^^^^^^^^^^^^^^
  File "C:\Users\sajjadlh8\AppData\Local\Programs\Python\Python311\Lib\site-packages\httpx\_client.py", line 1540, in request
    return await self.send(request, auth=auth, follow_redirects=follow_redirects)
           ^^^^^^^^^^^^^^^^^^^^^^^^^^^^^^^^^^^^^^^^^^^^^^^^^^^^^^^^^^^^^^^^^^^^^^
  File "C:\Users\sajjadlh8\AppData\Local\Programs\Python\Python311\Lib\site-packages\httpx\_client.py", line 1629, in send
    response = await self._send_handling_auth(
               ^^^^^^^^^^^^^^^^^^^^^^^^^^^^^^^
  File "C:\Users\sajjadlh8\AppData\Local\Programs\Python\Python311\Lib\site-packages\httpx\_client.py", line 1657, in _send_handling_auth
    response = await self._send_handling_redirects(
               ^^^^^^^^^^^^^^^^^^^^^^^^^^^^^^^^^^^^
  File "C:\Users\sajjadlh8\AppData\Local\Programs\Python\Python311\Lib\site-packages\httpx\_client.py", line 1694, in _send_handling_redirects
    response = await self._send_single_request(request)
               ^^^^^^^^^^^^^^^^^^^^^^^^^^^^^^^^^^^^^^^^
  File "C:\Users\sajjadlh8\AppData\Local\Programs\Python\Python311\Lib\site-packages\httpx\_client.py", line 1730, in _send_single_request
    response = await transport.handle_async_request(request)
               ^^^^^^^^^^^^^^^^^^^^^^^^^^^^^^^^^^^^^^^^^^^^^
  File "C:\Users\sajjadlh8\AppData\Local\Programs\Python\Python311\Lib\site-packages\httpx\_transports\default.py", line 393, in handle_async_request
    with map_httpcore_exceptions():
  File "C:\Users\sajjadlh8\AppData\Local\Programs\Python\Python311\Lib\contextlib.py", line 155, in __exit__
    self.gen.throw(typ, value, traceback)
  File "C:\Users\sajjadlh8\AppData\Local\Programs\Python\Python311\Lib\site-packages\httpx\_transports\default.py", line 118, in map_httpcore_exceptions
    raise mapped_exc(message) from exc
httpx.ConnectError: All connection attempts failed

The above exception was the direct cause of the following exception:

Traceback (most recent call last):
  File "C:\Users\sajjadlh8\AppData\Local\Programs\Python\Python311\Lib\site-packages\telegram\ext\_application.py", line 1335, in process_update
    await coroutine
  File "C:\Users\sajjadlh8\AppData\Local\Programs\Python\Python311\Lib\site-packages\telegram\ext\_handlers\basehandler.py", line 158, in handle_update
    return await self.callback(update, context)
           ^^^^^^^^^^^^^^^^^^^^^^^^^^^^^^^^^^^^
  File "D:\finmentor\finmentor\app\bot\handlers.py", line 190, in start
    def _ask_payload(user_id: int, question: str) -> str:
            ^^^^^^^^^^^^^^^^^^^^^^^^^^^^^^^^^^^^^^
  File "D:\finmentor\finmentor\app\bot\handlers.py", line 54, in _reply
    await update.effective_message.reply_text(
  File "C:\Users\sajjadlh8\AppData\Local\Programs\Python\Python311\Lib\site-packages\telegram\_message.py", line 1762, in reply_text
    return await self.get_bot().send_message(
           ^^^^^^^^^^^^^^^^^^^^^^^^^^^^^^^^^^
  File "C:\Users\sajjadlh8\AppData\Local\Programs\Python\Python311\Lib\site-packages\telegram\ext\_extbot.py", line 2909, in send_message
    return await super().send_message(
           ^^^^^^^^^^^^^^^^^^^^^^^^^^^
  File "C:\Users\sajjadlh8\AppData\Local\Programs\Python\Python311\Lib\site-packages\telegram\_bot.py", line 1029, in send_message
    return await self._send_message(
           ^^^^^^^^^^^^^^^^^^^^^^^^^
  File "C:\Users\sajjadlh8\AppData\Local\Programs\Python\Python311\Lib\site-packages\telegram\ext\_extbot.py", line 610, in _send_message
    result = await super()._send_message(
             ^^^^^^^^^^^^^^^^^^^^^^^^^^^^
  File "C:\Users\sajjadlh8\AppData\Local\Programs\Python\Python311\Lib\site-packages\telegram\_bot.py", line 745, in _send_message
    result = await self._post(
             ^^^^^^^^^^^^^^^^^
  File "C:\Users\sajjadlh8\AppData\Local\Programs\Python\Python311\Lib\site-packages\telegram\_bot.py", line 623, in _post
    return await self._do_post(
           ^^^^^^^^^^^^^^^^^^^^
  File "C:\Users\sajjadlh8\AppData\Local\Programs\Python\Python311\Lib\site-packages\telegram\ext\_extbot.py", line 355, in _do_post
    return await super()._do_post(
           ^^^^^^^^^^^^^^^^^^^^^^^
  File "C:\Users\sajjadlh8\AppData\Local\Programs\Python\Python311\Lib\site-packages\telegram\_bot.py", line 652, in _do_post
    result = await request.post(
             ^^^^^^^^^^^^^^^^^^^
  File "C:\Users\sajjadlh8\AppData\Local\Programs\Python\Python311\Lib\site-packages\telegram\request\_baserequest.py", line 201, in post
    result = await self._request_wrapper(
             ^^^^^^^^^^^^^^^^^^^^^^^^^^^^
  File "C:\Users\sajjadlh8\AppData\Local\Programs\Python\Python311\Lib\site-packages\telegram\request\_baserequest.py", line 333, in _request_wrapper
    code, payload = await self.do_request(
                    ^^^^^^^^^^^^^^^^^^^^^^
  File "C:\Users\sajjadlh8\AppData\Local\Programs\Python\Python311\Lib\site-packages\telegram\request\_httpxrequest.py", line 316, in do_request
    raise NetworkError(f"httpx.{err.__class__.__name__}: {err}") from err
telegram.error.NetworkError: httpx.ConnectError: All connection attempts failed
2026-09-09 20:09:13,962 ERROR finmentor.bot :: bot handler failed: httpx.ReadError: 
Traceback (most recent call last):
  File "C:\Users\sajjadlh8\AppData\Local\Programs\Python\Python311\Lib\site-packages\httpx\_transports\default.py", line 101, in map_httpcore_exceptions
    yield
  File "C:\Users\sajjadlh8\AppData\Local\Programs\Python\Python311\Lib\site-packages\httpx\_transports\default.py", line 394, in handle_async_request
    resp = await self._pool.handle_async_request(req)
           ^^^^^^^^^^^^^^^^^^^^^^^^^^^^^^^^^^^^^^^^^^
  File "C:\Users\sajjadlh8\AppData\Local\Programs\Python\Python311\Lib\site-packages\httpcore\_async\connection_pool.py", line 256, in handle_async_request
    raise exc from None
  File "C:\Users\sajjadlh8\AppData\Local\Programs\Python\Python311\Lib\site-packages\httpcore\_async\connection_pool.py", line 236, in handle_async_request
    response = await connection.handle_async_request(
               ^^^^^^^^^^^^^^^^^^^^^^^^^^^^^^^^^^^^^^
  File "C:\Users\sajjadlh8\AppData\Local\Programs\Python\Python311\Lib\site-packages\httpcore\_async\connection.py", line 103, in handle_async_request
    return await self._connection.handle_async_request(request)
           ^^^^^^^^^^^^^^^^^^^^^^^^^^^^^^^^^^^^^^^^^^^^^^^^^^^^
  File "C:\Users\sajjadlh8\AppData\Local\Programs\Python\Python311\Lib\site-packages\httpcore\_async\http11.py", line 136, in handle_async_request
    raise exc
  File "C:\Users\sajjadlh8\AppData\Local\Programs\Python\Python311\Lib\site-packages\httpcore\_async\http11.py", line 106, in handle_async_request
    ) = await self._receive_response_headers(**kwargs)
        ^^^^^^^^^^^^^^^^^^^^^^^^^^^^^^^^^^^^^^^^^^^^^^
  File "C:\Users\sajjadlh8\AppData\Local\Programs\Python\Python311\Lib\site-packages\httpcore\_async\http11.py", line 177, in _receive_response_headers
    event = await self._receive_event(timeout=timeout)
            ^^^^^^^^^^^^^^^^^^^^^^^^^^^^^^^^^^^^^^^^^^
  File "C:\Users\sajjadlh8\AppData\Local\Programs\Python\Python311\Lib\site-packages\httpcore\_async\http11.py", line 217, in _receive_event
    data = await self._network_stream.read(
           ^^^^^^^^^^^^^^^^^^^^^^^^^^^^^^^^
  File "C:\Users\sajjadlh8\AppData\Local\Programs\Python\Python311\Lib\site-packages\httpcore\_backends\anyio.py", line 32, in read
    with map_exceptions(exc_map):
  File "C:\Users\sajjadlh8\AppData\Local\Programs\Python\Python311\Lib\contextlib.py", line 155, in __exit__
    self.gen.throw(typ, value, traceback)
  File "C:\Users\sajjadlh8\AppData\Local\Programs\Python\Python311\Lib\site-packages\httpcore\_exceptions.py", line 14, in map_exceptions
    raise to_exc(exc) from exc
httpcore.ReadError

The above exception was the direct cause of the following exception:

Traceback (most recent call last):
  File "C:\Users\sajjadlh8\AppData\Local\Programs\Python\Python311\Lib\site-packages\telegram\request\_httpxrequest.py", line 292, in do_request
    res = await self._client.request(
          ^^^^^^^^^^^^^^^^^^^^^^^^^^^
  File "C:\Users\sajjadlh8\AppData\Local\Programs\Python\Python311\Lib\site-packages\httpx\_client.py", line 1540, in request
    return await self.send(request, auth=auth, follow_redirects=follow_redirects)
           ^^^^^^^^^^^^^^^^^^^^^^^^^^^^^^^^^^^^^^^^^^^^^^^^^^^^^^^^^^^^^^^^^^^^^^
  File "C:\Users\sajjadlh8\AppData\Local\Programs\Python\Python311\Lib\site-packages\httpx\_client.py", line 1629, in send
    response = await self._send_handling_auth(
               ^^^^^^^^^^^^^^^^^^^^^^^^^^^^^^^
  File "C:\Users\sajjadlh8\AppData\Local\Programs\Python\Python311\Lib\site-packages\httpx\_client.py", line 1657, in _send_handling_auth
    response = await self._send_handling_redirects(
               ^^^^^^^^^^^^^^^^^^^^^^^^^^^^^^^^^^^^
  File "C:\Users\sajjadlh8\AppData\Local\Programs\Python\Python311\Lib\site-packages\httpx\_client.py", line 1694, in _send_handling_redirects
    response = await self._send_single_request(request)
               ^^^^^^^^^^^^^^^^^^^^^^^^^^^^^^^^^^^^^^^^
  File "C:\Users\sajjadlh8\AppData\Local\Programs\Python\Python311\Lib\site-packages\httpx\_client.py", line 1730, in _send_single_request
    response = await transport.handle_async_request(request)
               ^^^^^^^^^^^^^^^^^^^^^^^^^^^^^^^^^^^^^^^^^^^^^
  File "C:\Users\sajjadlh8\AppData\Local\Programs\Python\Python311\Lib\site-packages\httpx\_transports\default.py", line 393, in handle_async_request
    with map_httpcore_exceptions():
  File "C:\Users\sajjadlh8\AppData\Local\Programs\Python\Python311\Lib\contextlib.py", line 155, in __exit__
    self.gen.throw(typ, value, traceback)
  File "C:\Users\sajjadlh8\AppData\Local\Programs\Python\Python311\Lib\site-packages\httpx\_transports\default.py", line 118, in map_httpcore_exceptions
    raise mapped_exc(message) from exc
httpx.ReadError

The above exception was the direct cause of the following exception:

Traceback (most recent call last):
  File "C:\Users\sajjadlh8\AppData\Local\Programs\Python\Python311\Lib\site-packages\telegram\ext\_updater.py", line 753, in _network_loop_retry
    if not await do_action():
           ^^^^^^^^^^^^^^^^^
  File "C:\Users\sajjadlh8\AppData\Local\Programs\Python\Python311\Lib\site-packages\telegram\ext\_updater.py", line 747, in do_action
    return action_cb_task.result()
           ^^^^^^^^^^^^^^^^^^^^^^^
  File "C:\Users\sajjadlh8\AppData\Local\Programs\Python\Python311\Lib\site-packages\telegram\ext\_updater.py", line 377, in polling_action_cb
    updates = await self.bot.get_updates(
              ^^^^^^^^^^^^^^^^^^^^^^^^^^^
  File "C:\Users\sajjadlh8\AppData\Local\Programs\Python\Python311\Lib\site-packages\telegram\ext\_extbot.py", line 649, in get_updates
    updates = await super().get_updates(
              ^^^^^^^^^^^^^^^^^^^^^^^^^^
  File "C:\Users\sajjadlh8\AppData\Local\Programs\Python\Python311\Lib\site-packages\telegram\_bot.py", line 4366, in get_updates
    await self._post(
  File "C:\Users\sajjadlh8\AppData\Local\Programs\Python\Python311\Lib\site-packages\telegram\_bot.py", line 623, in _post
    return await self._do_post(
           ^^^^^^^^^^^^^^^^^^^^
  File "C:\Users\sajjadlh8\AppData\Local\Programs\Python\Python311\Lib\site-packages\telegram\ext\_extbot.py", line 355, in _do_post
    return await super()._do_post(
           ^^^^^^^^^^^^^^^^^^^^^^^
  File "C:\Users\sajjadlh8\AppData\Local\Programs\Python\Python311\Lib\site-packages\telegram\_bot.py", line 652, in _do_post
    result = await request.post(
             ^^^^^^^^^^^^^^^^^^^
  File "C:\Users\sajjadlh8\AppData\Local\Programs\Python\Python311\Lib\site-packages\telegram\request\_baserequest.py", line 201, in post
    result = await self._request_wrapper(
             ^^^^^^^^^^^^^^^^^^^^^^^^^^^^
  File "C:\Users\sajjadlh8\AppData\Local\Programs\Python\Python311\Lib\site-packages\telegram\request\_baserequest.py", line 333, in _request_wrapper
    code, payload = await self.do_request(
                    ^^^^^^^^^^^^^^^^^^^^^^
  File "C:\Users\sajjadlh8\AppData\Local\Programs\Python\Python311\Lib\site-packages\telegram\request\_httpxrequest.py", line 316, in do_request
    raise NetworkError(f"httpx.{err.__class__.__name__}: {err}") from err
telegram.error.NetworkError: httpx.ReadError: 
2026-09-09 20:09:18,966 WARNING finmentor.bot :: could not deliver the error message
2026-09-09 20:09:20,563 INFO httpx :: HTTP Request: POST https://api.telegram.org/bot8922337295:AAGdhYJVOyWzGttzxBcHmEwzN-DYhTUz0_g/sendMessage "HTTP/1.1 200 OK"
2026-09-09 20:09:20,815 INFO httpx :: HTTP Request: POST https://api.telegram.org/bot8922337295:AAGdhYJVOyWzGttzxBcHmEwzN-DYhTUz0_g/sendMessage "HTTP/1.1 200 OK"
2026-09-09 20:09:25,319 INFO httpx :: HTTP Request: POST https://api.telegram.org/bot8922337295:AAGdhYJVOyWzGttzxBcHmEwzN-DYhTUz0_g/getUpdates "HTTP/1.1 200 OK"
2026-09-09 20:09:25,529 INFO httpx :: HTTP Request: POST https://api.telegram.org/bot8922337295:AAGdhYJVOyWzGttzxBcHmEwzN-DYhTUz0_g/answerCallbackQuery "HTTP/1.1 200 OK"
2026-09-09 20:09:25,810 INFO httpx :: HTTP Request: POST https://api.telegram.org/bot8922337295:AAGdhYJVOyWzGttzxBcHmEwzN-DYhTUz0_g/sendMessage "HTTP/1.1 200 OK"
2026-09-09 20:09:26,100 INFO httpx :: HTTP Request: POST https://api.telegram.org/bot8922337295:AAGdhYJVOyWzGttzxBcHmEwzN-DYhTUz0_g/sendMessage "HTTP/1.1 200 OK"
2026-09-09 20:09:35,495 INFO httpx :: HTTP Request: POST https://api.telegram.org/bot8922337295:AAGdhYJVOyWzGttzxBcHmEwzN-DYhTUz0_g/getUpdates "HTTP/1.1 200 OK"
2026-09-09 20:09:36,621 INFO httpx :: HTTP Request: POST https://api.telegram.org/bot8922337295:AAGdhYJVOyWzGttzxBcHmEwzN-DYhTUz0_g/getUpdates "HTTP/1.1 200 OK"
2026-09-09 20:09:37,144 INFO httpx :: HTTP Request: POST https://api.telegram.org/bot8922337295:AAGdhYJVOyWzGttzxBcHmEwzN-DYhTUz0_g/sendMessage "HTTP/1.1 200 OK"
2026-09-09 20:09:46,787 INFO httpx :: HTTP Request: POST https://api.telegram.org/bot8922337295:AAGdhYJVOyWzGttzxBcHmEwzN-DYhTUz0_g/getUpdates "HTTP/1.1 200 OK"
2026-09-09 20:09:46,982 INFO httpx :: HTTP Request: POST https://api.telegram.org/bot8922337295:AAGdhYJVOyWzGttzxBcHmEwzN-DYhTUz0_g/getUpdates "HTTP/1.1 200 OK"
2026-09-09 20:09:47,599 INFO httpx :: HTTP Request: POST https://api.telegram.org/bot8922337295:AAGdhYJVOyWzGttzxBcHmEwzN-DYhTUz0_g/answerCallbackQuery "HTTP/1.1 200 OK"
2026-09-09 20:09:47,875 INFO httpx :: HTTP Request: POST https://api.telegram.org/bot8922337295:AAGdhYJVOyWzGttzxBcHmEwzN-DYhTUz0_g/sendMessage "HTTP/1.1 200 OK"
2026-09-09 20:09:57,019 INFO httpx :: HTTP Request: POST https://api.telegram.org/bot8922337295:AAGdhYJVOyWzGttzxBcHmEwzN-DYhTUz0_g/getUpdates "HTTP/1.1 200 OK"
2026-09-09 20:09:57,673 INFO httpx :: HTTP Request: POST https://api.telegram.org/bot8922337295:AAGdhYJVOyWzGttzxBcHmEwzN-DYhTUz0_g/sendMessage "HTTP/1.1 200 OK"
2026-09-09 20:10:05,684 INFO httpx :: HTTP Request: POST https://api.telegram.org/bot8922337295:AAGdhYJVOyWzGttzxBcHmEwzN-DYhTUz0_g/getUpdates "HTTP/1.1 200 OK"
2026-09-09 20:10:06,495 INFO httpx :: HTTP Request: POST https://api.telegram.org/bot8922337295:AAGdhYJVOyWzGttzxBcHmEwzN-DYhTUz0_g/sendMessage "HTTP/1.1 200 OK"
2026-09-09 20:10:15,906 INFO httpx :: HTTP Request: POST https://api.telegram.org/bot8922337295:AAGdhYJVOyWzGttzxBcHmEwzN-DYhTUz0_g/getUpdates "HTTP/1.1 200 OK"
2026-09-09 20:10:26,241 INFO httpx :: HTTP Request: POST https://api.telegram.org/bot8922337295:AAGdhYJVOyWzGttzxBcHmEwzN-DYhTUz0_g/getUpdates "HTTP/1.1 200 OK"
2026-09-09 20:10:26,762 INFO httpx :: HTTP Request: POST https://api.telegram.org/bot8922337295:AAGdhYJVOyWzGttzxBcHmEwzN-DYhTUz0_g/sendMessage "HTTP/1.1 200 OK"
2026-09-09 20:10:31,702 INFO httpx :: HTTP Request: POST https://api.telegram.org/bot8922337295:AAGdhYJVOyWzGttzxBcHmEwzN-DYhTUz0_g/getUpdates "HTTP/1.1 200 OK"
2026-09-09 20:10:32,200 INFO httpx :: HTTP Request: POST https://api.telegram.org/bot8922337295:AAGdhYJVOyWzGttzxBcHmEwzN-DYhTUz0_g/sendMessage "HTTP/1.1 200 OK"
2026-09-09 20:10:36,918 INFO httpx :: HTTP Request: POST https://api.telegram.org/bot8922337295:AAGdhYJVOyWzGttzxBcHmEwzN-DYhTUz0_g/getUpdates "HTTP/1.1 200 OK"
2026-09-09 20:10:37,176 INFO httpx :: HTTP Request: POST https://api.telegram.org/bot8922337295:AAGdhYJVOyWzGttzxBcHmEwzN-DYhTUz0_g/sendMessage "HTTP/1.1 200 OK"
2026-09-09 20:10:42,336 INFO httpx :: HTTP Request: POST https://api.telegram.org/bot8922337295:AAGdhYJVOyWzGttzxBcHmEwzN-DYhTUz0_g/getUpdates "HTTP/1.1 200 OK"
2026-09-09 20:10:43,775 INFO httpx :: HTTP Request: POST https://api.telegram.org/bot8922337295:AAGdhYJVOyWzGttzxBcHmEwzN-DYhTUz0_g/sendMessage "HTTP/1.1 200 OK"
2026-09-09 20:10:45,229 INFO httpx :: HTTP Request: POST https://api.telegram.org/bot8922337295:AAGdhYJVOyWzGttzxBcHmEwzN-DYhTUz0_g/getUpdates "HTTP/1.1 200 OK"
2026-09-09 20:10:45,399 INFO httpx :: HTTP Request: POST https://api.telegram.org/bot8922337295:AAGdhYJVOyWzGttzxBcHmEwzN-DYhTUz0_g/answerCallbackQuery "HTTP/1.1 200 OK"
2026-09-09 20:10:45,658 INFO httpx :: HTTP Request: POST https://api.telegram.org/bot8922337295:AAGdhYJVOyWzGttzxBcHmEwzN-DYhTUz0_g/sendMessage "HTTP/1.1 200 OK"
2026-09-09 20:10:46,769 INFO httpx :: HTTP Request: POST https://api.telegram.org/bot8922337295:AAGdhYJVOyWzGttzxBcHmEwzN-DYhTUz0_g/getUpdates "HTTP/1.1 200 OK"
2026-09-09 20:10:46,947 INFO httpx :: HTTP Request: POST https://api.telegram.org/bot8922337295:AAGdhYJVOyWzGttzxBcHmEwzN-DYhTUz0_g/answerCallbackQuery "HTTP/1.1 200 OK"
2026-09-09 20:10:47,154 INFO httpx :: HTTP Request: POST https://api.telegram.org/bot8922337295:AAGdhYJVOyWzGttzxBcHmEwzN-DYhTUz0_g/sendMessage "HTTP/1.1 200 OK"
2026-09-09 20:10:54,891 INFO httpx :: HTTP Request: POST https://api.telegram.org/bot8922337295:AAGdhYJVOyWzGttzxBcHmEwzN-DYhTUz0_g/getUpdates "HTTP/1.1 200 OK"
2026-09-09 20:10:59,915 ERROR finmentor.bot :: bot handler failed: Timed out
Traceback (most recent call last):
  File "C:\Users\sajjadlh8\AppData\Local\Programs\Python\Python311\Lib\site-packages\httpx\_transports\default.py", line 101, in map_httpcore_exceptions
    yield
  File "C:\Users\sajjadlh8\AppData\Local\Programs\Python\Python311\Lib\site-packages\httpx\_transports\default.py", line 394, in handle_async_request
    resp = await self._pool.handle_async_request(req)
           ^^^^^^^^^^^^^^^^^^^^^^^^^^^^^^^^^^^^^^^^^^
  File "C:\Users\sajjadlh8\AppData\Local\Programs\Python\Python311\Lib\site-packages\httpcore\_async\connection_pool.py", line 256, in handle_async_request
    raise exc from None
  File "C:\Users\sajjadlh8\AppData\Local\Programs\Python\Python311\Lib\site-packages\httpcore\_async\connection_pool.py", line 236, in handle_async_request
    response = await connection.handle_async_request(
               ^^^^^^^^^^^^^^^^^^^^^^^^^^^^^^^^^^^^^^
  File "C:\Users\sajjadlh8\AppData\Local\Programs\Python\Python311\Lib\site-packages\httpcore\_async\connection.py", line 101, in handle_async_request
    raise exc
  File "C:\Users\sajjadlh8\AppData\Local\Programs\Python\Python311\Lib\site-packages\httpcore\_async\connection.py", line 78, in handle_async_request
    stream = await self._connect(request)
             ^^^^^^^^^^^^^^^^^^^^^^^^^^^^
  File "C:\Users\sajjadlh8\AppData\Local\Programs\Python\Python311\Lib\site-packages\httpcore\_async\connection.py", line 124, in _connect
    stream = await self._network_backend.connect_tcp(**kwargs)
             ^^^^^^^^^^^^^^^^^^^^^^^^^^^^^^^^^^^^^^^^^^^^^^^^^
  File "C:\Users\sajjadlh8\AppData\Local\Programs\Python\Python311\Lib\site-packages\httpcore\_backends\auto.py", line 31, in connect_tcp
    return await self._backend.connect_tcp(
           ^^^^^^^^^^^^^^^^^^^^^^^^^^^^^^^^
  File "C:\Users\sajjadlh8\AppData\Local\Programs\Python\Python311\Lib\site-packages\httpcore\_backends\anyio.py", line 113, in connect_tcp
    with map_exceptions(exc_map):
  File "C:\Users\sajjadlh8\AppData\Local\Programs\Python\Python311\Lib\contextlib.py", line 155, in __exit__
    self.gen.throw(typ, value, traceback)
  File "C:\Users\sajjadlh8\AppData\Local\Programs\Python\Python311\Lib\site-packages\httpcore\_exceptions.py", line 14, in map_exceptions
    raise to_exc(exc) from exc
httpcore.ConnectTimeout

The above exception was the direct cause of the following exception:

Traceback (most recent call last):
  File "C:\Users\sajjadlh8\AppData\Local\Programs\Python\Python311\Lib\site-packages\telegram\request\_httpxrequest.py", line 292, in do_request
    res = await self._client.request(
          ^^^^^^^^^^^^^^^^^^^^^^^^^^^
  File "C:\Users\sajjadlh8\AppData\Local\Programs\Python\Python311\Lib\site-packages\httpx\_client.py", line 1540, in request
    return await self.send(request, auth=auth, follow_redirects=follow_redirects)
           ^^^^^^^^^^^^^^^^^^^^^^^^^^^^^^^^^^^^^^^^^^^^^^^^^^^^^^^^^^^^^^^^^^^^^^
  File "C:\Users\sajjadlh8\AppData\Local\Programs\Python\Python311\Lib\site-packages\httpx\_client.py", line 1629, in send
    response = await self._send_handling_auth(
               ^^^^^^^^^^^^^^^^^^^^^^^^^^^^^^^
  File "C:\Users\sajjadlh8\AppData\Local\Programs\Python\Python311\Lib\site-packages\httpx\_client.py", line 1657, in _send_handling_auth
    response = await self._send_handling_redirects(
               ^^^^^^^^^^^^^^^^^^^^^^^^^^^^^^^^^^^^
  File "C:\Users\sajjadlh8\AppData\Local\Programs\Python\Python311\Lib\site-packages\httpx\_client.py", line 1694, in _send_handling_redirects
    response = await self._send_single_request(request)
               ^^^^^^^^^^^^^^^^^^^^^^^^^^^^^^^^^^^^^^^^
  File "C:\Users\sajjadlh8\AppData\Local\Programs\Python\Python311\Lib\site-packages\httpx\_client.py", line 1730, in _send_single_request
    response = await transport.handle_async_request(request)
               ^^^^^^^^^^^^^^^^^^^^^^^^^^^^^^^^^^^^^^^^^^^^^
  File "C:\Users\sajjadlh8\AppData\Local\Programs\Python\Python311\Lib\site-packages\httpx\_transports\default.py", line 393, in handle_async_request
    with map_httpcore_exceptions():
  File "C:\Users\sajjadlh8\AppData\Local\Programs\Python\Python311\Lib\contextlib.py", line 155, in __exit__
    self.gen.throw(typ, value, traceback)
  File "C:\Users\sajjadlh8\AppData\Local\Programs\Python\Python311\Lib\site-packages\httpx\_transports\default.py", line 118, in map_httpcore_exceptions
    raise mapped_exc(message) from exc
httpx.ConnectTimeout

The above exception was the direct cause of the following exception:

Traceback (most recent call last):
  File "C:\Users\sajjadlh8\AppData\Local\Programs\Python\Python311\Lib\site-packages\telegram\ext\_application.py", line 1335, in process_update
    await coroutine
  File "C:\Users\sajjadlh8\AppData\Local\Programs\Python\Python311\Lib\site-packages\telegram\ext\_handlers\conversationhandler.py", line 857, in handle_update
    new_state: object = await handler.handle_update(
                        ^^^^^^^^^^^^^^^^^^^^^^^^^^^^
  File "C:\Users\sajjadlh8\AppData\Local\Programs\Python\Python311\Lib\site-packages\telegram\ext\_handlers\basehandler.py", line 158, in handle_update
    return await self.callback(update, context)
           ^^^^^^^^^^^^^^^^^^^^^^^^^^^^^^^^^^^^
  File "D:\finmentor\finmentor\app\bot\onboarding.py", line 175, in got_savings
    await update.message.reply_text(messages.ASK_DEBT)
  File "C:\Users\sajjadlh8\AppData\Local\Programs\Python\Python311\Lib\site-packages\telegram\_message.py", line 1762, in reply_text
    return await self.get_bot().send_message(
           ^^^^^^^^^^^^^^^^^^^^^^^^^^^^^^^^^^
  File "C:\Users\sajjadlh8\AppData\Local\Programs\Python\Python311\Lib\site-packages\telegram\ext\_extbot.py", line 2909, in send_message
    return await super().send_message(
           ^^^^^^^^^^^^^^^^^^^^^^^^^^^
  File "C:\Users\sajjadlh8\AppData\Local\Programs\Python\Python311\Lib\site-packages\telegram\_bot.py", line 1029, in send_message
    return await self._send_message(
           ^^^^^^^^^^^^^^^^^^^^^^^^^
  File "C:\Users\sajjadlh8\AppData\Local\Programs\Python\Python311\Lib\site-packages\telegram\ext\_extbot.py", line 610, in _send_message
    result = await super()._send_message(
             ^^^^^^^^^^^^^^^^^^^^^^^^^^^^
  File "C:\Users\sajjadlh8\AppData\Local\Programs\Python\Python311\Lib\site-packages\telegram\_bot.py", line 745, in _send_message
    result = await self._post(
             ^^^^^^^^^^^^^^^^^
  File "C:\Users\sajjadlh8\AppData\Local\Programs\Python\Python311\Lib\site-packages\telegram\_bot.py", line 623, in _post
    return await self._do_post(
           ^^^^^^^^^^^^^^^^^^^^
  File "C:\Users\sajjadlh8\AppData\Local\Programs\Python\Python311\Lib\site-packages\telegram\ext\_extbot.py", line 355, in _do_post
    return await super()._do_post(
           ^^^^^^^^^^^^^^^^^^^^^^^
  File "C:\Users\sajjadlh8\AppData\Local\Programs\Python\Python311\Lib\site-packages\telegram\_bot.py", line 652, in _do_post
    result = await request.post(
             ^^^^^^^^^^^^^^^^^^^
  File "C:\Users\sajjadlh8\AppData\Local\Programs\Python\Python311\Lib\site-packages\telegram\request\_baserequest.py", line 201, in post
    result = await self._request_wrapper(
             ^^^^^^^^^^^^^^^^^^^^^^^^^^^^
  File "C:\Users\sajjadlh8\AppData\Local\Programs\Python\Python311\Lib\site-packages\telegram\request\_baserequest.py", line 333, in _request_wrapper
    code, payload = await self.do_request(
                    ^^^^^^^^^^^^^^^^^^^^^^
  File "C:\Users\sajjadlh8\AppData\Local\Programs\Python\Python311\Lib\site-packages\telegram\request\_httpxrequest.py", line 309, in do_request
    raise TimedOut from err
telegram.error.TimedOut: Timed out
2026-09-09 20:11:04,921 WARNING finmentor.bot :: could not deliver the error message
2026-09-09 20:11:05,378 INFO httpx :: HTTP Request: POST https://api.telegram.org/bot8922337295:AAGdhYJVOyWzGttzxBcHmEwzN-DYhTUz0_g/getUpdates "HTTP/1.1 200 OK"
2026-09-09 20:11:15,535 INFO httpx :: HTTP Request: POST https://api.telegram.org/bot8922337295:AAGdhYJVOyWzGttzxBcHmEwzN-DYhTUz0_g/getUpdates "HTTP/1.1 200 OK"
2026-09-09 20:11:26,037 INFO httpx :: HTTP Request: POST https://api.telegram.org/bot8922337295:AAGdhYJVOyWzGttzxBcHmEwzN-DYhTUz0_g/getUpdates "HTTP/1.1 200 OK"
2026-09-09 20:11:36,206 INFO httpx :: HTTP Request: POST https://api.telegram.org/bot8922337295:AAGdhYJVOyWzGttzxBcHmEwzN-DYhTUz0_g/getUpdates "HTTP/1.1 200 OK"
2026-09-09 20:11:46,406 INFO httpx :: HTTP Request: POST https://api.telegram.org/bot8922337295:AAGdhYJVOyWzGttzxBcHmEwzN-DYhTUz0_g/getUpdates "HTTP/1.1 200 OK"
2026-09-09 20:11:56,569 INFO httpx :: HTTP Request: POST https://api.telegram.org/bot8922337295:AAGdhYJVOyWzGttzxBcHmEwzN-DYhTUz0_g/getUpdates "HTTP/1.1 200 OK"
2026-09-09 20:12:07,047 INFO httpx :: HTTP Request: POST https://api.telegram.org/bot8922337295:AAGdhYJVOyWzGttzxBcHmEwzN-DYhTUz0_g/getUpdates "HTTP/1.1 200 OK"
2026-09-09 20:12:08,150 INFO httpx :: HTTP Request: POST https://api.telegram.org/bot8922337295:AAGdhYJVOyWzGttzxBcHmEwzN-DYhTUz0_g/getUpdates "HTTP/1.1 200 OK"
2026-09-09 20:12:13,159 ERROR finmentor.bot :: bot handler failed: Timed out
Traceback (most recent call last):
  File "C:\Users\sajjadlh8\AppData\Local\Programs\Python\Python311\Lib\site-packages\httpx\_transports\default.py", line 101, in map_httpcore_exceptions
    yield
  File "C:\Users\sajjadlh8\AppData\Local\Programs\Python\Python311\Lib\site-packages\httpx\_transports\default.py", line 394, in handle_async_request
    resp = await self._pool.handle_async_request(req)
           ^^^^^^^^^^^^^^^^^^^^^^^^^^^^^^^^^^^^^^^^^^
  File "C:\Users\sajjadlh8\AppData\Local\Programs\Python\Python311\Lib\site-packages\httpcore\_async\connection_pool.py", line 256, in handle_async_request
    raise exc from None
  File "C:\Users\sajjadlh8\AppData\Local\Programs\Python\Python311\Lib\site-packages\httpcore\_async\connection_pool.py", line 236, in handle_async_request
    response = await connection.handle_async_request(
               ^^^^^^^^^^^^^^^^^^^^^^^^^^^^^^^^^^^^^^
  File "C:\Users\sajjadlh8\AppData\Local\Programs\Python\Python311\Lib\site-packages\httpcore\_async\connection.py", line 101, in handle_async_request
    raise exc
  File "C:\Users\sajjadlh8\AppData\Local\Programs\Python\Python311\Lib\site-packages\httpcore\_async\connection.py", line 78, in handle_async_request
    stream = await self._connect(request)
             ^^^^^^^^^^^^^^^^^^^^^^^^^^^^
  File "C:\Users\sajjadlh8\AppData\Local\Programs\Python\Python311\Lib\site-packages\httpcore\_async\connection.py", line 124, in _connect
    stream = await self._network_backend.connect_tcp(**kwargs)
             ^^^^^^^^^^^^^^^^^^^^^^^^^^^^^^^^^^^^^^^^^^^^^^^^^
  File "C:\Users\sajjadlh8\AppData\Local\Programs\Python\Python311\Lib\site-packages\httpcore\_backends\auto.py", line 31, in connect_tcp
    return await self._backend.connect_tcp(
           ^^^^^^^^^^^^^^^^^^^^^^^^^^^^^^^^
  File "C:\Users\sajjadlh8\AppData\Local\Programs\Python\Python311\Lib\site-packages\httpcore\_backends\anyio.py", line 113, in connect_tcp
    with map_exceptions(exc_map):
  File "C:\Users\sajjadlh8\AppData\Local\Programs\Python\Python311\Lib\contextlib.py", line 155, in __exit__
    self.gen.throw(typ, value, traceback)
  File "C:\Users\sajjadlh8\AppData\Local\Programs\Python\Python311\Lib\site-packages\httpcore\_exceptions.py", line 14, in map_exceptions
    raise to_exc(exc) from exc
httpcore.ConnectTimeout

The above exception was the direct cause of the following exception:

Traceback (most recent call last):
  File "C:\Users\sajjadlh8\AppData\Local\Programs\Python\Python311\Lib\site-packages\telegram\request\_httpxrequest.py", line 292, in do_request
    res = await self._client.request(
          ^^^^^^^^^^^^^^^^^^^^^^^^^^^
  File "C:\Users\sajjadlh8\AppData\Local\Programs\Python\Python311\Lib\site-packages\httpx\_client.py", line 1540, in request
    return await self.send(request, auth=auth, follow_redirects=follow_redirects)
           ^^^^^^^^^^^^^^^^^^^^^^^^^^^^^^^^^^^^^^^^^^^^^^^^^^^^^^^^^^^^^^^^^^^^^^
  File "C:\Users\sajjadlh8\AppData\Local\Programs\Python\Python311\Lib\site-packages\httpx\_client.py", line 1629, in send
    response = await self._send_handling_auth(
               ^^^^^^^^^^^^^^^^^^^^^^^^^^^^^^^
  File "C:\Users\sajjadlh8\AppData\Local\Programs\Python\Python311\Lib\site-packages\httpx\_client.py", line 1657, in _send_handling_auth
    response = await self._send_handling_redirects(
               ^^^^^^^^^^^^^^^^^^^^^^^^^^^^^^^^^^^^
  File "C:\Users\sajjadlh8\AppData\Local\Programs\Python\Python311\Lib\site-packages\httpx\_client.py", line 1694, in _send_handling_redirects
    response = await self._send_single_request(request)
               ^^^^^^^^^^^^^^^^^^^^^^^^^^^^^^^^^^^^^^^^
  File "C:\Users\sajjadlh8\AppData\Local\Programs\Python\Python311\Lib\site-packages\httpx\_client.py", line 1730, in _send_single_request
    response = await transport.handle_async_request(request)
               ^^^^^^^^^^^^^^^^^^^^^^^^^^^^^^^^^^^^^^^^^^^^^
  File "C:\Users\sajjadlh8\AppData\Local\Programs\Python\Python311\Lib\site-packages\httpx\_transports\default.py", line 393, in handle_async_request
    with map_httpcore_exceptions():
  File "C:\Users\sajjadlh8\AppData\Local\Programs\Python\Python311\Lib\contextlib.py", line 155, in __exit__
    self.gen.throw(typ, value, traceback)
  File "C:\Users\sajjadlh8\AppData\Local\Programs\Python\Python311\Lib\site-packages\httpx\_transports\default.py", line 118, in map_httpcore_exceptions
    raise mapped_exc(message) from exc
httpx.ConnectTimeout

The above exception was the direct cause of the following exception:

Traceback (most recent call last):
  File "C:\Users\sajjadlh8\AppData\Local\Programs\Python\Python311\Lib\site-packages\telegram\ext\_application.py", line 1335, in process_update
    await coroutine
  File "C:\Users\sajjadlh8\AppData\Local\Programs\Python\Python311\Lib\site-packages\telegram\ext\_handlers\conversationhandler.py", line 857, in handle_update
    new_state: object = await handler.handle_update(
                        ^^^^^^^^^^^^^^^^^^^^^^^^^^^^
  File "C:\Users\sajjadlh8\AppData\Local\Programs\Python\Python311\Lib\site-packages\telegram\ext\_handlers\basehandler.py", line 158, in handle_update
    return await self.callback(update, context)
           ^^^^^^^^^^^^^^^^^^^^^^^^^^^^^^^^^^^^
  File "D:\finmentor\finmentor\app\bot\onboarding.py", line 161, in got_expense
    return await _ask_expense(update, ctx)
           ^^^^^^^^^^^^^^^^^^^^^^^^^^^^^^^
  File "D:\finmentor\finmentor\app\bot\onboarding.py", line 98, in _ask_expense
    await update.effective_message.reply_text(
  File "C:\Users\sajjadlh8\AppData\Local\Programs\Python\Python311\Lib\site-packages\telegram\_message.py", line 1762, in reply_text
    return await self.get_bot().send_message(
           ^^^^^^^^^^^^^^^^^^^^^^^^^^^^^^^^^^
  File "C:\Users\sajjadlh8\AppData\Local\Programs\Python\Python311\Lib\site-packages\telegram\ext\_extbot.py", line 2909, in send_message
    return await super().send_message(
           ^^^^^^^^^^^^^^^^^^^^^^^^^^^
  File "C:\Users\sajjadlh8\AppData\Local\Programs\Python\Python311\Lib\site-packages\telegram\_bot.py", line 1029, in send_message
    return await self._send_message(
           ^^^^^^^^^^^^^^^^^^^^^^^^^
  File "C:\Users\sajjadlh8\AppData\Local\Programs\Python\Python311\Lib\site-packages\telegram\ext\_extbot.py", line 610, in _send_message
    result = await super()._send_message(
             ^^^^^^^^^^^^^^^^^^^^^^^^^^^^
  File "C:\Users\sajjadlh8\AppData\Local\Programs\Python\Python311\Lib\site-packages\telegram\_bot.py", line 745, in _send_message
    result = await self._post(
             ^^^^^^^^^^^^^^^^^
  File "C:\Users\sajjadlh8\AppData\Local\Programs\Python\Python311\Lib\site-packages\telegram\_bot.py", line 623, in _post
    return await self._do_post(
           ^^^^^^^^^^^^^^^^^^^^
  File "C:\Users\sajjadlh8\AppData\Local\Programs\Python\Python311\Lib\site-packages\telegram\ext\_extbot.py", line 355, in _do_post
    return await super()._do_post(
           ^^^^^^^^^^^^^^^^^^^^^^^
  File "C:\Users\sajjadlh8\AppData\Local\Programs\Python\Python311\Lib\site-packages\telegram\_bot.py", line 652, in _do_post
    result = await request.post(
             ^^^^^^^^^^^^^^^^^^^
  File "C:\Users\sajjadlh8\AppData\Local\Programs\Python\Python311\Lib\site-packages\telegram\request\_baserequest.py", line 201, in post
    result = await self._request_wrapper(
             ^^^^^^^^^^^^^^^^^^^^^^^^^^^^
  File "C:\Users\sajjadlh8\AppData\Local\Programs\Python\Python311\Lib\site-packages\telegram\request\_baserequest.py", line 333, in _request_wrapper
    code, payload = await self.do_request(
                    ^^^^^^^^^^^^^^^^^^^^^^
  File "C:\Users\sajjadlh8\AppData\Local\Programs\Python\Python311\Lib\site-packages\telegram\request\_httpxrequest.py", line 309, in do_request
    raise TimedOut from err
telegram.error.TimedOut: Timed out
2026-09-09 20:12:18,175 WARNING finmentor.bot :: could not deliver the error message
2026-09-09 20:12:18,640 INFO httpx :: HTTP Request: POST https://api.telegram.org/bot8922337295:AAGdhYJVOyWzGttzxBcHmEwzN-DYhTUz0_g/getUpdates "HTTP/1.1 200 OK"
2026-09-09 20:12:21,397 INFO httpx :: HTTP Request: POST https://api.telegram.org/bot8922337295:AAGdhYJVOyWzGttzxBcHmEwzN-DYhTUz0_g/getUpdates "HTTP/1.1 200 OK"
2026-09-09 20:12:26,419 ERROR finmentor.bot :: bot handler failed: Timed out
Traceback (most recent call last):
  File "C:\Users\sajjadlh8\AppData\Local\Programs\Python\Python311\Lib\site-packages\httpx\_transports\default.py", line 101, in map_httpcore_exceptions
    yield
  File "C:\Users\sajjadlh8\AppData\Local\Programs\Python\Python311\Lib\site-packages\httpx\_transports\default.py", line 394, in handle_async_request
    resp = await self._pool.handle_async_request(req)
           ^^^^^^^^^^^^^^^^^^^^^^^^^^^^^^^^^^^^^^^^^^
  File "C:\Users\sajjadlh8\AppData\Local\Programs\Python\Python311\Lib\site-packages\httpcore\_async\connection_pool.py", line 256, in handle_async_request
    raise exc from None
  File "C:\Users\sajjadlh8\AppData\Local\Programs\Python\Python311\Lib\site-packages\httpcore\_async\connection_pool.py", line 236, in handle_async_request
    response = await connection.handle_async_request(
               ^^^^^^^^^^^^^^^^^^^^^^^^^^^^^^^^^^^^^^
  File "C:\Users\sajjadlh8\AppData\Local\Programs\Python\Python311\Lib\site-packages\httpcore\_async\connection.py", line 101, in handle_async_request
    raise exc
  File "C:\Users\sajjadlh8\AppData\Local\Programs\Python\Python311\Lib\site-packages\httpcore\_async\connection.py", line 78, in handle_async_request
    stream = await self._connect(request)
             ^^^^^^^^^^^^^^^^^^^^^^^^^^^^
  File "C:\Users\sajjadlh8\AppData\Local\Programs\Python\Python311\Lib\site-packages\httpcore\_async\connection.py", line 124, in _connect
    stream = await self._network_backend.connect_tcp(**kwargs)
             ^^^^^^^^^^^^^^^^^^^^^^^^^^^^^^^^^^^^^^^^^^^^^^^^^
  File "C:\Users\sajjadlh8\AppData\Local\Programs\Python\Python311\Lib\site-packages\httpcore\_backends\auto.py", line 31, in connect_tcp
    return await self._backend.connect_tcp(
           ^^^^^^^^^^^^^^^^^^^^^^^^^^^^^^^^
  File "C:\Users\sajjadlh8\AppData\Local\Programs\Python\Python311\Lib\site-packages\httpcore\_backends\anyio.py", line 113, in connect_tcp
    with map_exceptions(exc_map):
  File "C:\Users\sajjadlh8\AppData\Local\Programs\Python\Python311\Lib\contextlib.py", line 155, in __exit__
    self.gen.throw(typ, value, traceback)
  File "C:\Users\sajjadlh8\AppData\Local\Programs\Python\Python311\Lib\site-packages\httpcore\_exceptions.py", line 14, in map_exceptions
    raise to_exc(exc) from exc
httpcore.ConnectTimeout

The above exception was the direct cause of the following exception:

Traceback (most recent call last):
  File "C:\Users\sajjadlh8\AppData\Local\Programs\Python\Python311\Lib\site-packages\telegram\request\_httpxrequest.py", line 292, in do_request
    res = await self._client.request(
          ^^^^^^^^^^^^^^^^^^^^^^^^^^^
  File "C:\Users\sajjadlh8\AppData\Local\Programs\Python\Python311\Lib\site-packages\httpx\_client.py", line 1540, in request
    return await self.send(request, auth=auth, follow_redirects=follow_redirects)
           ^^^^^^^^^^^^^^^^^^^^^^^^^^^^^^^^^^^^^^^^^^^^^^^^^^^^^^^^^^^^^^^^^^^^^^
  File "C:\Users\sajjadlh8\AppData\Local\Programs\Python\Python311\Lib\site-packages\httpx\_client.py", line 1629, in send
    response = await self._send_handling_auth(
               ^^^^^^^^^^^^^^^^^^^^^^^^^^^^^^^
  File "C:\Users\sajjadlh8\AppData\Local\Programs\Python\Python311\Lib\site-packages\httpx\_client.py", line 1657, in _send_handling_auth
    response = await self._send_handling_redirects(
               ^^^^^^^^^^^^^^^^^^^^^^^^^^^^^^^^^^^^
  File "C:\Users\sajjadlh8\AppData\Local\Programs\Python\Python311\Lib\site-packages\httpx\_client.py", line 1694, in _send_handling_redirects
    response = await self._send_single_request(request)
               ^^^^^^^^^^^^^^^^^^^^^^^^^^^^^^^^^^^^^^^^
  File "C:\Users\sajjadlh8\AppData\Local\Programs\Python\Python311\Lib\site-packages\httpx\_client.py", line 1730, in _send_single_request
    response = await transport.handle_async_request(request)
               ^^^^^^^^^^^^^^^^^^^^^^^^^^^^^^^^^^^^^^^^^^^^^
  File "C:\Users\sajjadlh8\AppData\Local\Programs\Python\Python311\Lib\site-packages\httpx\_transports\default.py", line 393, in handle_async_request
    with map_httpcore_exceptions():
  File "C:\Users\sajjadlh8\AppData\Local\Programs\Python\Python311\Lib\contextlib.py", line 155, in __exit__
    self.gen.throw(typ, value, traceback)
  File "C:\Users\sajjadlh8\AppData\Local\Programs\Python\Python311\Lib\site-packages\httpx\_transports\default.py", line 118, in map_httpcore_exceptions
    raise mapped_exc(message) from exc
httpx.ConnectTimeout

The above exception was the direct cause of the following exception:

Traceback (most recent call last):
  File "C:\Users\sajjadlh8\AppData\Local\Programs\Python\Python311\Lib\site-packages\telegram\ext\_application.py", line 1335, in process_update
    await coroutine
  File "C:\Users\sajjadlh8\AppData\Local\Programs\Python\Python311\Lib\site-packages\telegram\ext\_handlers\conversationhandler.py", line 857, in handle_update
    new_state: object = await handler.handle_update(
                        ^^^^^^^^^^^^^^^^^^^^^^^^^^^^
  File "C:\Users\sajjadlh8\AppData\Local\Programs\Python\Python311\Lib\site-packages\telegram\ext\_handlers\basehandler.py", line 158, in handle_update
    return await self.callback(update, context)
           ^^^^^^^^^^^^^^^^^^^^^^^^^^^^^^^^^^^^
  File "D:\finmentor\finmentor\app\bot\onboarding.py", line 161, in got_expense
    return await _ask_expense(update, ctx)
           ^^^^^^^^^^^^^^^^^^^^^^^^^^^^^^^
  File "D:\finmentor\finmentor\app\bot\onboarding.py", line 98, in _ask_expense
    await update.effective_message.reply_text(
  File "C:\Users\sajjadlh8\AppData\Local\Programs\Python\Python311\Lib\site-packages\telegram\_message.py", line 1762, in reply_text
    return await self.get_bot().send_message(
           ^^^^^^^^^^^^^^^^^^^^^^^^^^^^^^^^^^
  File "C:\Users\sajjadlh8\AppData\Local\Programs\Python\Python311\Lib\site-packages\telegram\ext\_extbot.py", line 2909, in send_message
    return await super().send_message(
           ^^^^^^^^^^^^^^^^^^^^^^^^^^^
  File "C:\Users\sajjadlh8\AppData\Local\Programs\Python\Python311\Lib\site-packages\telegram\_bot.py", line 1029, in send_message
    return await self._send_message(
           ^^^^^^^^^^^^^^^^^^^^^^^^^
  File "C:\Users\sajjadlh8\AppData\Local\Programs\Python\Python311\Lib\site-packages\telegram\ext\_extbot.py", line 610, in _send_message
    result = await super()._send_message(
             ^^^^^^^^^^^^^^^^^^^^^^^^^^^^
  File "C:\Users\sajjadlh8\AppData\Local\Programs\Python\Python311\Lib\site-packages\telegram\_bot.py", line 745, in _send_message
    result = await self._post(
             ^^^^^^^^^^^^^^^^^
  File "C:\Users\sajjadlh8\AppData\Local\Programs\Python\Python311\Lib\site-packages\telegram\_bot.py", line 623, in _post
    return await self._do_post(
           ^^^^^^^^^^^^^^^^^^^^
  File "C:\Users\sajjadlh8\AppData\Local\Programs\Python\Python311\Lib\site-packages\telegram\ext\_extbot.py", line 355, in _do_post
    return await super()._do_post(
           ^^^^^^^^^^^^^^^^^^^^^^^
  File "C:\Users\sajjadlh8\AppData\Local\Programs\Python\Python311\Lib\site-packages\telegram\_bot.py", line 652, in _do_post
    result = await request.post(
             ^^^^^^^^^^^^^^^^^^^
  File "C:\Users\sajjadlh8\AppData\Local\Programs\Python\Python311\Lib\site-packages\telegram\request\_baserequest.py", line 201, in post
    result = await self._request_wrapper(
             ^^^^^^^^^^^^^^^^^^^^^^^^^^^^
  File "C:\Users\sajjadlh8\AppData\Local\Programs\Python\Python311\Lib\site-packages\telegram\request\_baserequest.py", line 333, in _request_wrapper
    code, payload = await self.do_request(
                    ^^^^^^^^^^^^^^^^^^^^^^
  File "C:\Users\sajjadlh8\AppData\Local\Programs\Python\Python311\Lib\site-packages\telegram\request\_httpxrequest.py", line 309, in do_request
    raise TimedOut from err
telegram.error.TimedOut: Timed out
2026-09-09 20:12:27,171 INFO httpx :: HTTP Request: POST https://api.telegram.org/bot8922337295:AAGdhYJVOyWzGttzxBcHmEwzN-DYhTUz0_g/sendMessage "HTTP/1.1 200 OK"
2026-09-09 20:12:31,574 INFO httpx :: HTTP Request: POST https://api.telegram.org/bot8922337295:AAGdhYJVOyWzGttzxBcHmEwzN-DYhTUz0_g/getUpdates "HTTP/1.1 200 OK"
2026-09-09 20:12:33,699 INFO httpx :: HTTP Request: POST https://api.telegram.org/bot8922337295:AAGdhYJVOyWzGttzxBcHmEwzN-DYhTUz0_g/getUpdates "HTTP/1.1 200 OK"
2026-09-09 20:12:34,371 INFO httpx :: HTTP Request: POST https://api.telegram.org/bot8922337295:AAGdhYJVOyWzGttzxBcHmEwzN-DYhTUz0_g/sendMessage "HTTP/1.1 200 OK"
2026-09-09 20:12:43,875 INFO httpx :: HTTP Request: POST https://api.telegram.org/bot8922337295:AAGdhYJVOyWzGttzxBcHmEwzN-DYhTUz0_g/getUpdates "HTTP/1.1 200 OK"
2026-09-09 20:12:50,049 INFO httpx :: HTTP Request: POST https://api.telegram.org/bot8922337295:AAGdhYJVOyWzGttzxBcHmEwzN-DYhTUz0_g/getUpdates "HTTP/1.1 200 OK"
2026-09-09 20:12:51,437 INFO httpx :: HTTP Request: POST https://api.telegram.org/bot8922337295:AAGdhYJVOyWzGttzxBcHmEwzN-DYhTUz0_g/sendMessage "HTTP/1.1 200 OK"
2026-09-09 20:13:00,220 INFO httpx :: HTTP Request: POST https://api.telegram.org/bot8922337295:AAGdhYJVOyWzGttzxBcHmEwzN-DYhTUz0_g/getUpdates "HTTP/1.1 200 OK"
2026-09-09 20:13:00,680 INFO httpx :: HTTP Request: POST https://api.telegram.org/bot8922337295:AAGdhYJVOyWzGttzxBcHmEwzN-DYhTUz0_g/getUpdates "HTTP/1.1 200 OK"
2026-09-09 20:13:01,731 INFO httpx :: HTTP Request: POST https://api.telegram.org/bot8922337295:AAGdhYJVOyWzGttzxBcHmEwzN-DYhTUz0_g/sendMessage "HTTP/1.1 200 OK"
2026-09-09 20:13:08,784 INFO httpx :: HTTP Request: POST https://api.telegram.org/bot8922337295:AAGdhYJVOyWzGttzxBcHmEwzN-DYhTUz0_g/getUpdates "HTTP/1.1 200 OK"
2026-09-09 20:13:09,935 INFO httpx :: HTTP Request: POST https://api.telegram.org/bot8922337295:AAGdhYJVOyWzGttzxBcHmEwzN-DYhTUz0_g/sendMessage "HTTP/1.1 200 OK"
2026-09-09 20:13:18,378 INFO httpx :: HTTP Request: POST https://api.telegram.org/bot8922337295:AAGdhYJVOyWzGttzxBcHmEwzN-DYhTUz0_g/getUpdates "HTTP/1.1 200 OK"
2026-09-09 20:13:23,384 ERROR finmentor.bot :: bot handler failed: Timed out
Traceback (most recent call last):
  File "C:\Users\sajjadlh8\AppData\Local\Programs\Python\Python311\Lib\site-packages\httpx\_transports\default.py", line 101, in map_httpcore_exceptions
    yield
  File "C:\Users\sajjadlh8\AppData\Local\Programs\Python\Python311\Lib\site-packages\httpx\_transports\default.py", line 394, in handle_async_request
    resp = await self._pool.handle_async_request(req)
           ^^^^^^^^^^^^^^^^^^^^^^^^^^^^^^^^^^^^^^^^^^
  File "C:\Users\sajjadlh8\AppData\Local\Programs\Python\Python311\Lib\site-packages\httpcore\_async\connection_pool.py", line 256, in handle_async_request
    raise exc from None
  File "C:\Users\sajjadlh8\AppData\Local\Programs\Python\Python311\Lib\site-packages\httpcore\_async\connection_pool.py", line 236, in handle_async_request
    response = await connection.handle_async_request(
               ^^^^^^^^^^^^^^^^^^^^^^^^^^^^^^^^^^^^^^
  File "C:\Users\sajjadlh8\AppData\Local\Programs\Python\Python311\Lib\site-packages\httpcore\_async\connection.py", line 101, in handle_async_request
    raise exc
  File "C:\Users\sajjadlh8\AppData\Local\Programs\Python\Python311\Lib\site-packages\httpcore\_async\connection.py", line 78, in handle_async_request
    stream = await self._connect(request)
             ^^^^^^^^^^^^^^^^^^^^^^^^^^^^
  File "C:\Users\sajjadlh8\AppData\Local\Programs\Python\Python311\Lib\site-packages\httpcore\_async\connection.py", line 124, in _connect
    stream = await self._network_backend.connect_tcp(**kwargs)
             ^^^^^^^^^^^^^^^^^^^^^^^^^^^^^^^^^^^^^^^^^^^^^^^^^
  File "C:\Users\sajjadlh8\AppData\Local\Programs\Python\Python311\Lib\site-packages\httpcore\_backends\auto.py", line 31, in connect_tcp
    return await self._backend.connect_tcp(
           ^^^^^^^^^^^^^^^^^^^^^^^^^^^^^^^^
  File "C:\Users\sajjadlh8\AppData\Local\Programs\Python\Python311\Lib\site-packages\httpcore\_backends\anyio.py", line 113, in connect_tcp
    with map_exceptions(exc_map):
  File "C:\Users\sajjadlh8\AppData\Local\Programs\Python\Python311\Lib\contextlib.py", line 155, in __exit__
    self.gen.throw(typ, value, traceback)
  File "C:\Users\sajjadlh8\AppData\Local\Programs\Python\Python311\Lib\site-packages\httpcore\_exceptions.py", line 14, in map_exceptions
    raise to_exc(exc) from exc
httpcore.ConnectTimeout

The above exception was the direct cause of the following exception:

Traceback (most recent call last):
  File "C:\Users\sajjadlh8\AppData\Local\Programs\Python\Python311\Lib\site-packages\telegram\request\_httpxrequest.py", line 292, in do_request
    res = await self._client.request(
          ^^^^^^^^^^^^^^^^^^^^^^^^^^^
  File "C:\Users\sajjadlh8\AppData\Local\Programs\Python\Python311\Lib\site-packages\httpx\_client.py", line 1540, in request
    return await self.send(request, auth=auth, follow_redirects=follow_redirects)
           ^^^^^^^^^^^^^^^^^^^^^^^^^^^^^^^^^^^^^^^^^^^^^^^^^^^^^^^^^^^^^^^^^^^^^^
  File "C:\Users\sajjadlh8\AppData\Local\Programs\Python\Python311\Lib\site-packages\httpx\_client.py", line 1629, in send
    response = await self._send_handling_auth(
               ^^^^^^^^^^^^^^^^^^^^^^^^^^^^^^^
  File "C:\Users\sajjadlh8\AppData\Local\Programs\Python\Python311\Lib\site-packages\httpx\_client.py", line 1657, in _send_handling_auth
    response = await self._send_handling_redirects(
               ^^^^^^^^^^^^^^^^^^^^^^^^^^^^^^^^^^^^
  File "C:\Users\sajjadlh8\AppData\Local\Programs\Python\Python311\Lib\site-packages\httpx\_client.py", line 1694, in _send_handling_redirects
    response = await self._send_single_request(request)
               ^^^^^^^^^^^^^^^^^^^^^^^^^^^^^^^^^^^^^^^^
  File "C:\Users\sajjadlh8\AppData\Local\Programs\Python\Python311\Lib\site-packages\httpx\_client.py", line 1730, in _send_single_request
    response = await transport.handle_async_request(request)
               ^^^^^^^^^^^^^^^^^^^^^^^^^^^^^^^^^^^^^^^^^^^^^
  File "C:\Users\sajjadlh8\AppData\Local\Programs\Python\Python311\Lib\site-packages\httpx\_transports\default.py", line 393, in handle_async_request
    with map_httpcore_exceptions():
  File "C:\Users\sajjadlh8\AppData\Local\Programs\Python\Python311\Lib\contextlib.py", line 155, in __exit__
    self.gen.throw(typ, value, traceback)
  File "C:\Users\sajjadlh8\AppData\Local\Programs\Python\Python311\Lib\site-packages\httpx\_transports\default.py", line 118, in map_httpcore_exceptions
    raise mapped_exc(message) from exc
httpx.ConnectTimeout

The above exception was the direct cause of the following exception:

Traceback (most recent call last):
  File "C:\Users\sajjadlh8\AppData\Local\Programs\Python\Python311\Lib\site-packages\telegram\ext\_application.py", line 1335, in process_update
    await coroutine
  File "C:\Users\sajjadlh8\AppData\Local\Programs\Python\Python311\Lib\site-packages\telegram\ext\_handlers\conversationhandler.py", line 857, in handle_update
    new_state: object = await handler.handle_update(
                        ^^^^^^^^^^^^^^^^^^^^^^^^^^^^
  File "C:\Users\sajjadlh8\AppData\Local\Programs\Python\Python311\Lib\site-packages\telegram\ext\_handlers\basehandler.py", line 158, in handle_update
    return await self.callback(update, context)
           ^^^^^^^^^^^^^^^^^^^^^^^^^^^^^^^^^^^^
  File "D:\finmentor\finmentor\app\bot\onboarding.py", line 161, in got_expense
    return await _ask_expense(update, ctx)
           ^^^^^^^^^^^^^^^^^^^^^^^^^^^^^^^
  File "D:\finmentor\finmentor\app\bot\onboarding.py", line 98, in _ask_expense
    await update.effective_message.reply_text(
  File "C:\Users\sajjadlh8\AppData\Local\Programs\Python\Python311\Lib\site-packages\telegram\_message.py", line 1762, in reply_text
    return await self.get_bot().send_message(
           ^^^^^^^^^^^^^^^^^^^^^^^^^^^^^^^^^^
  File "C:\Users\sajjadlh8\AppData\Local\Programs\Python\Python311\Lib\site-packages\telegram\ext\_extbot.py", line 2909, in send_message
    return await super().send_message(
           ^^^^^^^^^^^^^^^^^^^^^^^^^^^
  File "C:\Users\sajjadlh8\AppData\Local\Programs\Python\Python311\Lib\site-packages\telegram\_bot.py", line 1029, in send_message
    return await self._send_message(
           ^^^^^^^^^^^^^^^^^^^^^^^^^
  File "C:\Users\sajjadlh8\AppData\Local\Programs\Python\Python311\Lib\site-packages\telegram\ext\_extbot.py", line 610, in _send_message
    result = await super()._send_message(
             ^^^^^^^^^^^^^^^^^^^^^^^^^^^^
  File "C:\Users\sajjadlh8\AppData\Local\Programs\Python\Python311\Lib\site-packages\telegram\_bot.py", line 745, in _send_message
    result = await self._post(
             ^^^^^^^^^^^^^^^^^
  File "C:\Users\sajjadlh8\AppData\Local\Programs\Python\Python311\Lib\site-packages\telegram\_bot.py", line 623, in _post
    return await self._do_post(
           ^^^^^^^^^^^^^^^^^^^^
  File "C:\Users\sajjadlh8\AppData\Local\Programs\Python\Python311\Lib\site-packages\telegram\ext\_extbot.py", line 355, in _do_post
    return await super()._do_post(
           ^^^^^^^^^^^^^^^^^^^^^^^
  File "C:\Users\sajjadlh8\AppData\Local\Programs\Python\Python311\Lib\site-packages\telegram\_bot.py", line 652, in _do_post
    result = await request.post(
             ^^^^^^^^^^^^^^^^^^^
  File "C:\Users\sajjadlh8\AppData\Local\Programs\Python\Python311\Lib\site-packages\telegram\request\_baserequest.py", line 201, in post
    result = await self._request_wrapper(
             ^^^^^^^^^^^^^^^^^^^^^^^^^^^^
  File "C:\Users\sajjadlh8\AppData\Local\Programs\Python\Python311\Lib\site-packages\telegram\request\_baserequest.py", line 333, in _request_wrapper
    code, payload = await self.do_request(
                    ^^^^^^^^^^^^^^^^^^^^^^
  File "C:\Users\sajjadlh8\AppData\Local\Programs\Python\Python311\Lib\site-packages\telegram\request\_httpxrequest.py", line 309, in do_request
    raise TimedOut from err
telegram.error.TimedOut: Timed out
2026-09-09 20:13:25,630 INFO httpx :: HTTP Request: POST https://api.telegram.org/bot8922337295:AAGdhYJVOyWzGttzxBcHmEwzN-DYhTUz0_g/getUpdates "HTTP/1.1 200 OK"
2026-09-09 20:13:28,395 WARNING finmentor.bot :: could not deliver the error message
2026-09-09 20:13:33,422 ERROR finmentor.bot :: bot handler failed: Timed out
Traceback (most recent call last):
  File "C:\Users\sajjadlh8\AppData\Local\Programs\Python\Python311\Lib\site-packages\httpx\_transports\default.py", line 101, in map_httpcore_exceptions
    yield
  File "C:\Users\sajjadlh8\AppData\Local\Programs\Python\Python311\Lib\site-packages\httpx\_transports\default.py", line 394, in handle_async_request
    resp = await self._pool.handle_async_request(req)
           ^^^^^^^^^^^^^^^^^^^^^^^^^^^^^^^^^^^^^^^^^^
  File "C:\Users\sajjadlh8\AppData\Local\Programs\Python\Python311\Lib\site-packages\httpcore\_async\connection_pool.py", line 256, in handle_async_request
    raise exc from None
  File "C:\Users\sajjadlh8\AppData\Local\Programs\Python\Python311\Lib\site-packages\httpcore\_async\connection_pool.py", line 236, in handle_async_request
    response = await connection.handle_async_request(
               ^^^^^^^^^^^^^^^^^^^^^^^^^^^^^^^^^^^^^^
  File "C:\Users\sajjadlh8\AppData\Local\Programs\Python\Python311\Lib\site-packages\httpcore\_async\connection.py", line 101, in handle_async_request
    raise exc
  File "C:\Users\sajjadlh8\AppData\Local\Programs\Python\Python311\Lib\site-packages\httpcore\_async\connection.py", line 78, in handle_async_request
    stream = await self._connect(request)
             ^^^^^^^^^^^^^^^^^^^^^^^^^^^^
  File "C:\Users\sajjadlh8\AppData\Local\Programs\Python\Python311\Lib\site-packages\httpcore\_async\connection.py", line 124, in _connect
    stream = await self._network_backend.connect_tcp(**kwargs)
             ^^^^^^^^^^^^^^^^^^^^^^^^^^^^^^^^^^^^^^^^^^^^^^^^^
  File "C:\Users\sajjadlh8\AppData\Local\Programs\Python\Python311\Lib\site-packages\httpcore\_backends\auto.py", line 31, in connect_tcp
    return await self._backend.connect_tcp(
           ^^^^^^^^^^^^^^^^^^^^^^^^^^^^^^^^
  File "C:\Users\sajjadlh8\AppData\Local\Programs\Python\Python311\Lib\site-packages\httpcore\_backends\anyio.py", line 113, in connect_tcp
    with map_exceptions(exc_map):
  File "C:\Users\sajjadlh8\AppData\Local\Programs\Python\Python311\Lib\contextlib.py", line 155, in __exit__
    self.gen.throw(typ, value, traceback)
  File "C:\Users\sajjadlh8\AppData\Local\Programs\Python\Python311\Lib\site-packages\httpcore\_exceptions.py", line 14, in map_exceptions
    raise to_exc(exc) from exc
httpcore.ConnectTimeout

The above exception was the direct cause of the following exception:

Traceback (most recent call last):
  File "C:\Users\sajjadlh8\AppData\Local\Programs\Python\Python311\Lib\site-packages\telegram\request\_httpxrequest.py", line 292, in do_request
    res = await self._client.request(
          ^^^^^^^^^^^^^^^^^^^^^^^^^^^
  File "C:\Users\sajjadlh8\AppData\Local\Programs\Python\Python311\Lib\site-packages\httpx\_client.py", line 1540, in request
    return await self.send(request, auth=auth, follow_redirects=follow_redirects)
           ^^^^^^^^^^^^^^^^^^^^^^^^^^^^^^^^^^^^^^^^^^^^^^^^^^^^^^^^^^^^^^^^^^^^^^
  File "C:\Users\sajjadlh8\AppData\Local\Programs\Python\Python311\Lib\site-packages\httpx\_client.py", line 1629, in send
    response = await self._send_handling_auth(
               ^^^^^^^^^^^^^^^^^^^^^^^^^^^^^^^
  File "C:\Users\sajjadlh8\AppData\Local\Programs\Python\Python311\Lib\site-packages\httpx\_client.py", line 1657, in _send_handling_auth
    response = await self._send_handling_redirects(
               ^^^^^^^^^^^^^^^^^^^^^^^^^^^^^^^^^^^^
  File "C:\Users\sajjadlh8\AppData\Local\Programs\Python\Python311\Lib\site-packages\httpx\_client.py", line 1694, in _send_handling_redirects
    response = await self._send_single_request(request)
               ^^^^^^^^^^^^^^^^^^^^^^^^^^^^^^^^^^^^^^^^
  File "C:\Users\sajjadlh8\AppData\Local\Programs\Python\Python311\Lib\site-packages\httpx\_client.py", line 1730, in _send_single_request
    response = await transport.handle_async_request(request)
               ^^^^^^^^^^^^^^^^^^^^^^^^^^^^^^^^^^^^^^^^^^^^^
  File "C:\Users\sajjadlh8\AppData\Local\Programs\Python\Python311\Lib\site-packages\httpx\_transports\default.py", line 393, in handle_async_request
    with map_httpcore_exceptions():
  File "C:\Users\sajjadlh8\AppData\Local\Programs\Python\Python311\Lib\contextlib.py", line 155, in __exit__
    self.gen.throw(typ, value, traceback)
  File "C:\Users\sajjadlh8\AppData\Local\Programs\Python\Python311\Lib\site-packages\httpx\_transports\default.py", line 118, in map_httpcore_exceptions
    raise mapped_exc(message) from exc
httpx.ConnectTimeout

The above exception was the direct cause of the following exception:

Traceback (most recent call last):
  File "C:\Users\sajjadlh8\AppData\Local\Programs\Python\Python311\Lib\site-packages\telegram\ext\_application.py", line 1335, in process_update
    await coroutine
  File "C:\Users\sajjadlh8\AppData\Local\Programs\Python\Python311\Lib\site-packages\telegram\ext\_handlers\basehandler.py", line 158, in handle_update
    return await self.callback(update, context)
           ^^^^^^^^^^^^^^^^^^^^^^^^^^^^^^^^^^^^
  File "D:\finmentor\finmentor\app\bot\handlers.py", line 327, in free_text
    note=messages.CALCULATING, keyboard=keyboards.simulate_menu())
    ^^^^^^^^^^^^^^^^^^^^^^^^^^^^^^^^^
  File "D:\finmentor\finmentor\app\bot\handlers.py", line 278, in _run_ask
    async def goal_added_reply(update: Update, ctx: ContextTypes.DEFAULT_TYPE, draft: dict) -> None:
            ^^^^^^^^^^^^^^^^^^^^^^^^^^^^^^^^^^^^^^^^^^^^^^^^^^^^^^^^^^^^^^^^^^^^^^^^^^^
  File "D:\finmentor\finmentor\app\bot\handlers.py", line 54, in _reply
    await update.effective_message.reply_text(
  File "C:\Users\sajjadlh8\AppData\Local\Programs\Python\Python311\Lib\site-packages\telegram\_message.py", line 1762, in reply_text
    return await self.get_bot().send_message(
           ^^^^^^^^^^^^^^^^^^^^^^^^^^^^^^^^^^
  File "C:\Users\sajjadlh8\AppData\Local\Programs\Python\Python311\Lib\site-packages\telegram\ext\_extbot.py", line 2909, in send_message
    return await super().send_message(
           ^^^^^^^^^^^^^^^^^^^^^^^^^^^
  File "C:\Users\sajjadlh8\AppData\Local\Programs\Python\Python311\Lib\site-packages\telegram\_bot.py", line 1029, in send_message
    return await self._send_message(
           ^^^^^^^^^^^^^^^^^^^^^^^^^
  File "C:\Users\sajjadlh8\AppData\Local\Programs\Python\Python311\Lib\site-packages\telegram\ext\_extbot.py", line 610, in _send_message
    result = await super()._send_message(
             ^^^^^^^^^^^^^^^^^^^^^^^^^^^^
  File "C:\Users\sajjadlh8\AppData\Local\Programs\Python\Python311\Lib\site-packages\telegram\_bot.py", line 745, in _send_message
    result = await self._post(
             ^^^^^^^^^^^^^^^^^
  File "C:\Users\sajjadlh8\AppData\Local\Programs\Python\Python311\Lib\site-packages\telegram\_bot.py", line 623, in _post
    return await self._do_post(
           ^^^^^^^^^^^^^^^^^^^^
  File "C:\Users\sajjadlh8\AppData\Local\Programs\Python\Python311\Lib\site-packages\telegram\ext\_extbot.py", line 355, in _do_post
    return await super()._do_post(
           ^^^^^^^^^^^^^^^^^^^^^^^
  File "C:\Users\sajjadlh8\AppData\Local\Programs\Python\Python311\Lib\site-packages\telegram\_bot.py", line 652, in _do_post
    result = await request.post(
             ^^^^^^^^^^^^^^^^^^^
  File "C:\Users\sajjadlh8\AppData\Local\Programs\Python\Python311\Lib\site-packages\telegram\request\_baserequest.py", line 201, in post
    result = await self._request_wrapper(
             ^^^^^^^^^^^^^^^^^^^^^^^^^^^^
  File "C:\Users\sajjadlh8\AppData\Local\Programs\Python\Python311\Lib\site-packages\telegram\request\_baserequest.py", line 333, in _request_wrapper
    code, payload = await self.do_request(
                    ^^^^^^^^^^^^^^^^^^^^^^
  File "C:\Users\sajjadlh8\AppData\Local\Programs\Python\Python311\Lib\site-packages\telegram\request\_httpxrequest.py", line 309, in do_request
    raise TimedOut from err
telegram.error.TimedOut: Timed out
2026-09-09 20:13:34,856 INFO httpx :: HTTP Request: POST https://api.telegram.org/bot8922337295:AAGdhYJVOyWzGttzxBcHmEwzN-DYhTUz0_g/sendMessage "HTTP/1.1 200 OK"
2026-09-09 20:13:35,797 INFO httpx :: HTTP Request: POST https://api.telegram.org/bot8922337295:AAGdhYJVOyWzGttzxBcHmEwzN-DYhTUz0_g/getUpdates "HTTP/1.1 200 OK"
2026-09-09 20:13:46,264 INFO httpx :: HTTP Request: POST https://api.telegram.org/bot8922337295:AAGdhYJVOyWzGttzxBcHmEwzN-DYhTUz0_g/getUpdates "HTTP/1.1 200 OK"
2026-09-09 20:13:56,432 INFO httpx :: HTTP Request: POST https://api.telegram.org/bot8922337295:AAGdhYJVOyWzGttzxBcHmEwzN-DYhTUz0_g/getUpdates "HTTP/1.1 200 OK"
2026-09-09 20:14:06,896 INFO httpx :: HTTP Request: POST https://api.telegram.org/bot8922337295:AAGdhYJVOyWzGttzxBcHmEwzN-DYhTUz0_g/getUpdates "HTTP/1.1 200 OK"
2026-09-09 20:14:17,053 INFO httpx :: HTTP Request: POST https://api.telegram.org/bot8922337295:AAGdhYJVOyWzGttzxBcHmEwzN-DYhTUz0_g/getUpdates "HTTP/1.1 200 OK"
2026-09-09 20:14:27,552 INFO httpx :: HTTP Request: POST https://api.telegram.org/bot8922337295:AAGdhYJVOyWzGttzxBcHmEwzN-DYhTUz0_g/getUpdates "HTTP/1.1 200 OK"
2026-09-09 20:14:38,366 INFO httpx :: HTTP Request: POST https://api.telegram.org/bot8922337295:AAGdhYJVOyWzGttzxBcHmEwzN-DYhTUz0_g/getUpdates "HTTP/1.1 200 OK"
2026-09-09 20:14:48,522 INFO httpx :: HTTP Request: POST https://api.telegram.org/bot8922337295:AAGdhYJVOyWzGttzxBcHmEwzN-DYhTUz0_g/getUpdates "HTTP/1.1 200 OK"
2026-09-09 20:14:58,683 INFO httpx :: HTTP Request: POST https://api.telegram.org/bot8922337295:AAGdhYJVOyWzGttzxBcHmEwzN-DYhTUz0_g/getUpdates "HTTP/1.1 200 OK"
2026-09-09 20:15:08,848 INFO httpx :: HTTP Request: POST https://api.telegram.org/bot8922337295:AAGdhYJVOyWzGttzxBcHmEwzN-DYhTUz0_g/getUpdates "HTTP/1.1 200 OK"
2026-09-09 20:15:19,353 INFO httpx :: HTTP Request: POST https://api.telegram.org/bot8922337295:AAGdhYJVOyWzGttzxBcHmEwzN-DYhTUz0_g/getUpdates "HTTP/1.1 200 OK"
2026-09-09 20:15:29,529 INFO httpx :: HTTP Request: POST https://api.telegram.org/bot8922337295:AAGdhYJVOyWzGttzxBcHmEwzN-DYhTUz0_g/getUpdates "HTTP/1.1 200 OK"
2026-09-09 20:15:39,697 INFO httpx :: HTTP Request: POST https://api.telegram.org/bot8922337295:AAGdhYJVOyWzGttzxBcHmEwzN-DYhTUz0_g/getUpdates "HTTP/1.1 200 OK"
2026-09-09 20:15:49,868 INFO httpx :: HTTP Request: POST https://api.telegram.org/bot8922337295:AAGdhYJVOyWzGttzxBcHmEwzN-DYhTUz0_g/getUpdates "HTTP/1.1 200 OK"
2026-09-09 20:16:00,376 INFO httpx :: HTTP Request: POST https://api.telegram.org/bot8922337295:AAGdhYJVOyWzGttzxBcHmEwzN-DYhTUz0_g/getUpdates "HTTP/1.1 200 OK"
2026-09-09 20:16:10,550 INFO httpx :: HTTP Request: POST https://api.telegram.org/bot8922337295:AAGdhYJVOyWzGttzxBcHmEwzN-DYhTUz0_g/getUpdates "HTTP/1.1 200 OK"
2026-09-09 20:16:20,977 INFO httpx :: HTTP Request: POST https://api.telegram.org/bot8922337295:AAGdhYJVOyWzGttzxBcHmEwzN-DYhTUz0_g/getUpdates "HTTP/1.1 200 OK"
2026-09-09 20:16:31,156 INFO httpx :: HTTP Request: POST https://api.telegram.org/bot8922337295:AAGdhYJVOyWzGttzxBcHmEwzN-DYhTUz0_g/getUpdates "HTTP/1.1 200 OK"
2026-09-09 20:16:41,318 INFO httpx :: HTTP Request: POST https://api.telegram.org/bot8922337295:AAGdhYJVOyWzGttzxBcHmEwzN-DYhTUz0_g/getUpdates "HTTP/1.1 200 OK"
2026-09-09 20:16:51,787 INFO httpx :: HTTP Request: POST https://api.telegram.org/bot8922337295:AAGdhYJVOyWzGttzxBcHmEwzN-DYhTUz0_g/getUpdates "HTTP/1.1 200 OK"
2026-09-09 20:17:01,952 INFO httpx :: HTTP Request: POST https://api.telegram.org/bot8922337295:AAGdhYJVOyWzGttzxBcHmEwzN-DYhTUz0_g/getUpdates "HTTP/1.1 200 OK"
2026-09-09 20:17:12,102 INFO httpx :: HTTP Request: POST https://api.telegram.org/bot8922337295:AAGdhYJVOyWzGttzxBcHmEwzN-DYhTUz0_g/getUpdates "HTTP/1.1 200 OK"
2026-09-09 20:17:22,577 INFO httpx :: HTTP Request: POST https://api.telegram.org/bot8922337295:AAGdhYJVOyWzGttzxBcHmEwzN-DYhTUz0_g/getUpdates "HTTP/1.1 200 OK"
2026-09-09 20:17:32,752 INFO httpx :: HTTP Request: POST https://api.telegram.org/bot8922337295:AAGdhYJVOyWzGttzxBcHmEwzN-DYhTUz0_g/getUpdates "HTTP/1.1 200 OK"
2026-09-09 20:17:43,234 INFO httpx :: HTTP Request: POST https://api.telegram.org/bot8922337295:AAGdhYJVOyWzGttzxBcHmEwzN-DYhTUz0_g/getUpdates "HTTP/1.1 200 OK"
2026-09-09 20:17:53,379 INFO httpx :: HTTP Request: POST https://api.telegram.org/bot8922337295:AAGdhYJVOyWzGttzxBcHmEwzN-DYhTUz0_g/getUpdates "HTTP/1.1 200 OK"
2026-09-09 20:18:03,578 INFO httpx :: HTTP Request: POST https://api.telegram.org/bot8922337295:AAGdhYJVOyWzGttzxBcHmEwzN-DYhTUz0_g/getUpdates "HTTP/1.1 200 OK"
2026-09-09 20:18:13,746 INFO httpx :: HTTP Request: POST https://api.telegram.org/bot8922337295:AAGdhYJVOyWzGttzxBcHmEwzN-DYhTUz0_g/getUpdates "HTTP/1.1 200 OK"
2026-09-09 20:18:24,214 INFO httpx :: HTTP Request: POST https://api.telegram.org/bot8922337295:AAGdhYJVOyWzGttzxBcHmEwzN-DYhTUz0_g/getUpdates "HTTP/1.1 200 OK"
2026-09-09 20:18:34,419 INFO httpx :: HTTP Request: POST https://api.telegram.org/bot8922337295:AAGdhYJVOyWzGttzxBcHmEwzN-DYhTUz0_g/getUpdates "HTTP/1.1 200 OK"
2026-09-09 20:18:44,591 INFO httpx :: HTTP Request: POST https://api.telegram.org/bot8922337295:AAGdhYJVOyWzGttzxBcHmEwzN-DYhTUz0_g/getUpdates "HTTP/1.1 200 OK"
2026-09-09 20:18:54,759 INFO httpx :: HTTP Request: POST https://api.telegram.org/bot8922337295:AAGdhYJVOyWzGttzxBcHmEwzN-DYhTUz0_g/getUpdates "HTTP/1.1 200 OK"
2026-09-09 20:19:05,247 INFO httpx :: HTTP Request: POST https://api.telegram.org/bot8922337295:AAGdhYJVOyWzGttzxBcHmEwzN-DYhTUz0_g/getUpdates "HTTP/1.1 200 OK"
2026-09-09 20:19:15,426 INFO httpx :: HTTP Request: POST https://api.telegram.org/bot8922337295:AAGdhYJVOyWzGttzxBcHmEwzN-DYhTUz0_g/getUpdates "HTTP/1.1 200 OK"
2026-09-09 20:19:25,584 INFO httpx :: HTTP Request: POST https://api.telegram.org/bot8922337295:AAGdhYJVOyWzGttzxBcHmEwzN-DYhTUz0_g/getUpdates "HTTP/1.1 200 OK"
2026-09-09 20:19:36,156 INFO httpx :: HTTP Request: POST https://api.telegram.org/bot8922337295:AAGdhYJVOyWzGttzxBcHmEwzN-DYhTUz0_g/getUpdates "HTTP/1.1 200 OK"
2026-09-09 20:19:46,311 INFO httpx :: HTTP Request: POST https://api.telegram.org/bot8922337295:AAGdhYJVOyWzGttzxBcHmEwzN-DYhTUz0_g/getUpdates "HTTP/1.1 200 OK"
2026-09-09 20:19:56,510 INFO httpx :: HTTP Request: POST https://api.telegram.org/bot8922337295:AAGdhYJVOyWzGttzxBcHmEwzN-DYhTUz0_g/getUpdates "HTTP/1.1 200 OK"
2026-09-09 20:20:06,664 INFO httpx :: HTTP Request: POST https://api.telegram.org/bot8922337295:AAGdhYJVOyWzGttzxBcHmEwzN-DYhTUz0_g/getUpdates "HTTP/1.1 200 OK"
2026-09-09 20:20:16,833 INFO httpx :: HTTP Request: POST https://api.telegram.org/bot8922337295:AAGdhYJVOyWzGttzxBcHmEwzN-DYhTUz0_g/getUpdates "HTTP/1.1 200 OK"
2026-09-09 20:20:26,987 INFO httpx :: HTTP Request: POST https://api.telegram.org/bot8922337295:AAGdhYJVOyWzGttzxBcHmEwzN-DYhTUz0_g/getUpdates "HTTP/1.1 200 OK"
2026-09-09 20:20:37,470 INFO httpx :: HTTP Request: POST https://api.telegram.org/bot8922337295:AAGdhYJVOyWzGttzxBcHmEwzN-DYhTUz0_g/getUpdates "HTTP/1.1 200 OK"
2026-09-09 20:20:47,626 INFO httpx :: HTTP Request: POST https://api.telegram.org/bot8922337295:AAGdhYJVOyWzGttzxBcHmEwzN-DYhTUz0_g/getUpdates "HTTP/1.1 200 OK"
2026-09-09 20:20:58,081 INFO httpx :: HTTP Request: POST https://api.telegram.org/bot8922337295:AAGdhYJVOyWzGttzxBcHmEwzN-DYhTUz0_g/getUpdates "HTTP/1.1 200 OK"
2026-09-09 20:21:08,266 INFO httpx :: HTTP Request: POST https://api.telegram.org/bot8922337295:AAGdhYJVOyWzGttzxBcHmEwzN-DYhTUz0_g/getUpdates "HTTP/1.1 200 OK"
2026-09-09 20:21:18,458 INFO httpx :: HTTP Request: POST https://api.telegram.org/bot8922337295:AAGdhYJVOyWzGttzxBcHmEwzN-DYhTUz0_g/getUpdates "HTTP/1.1 200 OK"
2026-09-09 20:21:28,676 INFO httpx :: HTTP Request: POST https://api.telegram.org/bot8922337295:AAGdhYJVOyWzGttzxBcHmEwzN-DYhTUz0_g/getUpdates "HTTP/1.1 200 OK"
2026-09-09 20:21:38,905 INFO httpx :: HTTP Request: POST https://api.telegram.org/bot8922337295:AAGdhYJVOyWzGttzxBcHmEwzN-DYhTUz0_g/getUpdates "HTTP/1.1 200 OK"
2026-09-09 20:21:49,074 INFO httpx :: HTTP Request: POST https://api.telegram.org/bot8922337295:AAGdhYJVOyWzGttzxBcHmEwzN-DYhTUz0_g/getUpdates "HTTP/1.1 200 OK"
2026-09-09 20:21:59,244 INFO httpx :: HTTP Request: POST https://api.telegram.org/bot8922337295:AAGdhYJVOyWzGttzxBcHmEwzN-DYhTUz0_g/getUpdates "HTTP/1.1 200 OK"
2026-09-09 20:22:09,669 INFO httpx :: HTTP Request: POST https://api.telegram.org/bot8922337295:AAGdhYJVOyWzGttzxBcHmEwzN-DYhTUz0_g/getUpdates "HTTP/1.1 200 OK"
2026-09-09 20:22:20,168 INFO httpx :: HTTP Request: POST https://api.telegram.org/bot8922337295:AAGdhYJVOyWzGttzxBcHmEwzN-DYhTUz0_g/getUpdates "HTTP/1.1 200 OK"
2026-09-09 20:22:30,344 INFO httpx :: HTTP Request: POST https://api.telegram.org/bot8922337295:AAGdhYJVOyWzGttzxBcHmEwzN-DYhTUz0_g/getUpdates "HTTP/1.1 200 OK"
2026-09-09 20:22:40,524 INFO httpx :: HTTP Request: POST https://api.telegram.org/bot8922337295:AAGdhYJVOyWzGttzxBcHmEwzN-DYhTUz0_g/getUpdates "HTTP/1.1 200 OK"
2026-09-09 20:22:50,694 INFO httpx :: HTTP Request: POST https://api.telegram.org/bot8922337295:AAGdhYJVOyWzGttzxBcHmEwzN-DYhTUz0_g/getUpdates "HTTP/1.1 200 OK"
2026-09-09 20:23:00,869 INFO httpx :: HTTP Request: POST https://api.telegram.org/bot8922337295:AAGdhYJVOyWzGttzxBcHmEwzN-DYhTUz0_g/getUpdates "HTTP/1.1 200 OK"
2026-09-09 20:23:11,353 INFO httpx :: HTTP Request: POST https://api.telegram.org/bot8922337295:AAGdhYJVOyWzGttzxBcHmEwzN-DYhTUz0_g/getUpdates "HTTP/1.1 200 OK"
2026-09-09 20:23:21,512 INFO httpx :: HTTP Request: POST https://api.telegram.org/bot8922337295:AAGdhYJVOyWzGttzxBcHmEwzN-DYhTUz0_g/getUpdates "HTTP/1.1 200 OK"
2026-09-09 20:23:31,988 INFO httpx :: HTTP Request: POST https://api.telegram.org/bot8922337295:AAGdhYJVOyWzGttzxBcHmEwzN-DYhTUz0_g/getUpdates "HTTP/1.1 200 OK"
2026-09-09 20:23:42,152 INFO httpx :: HTTP Request: POST https://api.telegram.org/bot8922337295:AAGdhYJVOyWzGttzxBcHmEwzN-DYhTUz0_g/getUpdates "HTTP/1.1 200 OK"
2026-09-09 20:23:52,343 INFO httpx :: HTTP Request: POST https://api.telegram.org/bot8922337295:AAGdhYJVOyWzGttzxBcHmEwzN-DYhTUz0_g/getUpdates "HTTP/1.1 200 OK"
2026-09-09 20:24:02,539 INFO httpx :: HTTP Request: POST https://api.telegram.org/bot8922337295:AAGdhYJVOyWzGttzxBcHmEwzN-DYhTUz0_g/getUpdates "HTTP/1.1 200 OK"
2026-09-09 20:24:12,708 INFO httpx :: HTTP Request: POST https://api.telegram.org/bot8922337295:AAGdhYJVOyWzGttzxBcHmEwzN-DYhTUz0_g/getUpdates "HTTP/1.1 200 OK"
2026-09-09 20:24:23,179 INFO httpx :: HTTP Request: POST https://api.telegram.org/bot8922337295:AAGdhYJVOyWzGttzxBcHmEwzN-DYhTUz0_g/getUpdates "HTTP/1.1 200 OK"
2026-09-09 20:24:30,062 ERROR finmentor.bot :: bot handler failed: httpx.ReadError: 
Traceback (most recent call last):
  File "C:\Users\sajjadlh8\AppData\Local\Programs\Python\Python311\Lib\site-packages\httpx\_transports\default.py", line 101, in map_httpcore_exceptions
    yield
  File "C:\Users\sajjadlh8\AppData\Local\Programs\Python\Python311\Lib\site-packages\httpx\_transports\default.py", line 394, in handle_async_request
    resp = await self._pool.handle_async_request(req)
           ^^^^^^^^^^^^^^^^^^^^^^^^^^^^^^^^^^^^^^^^^^
  File "C:\Users\sajjadlh8\AppData\Local\Programs\Python\Python311\Lib\site-packages\httpcore\_async\connection_pool.py", line 256, in handle_async_request
    raise exc from None
  File "C:\Users\sajjadlh8\AppData\Local\Programs\Python\Python311\Lib\site-packages\httpcore\_async\connection_pool.py", line 236, in handle_async_request
    response = await connection.handle_async_request(
               ^^^^^^^^^^^^^^^^^^^^^^^^^^^^^^^^^^^^^^
  File "C:\Users\sajjadlh8\AppData\Local\Programs\Python\Python311\Lib\site-packages\httpcore\_async\connection.py", line 103, in handle_async_request
    return await self._connection.handle_async_request(request)
           ^^^^^^^^^^^^^^^^^^^^^^^^^^^^^^^^^^^^^^^^^^^^^^^^^^^^
  File "C:\Users\sajjadlh8\AppData\Local\Programs\Python\Python311\Lib\site-packages\httpcore\_async\http11.py", line 136, in handle_async_request
    raise exc
  File "C:\Users\sajjadlh8\AppData\Local\Programs\Python\Python311\Lib\site-packages\httpcore\_async\http11.py", line 106, in handle_async_request
    ) = await self._receive_response_headers(**kwargs)
        ^^^^^^^^^^^^^^^^^^^^^^^^^^^^^^^^^^^^^^^^^^^^^^
  File "C:\Users\sajjadlh8\AppData\Local\Programs\Python\Python311\Lib\site-packages\httpcore\_async\http11.py", line 177, in _receive_response_headers
    event = await self._receive_event(timeout=timeout)
            ^^^^^^^^^^^^^^^^^^^^^^^^^^^^^^^^^^^^^^^^^^
  File "C:\Users\sajjadlh8\AppData\Local\Programs\Python\Python311\Lib\site-packages\httpcore\_async\http11.py", line 217, in _receive_event
    data = await self._network_stream.read(
           ^^^^^^^^^^^^^^^^^^^^^^^^^^^^^^^^
  File "C:\Users\sajjadlh8\AppData\Local\Programs\Python\Python311\Lib\site-packages\httpcore\_backends\anyio.py", line 32, in read
    with map_exceptions(exc_map):
  File "C:\Users\sajjadlh8\AppData\Local\Programs\Python\Python311\Lib\contextlib.py", line 155, in __exit__
    self.gen.throw(typ, value, traceback)
  File "C:\Users\sajjadlh8\AppData\Local\Programs\Python\Python311\Lib\site-packages\httpcore\_exceptions.py", line 14, in map_exceptions
    raise to_exc(exc) from exc
httpcore.ReadError

The above exception was the direct cause of the following exception:

Traceback (most recent call last):
  File "C:\Users\sajjadlh8\AppData\Local\Programs\Python\Python311\Lib\site-packages\telegram\request\_httpxrequest.py", line 292, in do_request
    res = await self._client.request(
          ^^^^^^^^^^^^^^^^^^^^^^^^^^^
  File "C:\Users\sajjadlh8\AppData\Local\Programs\Python\Python311\Lib\site-packages\httpx\_client.py", line 1540, in request
    return await self.send(request, auth=auth, follow_redirects=follow_redirects)
           ^^^^^^^^^^^^^^^^^^^^^^^^^^^^^^^^^^^^^^^^^^^^^^^^^^^^^^^^^^^^^^^^^^^^^^
  File "C:\Users\sajjadlh8\AppData\Local\Programs\Python\Python311\Lib\site-packages\httpx\_client.py", line 1629, in send
    response = await self._send_handling_auth(
               ^^^^^^^^^^^^^^^^^^^^^^^^^^^^^^^
  File "C:\Users\sajjadlh8\AppData\Local\Programs\Python\Python311\Lib\site-packages\httpx\_client.py", line 1657, in _send_handling_auth
    response = await self._send_handling_redirects(
               ^^^^^^^^^^^^^^^^^^^^^^^^^^^^^^^^^^^^
  File "C:\Users\sajjadlh8\AppData\Local\Programs\Python\Python311\Lib\site-packages\httpx\_client.py", line 1694, in _send_handling_redirects
    response = await self._send_single_request(request)
               ^^^^^^^^^^^^^^^^^^^^^^^^^^^^^^^^^^^^^^^^
  File "C:\Users\sajjadlh8\AppData\Local\Programs\Python\Python311\Lib\site-packages\httpx\_client.py", line 1730, in _send_single_request
    response = await transport.handle_async_request(request)
               ^^^^^^^^^^^^^^^^^^^^^^^^^^^^^^^^^^^^^^^^^^^^^
  File "C:\Users\sajjadlh8\AppData\Local\Programs\Python\Python311\Lib\site-packages\httpx\_transports\default.py", line 393, in handle_async_request
    with map_httpcore_exceptions():
  File "C:\Users\sajjadlh8\AppData\Local\Programs\Python\Python311\Lib\contextlib.py", line 155, in __exit__
    self.gen.throw(typ, value, traceback)
  File "C:\Users\sajjadlh8\AppData\Local\Programs\Python\Python311\Lib\site-packages\httpx\_transports\default.py", line 118, in map_httpcore_exceptions
    raise mapped_exc(message) from exc
httpx.ReadError

The above exception was the direct cause of the following exception:

Traceback (most recent call last):
  File "C:\Users\sajjadlh8\AppData\Local\Programs\Python\Python311\Lib\site-packages\telegram\ext\_updater.py", line 753, in _network_loop_retry
    if not await do_action():
           ^^^^^^^^^^^^^^^^^
  File "C:\Users\sajjadlh8\AppData\Local\Programs\Python\Python311\Lib\site-packages\telegram\ext\_updater.py", line 747, in do_action
    return action_cb_task.result()
           ^^^^^^^^^^^^^^^^^^^^^^^
  File "C:\Users\sajjadlh8\AppData\Local\Programs\Python\Python311\Lib\site-packages\telegram\ext\_updater.py", line 377, in polling_action_cb
    updates = await self.bot.get_updates(
              ^^^^^^^^^^^^^^^^^^^^^^^^^^^
  File "C:\Users\sajjadlh8\AppData\Local\Programs\Python\Python311\Lib\site-packages\telegram\ext\_extbot.py", line 649, in get_updates
    updates = await super().get_updates(
              ^^^^^^^^^^^^^^^^^^^^^^^^^^
  File "C:\Users\sajjadlh8\AppData\Local\Programs\Python\Python311\Lib\site-packages\telegram\_bot.py", line 4366, in get_updates
    await self._post(
  File "C:\Users\sajjadlh8\AppData\Local\Programs\Python\Python311\Lib\site-packages\telegram\_bot.py", line 623, in _post
    return await self._do_post(
           ^^^^^^^^^^^^^^^^^^^^
  File "C:\Users\sajjadlh8\AppData\Local\Programs\Python\Python311\Lib\site-packages\telegram\ext\_extbot.py", line 355, in _do_post
    return await super()._do_post(
           ^^^^^^^^^^^^^^^^^^^^^^^
  File "C:\Users\sajjadlh8\AppData\Local\Programs\Python\Python311\Lib\site-packages\telegram\_bot.py", line 652, in _do_post
    result = await request.post(
             ^^^^^^^^^^^^^^^^^^^
  File "C:\Users\sajjadlh8\AppData\Local\Programs\Python\Python311\Lib\site-packages\telegram\request\_baserequest.py", line 201, in post
    result = await self._request_wrapper(
             ^^^^^^^^^^^^^^^^^^^^^^^^^^^^
  File "C:\Users\sajjadlh8\AppData\Local\Programs\Python\Python311\Lib\site-packages\telegram\request\_baserequest.py", line 333, in _request_wrapper
    code, payload = await self.do_request(
                    ^^^^^^^^^^^^^^^^^^^^^^
  File "C:\Users\sajjadlh8\AppData\Local\Programs\Python\Python311\Lib\site-packages\telegram\request\_httpxrequest.py", line 316, in do_request
    raise NetworkError(f"httpx.{err.__class__.__name__}: {err}") from err
telegram.error.NetworkError: httpx.ReadError: 
2026-09-09 20:24:58,390 ERROR finmentor.bot :: bot handler failed: httpx.ConnectError: All connection attempts failed
Traceback (most recent call last):
  File "C:\Users\sajjadlh8\AppData\Local\Programs\Python\Python311\Lib\site-packages\httpx\_transports\default.py", line 101, in map_httpcore_exceptions
    yield
  File "C:\Users\sajjadlh8\AppData\Local\Programs\Python\Python311\Lib\site-packages\httpx\_transports\default.py", line 394, in handle_async_request
    resp = await self._pool.handle_async_request(req)
           ^^^^^^^^^^^^^^^^^^^^^^^^^^^^^^^^^^^^^^^^^^
  File "C:\Users\sajjadlh8\AppData\Local\Programs\Python\Python311\Lib\site-packages\httpcore\_async\connection_pool.py", line 256, in handle_async_request
    raise exc from None
  File "C:\Users\sajjadlh8\AppData\Local\Programs\Python\Python311\Lib\site-packages\httpcore\_async\connection_pool.py", line 236, in handle_async_request
    response = await connection.handle_async_request(
               ^^^^^^^^^^^^^^^^^^^^^^^^^^^^^^^^^^^^^^
  File "C:\Users\sajjadlh8\AppData\Local\Programs\Python\Python311\Lib\site-packages\httpcore\_async\connection.py", line 101, in handle_async_request
    raise exc
  File "C:\Users\sajjadlh8\AppData\Local\Programs\Python\Python311\Lib\site-packages\httpcore\_async\connection.py", line 78, in handle_async_request
    stream = await self._connect(request)
             ^^^^^^^^^^^^^^^^^^^^^^^^^^^^
  File "C:\Users\sajjadlh8\AppData\Local\Programs\Python\Python311\Lib\site-packages\httpcore\_async\connection.py", line 124, in _connect
    stream = await self._network_backend.connect_tcp(**kwargs)
             ^^^^^^^^^^^^^^^^^^^^^^^^^^^^^^^^^^^^^^^^^^^^^^^^^
  File "C:\Users\sajjadlh8\AppData\Local\Programs\Python\Python311\Lib\site-packages\httpcore\_backends\auto.py", line 31, in connect_tcp
    return await self._backend.connect_tcp(
           ^^^^^^^^^^^^^^^^^^^^^^^^^^^^^^^^
  File "C:\Users\sajjadlh8\AppData\Local\Programs\Python\Python311\Lib\site-packages\httpcore\_backends\anyio.py", line 113, in connect_tcp
    with map_exceptions(exc_map):
  File "C:\Users\sajjadlh8\AppData\Local\Programs\Python\Python311\Lib\contextlib.py", line 155, in __exit__
    self.gen.throw(typ, value, traceback)
  File "C:\Users\sajjadlh8\AppData\Local\Programs\Python\Python311\Lib\site-packages\httpcore\_exceptions.py", line 14, in map_exceptions
    raise to_exc(exc) from exc
httpcore.ConnectError: All connection attempts failed

The above exception was the direct cause of the following exception:

Traceback (most recent call last):
  File "C:\Users\sajjadlh8\AppData\Local\Programs\Python\Python311\Lib\site-packages\telegram\request\_httpxrequest.py", line 292, in do_request
    res = await self._client.request(
          ^^^^^^^^^^^^^^^^^^^^^^^^^^^
  File "C:\Users\sajjadlh8\AppData\Local\Programs\Python\Python311\Lib\site-packages\httpx\_client.py", line 1540, in request
    return await self.send(request, auth=auth, follow_redirects=follow_redirects)
           ^^^^^^^^^^^^^^^^^^^^^^^^^^^^^^^^^^^^^^^^^^^^^^^^^^^^^^^^^^^^^^^^^^^^^^
  File "C:\Users\sajjadlh8\AppData\Local\Programs\Python\Python311\Lib\site-packages\httpx\_client.py", line 1629, in send
    response = await self._send_handling_auth(
               ^^^^^^^^^^^^^^^^^^^^^^^^^^^^^^^
  File "C:\Users\sajjadlh8\AppData\Local\Programs\Python\Python311\Lib\site-packages\httpx\_client.py", line 1657, in _send_handling_auth
    response = await self._send_handling_redirects(
               ^^^^^^^^^^^^^^^^^^^^^^^^^^^^^^^^^^^^
  File "C:\Users\sajjadlh8\AppData\Local\Programs\Python\Python311\Lib\site-packages\httpx\_client.py", line 1694, in _send_handling_redirects
    response = await self._send_single_request(request)
               ^^^^^^^^^^^^^^^^^^^^^^^^^^^^^^^^^^^^^^^^
  File "C:\Users\sajjadlh8\AppData\Local\Programs\Python\Python311\Lib\site-packages\httpx\_client.py", line 1730, in _send_single_request
    response = await transport.handle_async_request(request)
               ^^^^^^^^^^^^^^^^^^^^^^^^^^^^^^^^^^^^^^^^^^^^^
  File "C:\Users\sajjadlh8\AppData\Local\Programs\Python\Python311\Lib\site-packages\httpx\_transports\default.py", line 393, in handle_async_request
    with map_httpcore_exceptions():
  File "C:\Users\sajjadlh8\AppData\Local\Programs\Python\Python311\Lib\contextlib.py", line 155, in __exit__
    self.gen.throw(typ, value, traceback)
  File "C:\Users\sajjadlh8\AppData\Local\Programs\Python\Python311\Lib\site-packages\httpx\_transports\default.py", line 118, in map_httpcore_exceptions
    raise mapped_exc(message) from exc
httpx.ConnectError: All connection attempts failed

The above exception was the direct cause of the following exception:

Traceback (most recent call last):
  File "C:\Users\sajjadlh8\AppData\Local\Programs\Python\Python311\Lib\site-packages\telegram\ext\_updater.py", line 753, in _network_loop_retry
    if not await do_action():
           ^^^^^^^^^^^^^^^^^
  File "C:\Users\sajjadlh8\AppData\Local\Programs\Python\Python311\Lib\site-packages\telegram\ext\_updater.py", line 747, in do_action
    return action_cb_task.result()
           ^^^^^^^^^^^^^^^^^^^^^^^
  File "C:\Users\sajjadlh8\AppData\Local\Programs\Python\Python311\Lib\site-packages\telegram\ext\_updater.py", line 377, in polling_action_cb
    updates = await self.bot.get_updates(
              ^^^^^^^^^^^^^^^^^^^^^^^^^^^
  File "C:\Users\sajjadlh8\AppData\Local\Programs\Python\Python311\Lib\site-packages\telegram\ext\_extbot.py", line 649, in get_updates
    updates = await super().get_updates(
              ^^^^^^^^^^^^^^^^^^^^^^^^^^
  File "C:\Users\sajjadlh8\AppData\Local\Programs\Python\Python311\Lib\site-packages\telegram\_bot.py", line 4366, in get_updates
    await self._post(
  File "C:\Users\sajjadlh8\AppData\Local\Programs\Python\Python311\Lib\site-packages\telegram\_bot.py", line 623, in _post
    return await self._do_post(
           ^^^^^^^^^^^^^^^^^^^^
  File "C:\Users\sajjadlh8\AppData\Local\Programs\Python\Python311\Lib\site-packages\telegram\ext\_extbot.py", line 355, in _do_post
    return await super()._do_post(
           ^^^^^^^^^^^^^^^^^^^^^^^
  File "C:\Users\sajjadlh8\AppData\Local\Programs\Python\Python311\Lib\site-packages\telegram\_bot.py", line 652, in _do_post
    result = await request.post(
             ^^^^^^^^^^^^^^^^^^^
  File "C:\Users\sajjadlh8\AppData\Local\Programs\Python\Python311\Lib\site-packages\telegram\request\_baserequest.py", line 201, in post
    result = await self._request_wrapper(
             ^^^^^^^^^^^^^^^^^^^^^^^^^^^^
  File "C:\Users\sajjadlh8\AppData\Local\Programs\Python\Python311\Lib\site-packages\telegram\request\_baserequest.py", line 333, in _request_wrapper
    code, payload = await self.do_request(
                    ^^^^^^^^^^^^^^^^^^^^^^
  File "C:\Users\sajjadlh8\AppData\Local\Programs\Python\Python311\Lib\site-packages\telegram\request\_httpxrequest.py", line 316, in do_request
    raise NetworkError(f"httpx.{err.__class__.__name__}: {err}") from err
telegram.error.NetworkError: httpx.ConnectError: All connection attempts failed
2026-09-09 20:25:11,424 ERROR finmentor.bot :: bot handler failed: httpx.ConnectError: [Errno 11001] getaddrinfo failed
Traceback (most recent call last):
  File "C:\Users\sajjadlh8\AppData\Local\Programs\Python\Python311\Lib\site-packages\httpx\_transports\default.py", line 101, in map_httpcore_exceptions
    yield
  File "C:\Users\sajjadlh8\AppData\Local\Programs\Python\Python311\Lib\site-packages\httpx\_transports\default.py", line 394, in handle_async_request
    resp = await self._pool.handle_async_request(req)
           ^^^^^^^^^^^^^^^^^^^^^^^^^^^^^^^^^^^^^^^^^^
  File "C:\Users\sajjadlh8\AppData\Local\Programs\Python\Python311\Lib\site-packages\httpcore\_async\connection_pool.py", line 256, in handle_async_request
    raise exc from None
  File "C:\Users\sajjadlh8\AppData\Local\Programs\Python\Python311\Lib\site-packages\httpcore\_async\connection_pool.py", line 236, in handle_async_request
    response = await connection.handle_async_request(
               ^^^^^^^^^^^^^^^^^^^^^^^^^^^^^^^^^^^^^^
  File "C:\Users\sajjadlh8\AppData\Local\Programs\Python\Python311\Lib\site-packages\httpcore\_async\connection.py", line 101, in handle_async_request
    raise exc
  File "C:\Users\sajjadlh8\AppData\Local\Programs\Python\Python311\Lib\site-packages\httpcore\_async\connection.py", line 78, in handle_async_request
    stream = await self._connect(request)
             ^^^^^^^^^^^^^^^^^^^^^^^^^^^^
  File "C:\Users\sajjadlh8\AppData\Local\Programs\Python\Python311\Lib\site-packages\httpcore\_async\connection.py", line 124, in _connect
    stream = await self._network_backend.connect_tcp(**kwargs)
             ^^^^^^^^^^^^^^^^^^^^^^^^^^^^^^^^^^^^^^^^^^^^^^^^^
  File "C:\Users\sajjadlh8\AppData\Local\Programs\Python\Python311\Lib\site-packages\httpcore\_backends\auto.py", line 31, in connect_tcp
    return await self._backend.connect_tcp(
           ^^^^^^^^^^^^^^^^^^^^^^^^^^^^^^^^
  File "C:\Users\sajjadlh8\AppData\Local\Programs\Python\Python311\Lib\site-packages\httpcore\_backends\anyio.py", line 113, in connect_tcp
    with map_exceptions(exc_map):
  File "C:\Users\sajjadlh8\AppData\Local\Programs\Python\Python311\Lib\contextlib.py", line 155, in __exit__
    self.gen.throw(typ, value, traceback)
  File "C:\Users\sajjadlh8\AppData\Local\Programs\Python\Python311\Lib\site-packages\httpcore\_exceptions.py", line 14, in map_exceptions
    raise to_exc(exc) from exc
httpcore.ConnectError: [Errno 11001] getaddrinfo failed

The above exception was the direct cause of the following exception:

Traceback (most recent call last):
  File "C:\Users\sajjadlh8\AppData\Local\Programs\Python\Python311\Lib\site-packages\telegram\request\_httpxrequest.py", line 292, in do_request
    res = await self._client.request(
          ^^^^^^^^^^^^^^^^^^^^^^^^^^^
  File "C:\Users\sajjadlh8\AppData\Local\Programs\Python\Python311\Lib\site-packages\httpx\_client.py", line 1540, in request
    return await self.send(request, auth=auth, follow_redirects=follow_redirects)
           ^^^^^^^^^^^^^^^^^^^^^^^^^^^^^^^^^^^^^^^^^^^^^^^^^^^^^^^^^^^^^^^^^^^^^^
  File "C:\Users\sajjadlh8\AppData\Local\Programs\Python\Python311\Lib\site-packages\httpx\_client.py", line 1629, in send
    response = await self._send_handling_auth(
               ^^^^^^^^^^^^^^^^^^^^^^^^^^^^^^^
  File "C:\Users\sajjadlh8\AppData\Local\Programs\Python\Python311\Lib\site-packages\httpx\_client.py", line 1657, in _send_handling_auth
    response = await self._send_handling_redirects(
               ^^^^^^^^^^^^^^^^^^^^^^^^^^^^^^^^^^^^
  File "C:\Users\sajjadlh8\AppData\Local\Programs\Python\Python311\Lib\site-packages\httpx\_client.py", line 1694, in _send_handling_redirects
    response = await self._send_single_request(request)
               ^^^^^^^^^^^^^^^^^^^^^^^^^^^^^^^^^^^^^^^^
  File "C:\Users\sajjadlh8\AppData\Local\Programs\Python\Python311\Lib\site-packages\httpx\_client.py", line 1730, in _send_single_request
    response = await transport.handle_async_request(request)
               ^^^^^^^^^^^^^^^^^^^^^^^^^^^^^^^^^^^^^^^^^^^^^
  File "C:\Users\sajjadlh8\AppData\Local\Programs\Python\Python311\Lib\site-packages\httpx\_transports\default.py", line 393, in handle_async_request
    with map_httpcore_exceptions():
  File "C:\Users\sajjadlh8\AppData\Local\Programs\Python\Python311\Lib\contextlib.py", line 155, in __exit__
    self.gen.throw(typ, value, traceback)
  File "C:\Users\sajjadlh8\AppData\Local\Programs\Python\Python311\Lib\site-packages\httpx\_transports\default.py", line 118, in map_httpcore_exceptions
    raise mapped_exc(message) from exc
httpx.ConnectError: [Errno 11001] getaddrinfo failed

The above exception was the direct cause of the following exception:

Traceback (most recent call last):
  File "C:\Users\sajjadlh8\AppData\Local\Programs\Python\Python311\Lib\site-packages\telegram\ext\_updater.py", line 753, in _network_loop_retry
    if not await do_action():
           ^^^^^^^^^^^^^^^^^
  File "C:\Users\sajjadlh8\AppData\Local\Programs\Python\Python311\Lib\site-packages\telegram\ext\_updater.py", line 747, in do_action
    return action_cb_task.result()
           ^^^^^^^^^^^^^^^^^^^^^^^
  File "C:\Users\sajjadlh8\AppData\Local\Programs\Python\Python311\Lib\site-packages\telegram\ext\_updater.py", line 377, in polling_action_cb
    updates = await self.bot.get_updates(
              ^^^^^^^^^^^^^^^^^^^^^^^^^^^
  File "C:\Users\sajjadlh8\AppData\Local\Programs\Python\Python311\Lib\site-packages\telegram\ext\_extbot.py", line 649, in get_updates
    updates = await super().get_updates(
              ^^^^^^^^^^^^^^^^^^^^^^^^^^
  File "C:\Users\sajjadlh8\AppData\Local\Programs\Python\Python311\Lib\site-packages\telegram\_bot.py", line 4366, in get_updates
    await self._post(
  File "C:\Users\sajjadlh8\AppData\Local\Programs\Python\Python311\Lib\site-packages\telegram\_bot.py", line 623, in _post
    return await self._do_post(
           ^^^^^^^^^^^^^^^^^^^^
  File "C:\Users\sajjadlh8\AppData\Local\Programs\Python\Python311\Lib\site-packages\telegram\ext\_extbot.py", line 355, in _do_post
    return await super()._do_post(
           ^^^^^^^^^^^^^^^^^^^^^^^
  File "C:\Users\sajjadlh8\AppData\Local\Programs\Python\Python311\Lib\site-packages\telegram\_bot.py", line 652, in _do_post
    result = await request.post(
             ^^^^^^^^^^^^^^^^^^^
  File "C:\Users\sajjadlh8\AppData\Local\Programs\Python\Python311\Lib\site-packages\telegram\request\_baserequest.py", line 201, in post
    result = await self._request_wrapper(
             ^^^^^^^^^^^^^^^^^^^^^^^^^^^^
  File "C:\Users\sajjadlh8\AppData\Local\Programs\Python\Python311\Lib\site-packages\telegram\request\_baserequest.py", line 333, in _request_wrapper
    code, payload = await self.do_request(
                    ^^^^^^^^^^^^^^^^^^^^^^
  File "C:\Users\sajjadlh8\AppData\Local\Programs\Python\Python311\Lib\site-packages\telegram\request\_httpxrequest.py", line 316, in do_request
    raise NetworkError(f"httpx.{err.__class__.__name__}: {err}") from err
telegram.error.NetworkError: httpx.ConnectError: [Errno 11001] getaddrinfo failed
2026-09-09 20:25:27,424 INFO httpx :: HTTP Request: POST https://api.telegram.org/bot8922337295:AAGdhYJVOyWzGttzxBcHmEwzN-DYhTUz0_g/getUpdates "HTTP/1.1 200 OK"
2026-09-09 20:25:37,599 INFO httpx :: HTTP Request: POST https://api.telegram.org/bot8922337295:AAGdhYJVOyWzGttzxBcHmEwzN-DYhTUz0_g/getUpdates "HTTP/1.1 200 OK"
2026-09-09 20:25:48,142 INFO httpx :: HTTP Request: POST https://api.telegram.org/bot8922337295:AAGdhYJVOyWzGttzxBcHmEwzN-DYhTUz0_g/getUpdates "HTTP/1.1 200 OK"
2026-09-09 20:25:58,322 INFO httpx :: HTTP Request: POST https://api.telegram.org/bot8922337295:AAGdhYJVOyWzGttzxBcHmEwzN-DYhTUz0_g/getUpdates "HTTP/1.1 200 OK"
2026-09-09 20:26:08,522 INFO httpx :: HTTP Request: POST https://api.telegram.org/bot8922337295:AAGdhYJVOyWzGttzxBcHmEwzN-DYhTUz0_g/getUpdates "HTTP/1.1 200 OK"
2026-09-09 20:26:18,711 INFO httpx :: HTTP Request: POST https://api.telegram.org/bot8922337295:AAGdhYJVOyWzGttzxBcHmEwzN-DYhTUz0_g/getUpdates "HTTP/1.1 200 OK"
2026-09-09 20:26:28,897 INFO httpx :: HTTP Request: POST https://api.telegram.org/bot8922337295:AAGdhYJVOyWzGttzxBcHmEwzN-DYhTUz0_g/getUpdates "HTTP/1.1 200 OK"
2026-09-09 20:26:39,085 INFO httpx :: HTTP Request: POST https://api.telegram.org/bot8922337295:AAGdhYJVOyWzGttzxBcHmEwzN-DYhTUz0_g/getUpdates "HTTP/1.1 200 OK"
2026-09-09 20:26:49,251 INFO httpx :: HTTP Request: POST https://api.telegram.org/bot8922337295:AAGdhYJVOyWzGttzxBcHmEwzN-DYhTUz0_g/getUpdates "HTTP/1.1 200 OK"
2026-09-09 20:26:59,739 INFO httpx :: HTTP Request: POST https://api.telegram.org/bot8922337295:AAGdhYJVOyWzGttzxBcHmEwzN-DYhTUz0_g/getUpdates "HTTP/1.1 200 OK"
2026-09-09 20:27:09,917 INFO httpx :: HTTP Request: POST https://api.telegram.org/bot8922337295:AAGdhYJVOyWzGttzxBcHmEwzN-DYhTUz0_g/getUpdates "HTTP/1.1 200 OK"
2026-09-09 20:27:20,085 INFO httpx :: HTTP Request: POST https://api.telegram.org/bot8922337295:AAGdhYJVOyWzGttzxBcHmEwzN-DYhTUz0_g/getUpdates "HTTP/1.1 200 OK"
2026-09-09 20:27:30,263 INFO httpx :: HTTP Request: POST https://api.telegram.org/bot8922337295:AAGdhYJVOyWzGttzxBcHmEwzN-DYhTUz0_g/getUpdates "HTTP/1.1 200 OK"
2026-09-09 20:27:40,762 INFO httpx :: HTTP Request: POST https://api.telegram.org/bot8922337295:AAGdhYJVOyWzGttzxBcHmEwzN-DYhTUz0_g/getUpdates "HTTP/1.1 200 OK"
2026-09-09 20:27:50,919 INFO httpx :: HTTP Request: POST https://api.telegram.org/bot8922337295:AAGdhYJVOyWzGttzxBcHmEwzN-DYhTUz0_g/getUpdates "HTTP/1.1 200 OK"
2026-09-09 20:28:01,133 INFO httpx :: HTTP Request: POST https://api.telegram.org/bot8922337295:AAGdhYJVOyWzGttzxBcHmEwzN-DYhTUz0_g/getUpdates "HTTP/1.1 200 OK"
2026-09-09 20:28:11,304 INFO httpx :: HTTP Request: POST https://api.telegram.org/bot8922337295:AAGdhYJVOyWzGttzxBcHmEwzN-DYhTUz0_g/getUpdates "HTTP/1.1 200 OK"
2026-09-09 20:28:21,499 INFO httpx :: HTTP Request: POST https://api.telegram.org/bot8922337295:AAGdhYJVOyWzGttzxBcHmEwzN-DYhTUz0_g/getUpdates "HTTP/1.1 200 OK"
2026-09-09 20:28:31,688 INFO httpx :: HTTP Request: POST https://api.telegram.org/bot8922337295:AAGdhYJVOyWzGttzxBcHmEwzN-DYhTUz0_g/getUpdates "HTTP/1.1 200 OK"
2026-09-09 20:28:42,174 INFO httpx :: HTTP Request: POST https://api.telegram.org/bot8922337295:AAGdhYJVOyWzGttzxBcHmEwzN-DYhTUz0_g/getUpdates "HTTP/1.1 200 OK"
2026-09-09 20:28:52,377 INFO httpx :: HTTP Request: POST https://api.telegram.org/bot8922337295:AAGdhYJVOyWzGttzxBcHmEwzN-DYhTUz0_g/getUpdates "HTTP/1.1 200 OK"
2026-09-09 20:29:02,578 INFO httpx :: HTTP Request: POST https://api.telegram.org/bot8922337295:AAGdhYJVOyWzGttzxBcHmEwzN-DYhTUz0_g/getUpdates "HTTP/1.1 200 OK"
2026-09-09 20:29:13,020 INFO httpx :: HTTP Request: POST https://api.telegram.org/bot8922337295:AAGdhYJVOyWzGttzxBcHmEwzN-DYhTUz0_g/getUpdates "HTTP/1.1 200 OK"
2026-09-09 20:29:23,215 INFO httpx :: HTTP Request: POST https://api.telegram.org/bot8922337295:AAGdhYJVOyWzGttzxBcHmEwzN-DYhTUz0_g/getUpdates "HTTP/1.1 200 OK"
2026-09-09 20:29:33,387 INFO httpx :: HTTP Request: POST https://api.telegram.org/bot8922337295:AAGdhYJVOyWzGttzxBcHmEwzN-DYhTUz0_g/getUpdates "HTTP/1.1 200 OK"
2026-09-09 20:29:43,576 INFO httpx :: HTTP Request: POST https://api.telegram.org/bot8922337295:AAGdhYJVOyWzGttzxBcHmEwzN-DYhTUz0_g/getUpdates "HTTP/1.1 200 OK"
2026-09-09 20:29:53,745 INFO httpx :: HTTP Request: POST https://api.telegram.org/bot8922337295:AAGdhYJVOyWzGttzxBcHmEwzN-DYhTUz0_g/getUpdates "HTTP/1.1 200 OK"
2026-09-09 20:30:04,005 INFO httpx :: HTTP Request: POST https://api.telegram.org/bot8922337295:AAGdhYJVOyWzGttzxBcHmEwzN-DYhTUz0_g/getUpdates "HTTP/1.1 200 OK"
2026-09-09 20:30:14,250 INFO httpx :: HTTP Request: POST https://api.telegram.org/bot8922337295:AAGdhYJVOyWzGttzxBcHmEwzN-DYhTUz0_g/getUpdates "HTTP/1.1 200 OK"
2026-09-09 20:30:24,412 INFO httpx :: HTTP Request: POST https://api.telegram.org/bot8922337295:AAGdhYJVOyWzGttzxBcHmEwzN-DYhTUz0_g/getUpdates "HTTP/1.1 200 OK"
2026-09-09 20:30:34,600 INFO httpx :: HTTP Request: POST https://api.telegram.org/bot8922337295:AAGdhYJVOyWzGttzxBcHmEwzN-DYhTUz0_g/getUpdates "HTTP/1.1 200 OK"
2026-09-09 20:30:44,775 INFO httpx :: HTTP Request: POST https://api.telegram.org/bot8922337295:AAGdhYJVOyWzGttzxBcHmEwzN-DYhTUz0_g/getUpdates "HTTP/1.1 200 OK"
2026-09-09 20:30:55,047 INFO httpx :: HTTP Request: POST https://api.telegram.org/bot8922337295:AAGdhYJVOyWzGttzxBcHmEwzN-DYhTUz0_g/getUpdates "HTTP/1.1 200 OK"
2026-09-09 20:31:05,349 INFO httpx :: HTTP Request: POST https://api.telegram.org/bot8922337295:AAGdhYJVOyWzGttzxBcHmEwzN-DYhTUz0_g/getUpdates "HTTP/1.1 200 OK"
2026-09-09 20:31:16,019 INFO httpx :: HTTP Request: POST https://api.telegram.org/bot8922337295:AAGdhYJVOyWzGttzxBcHmEwzN-DYhTUz0_g/getUpdates "HTTP/1.1 200 OK"
2026-09-09 20:31:26,229 INFO httpx :: HTTP Request: POST https://api.telegram.org/bot8922337295:AAGdhYJVOyWzGttzxBcHmEwzN-DYhTUz0_g/getUpdates "HTTP/1.1 200 OK"
2026-09-09 20:31:36,406 INFO httpx :: HTTP Request: POST https://api.telegram.org/bot8922337295:AAGdhYJVOyWzGttzxBcHmEwzN-DYhTUz0_g/getUpdates "HTTP/1.1 200 OK"
2026-09-09 20:31:46,621 INFO httpx :: HTTP Request: POST https://api.telegram.org/bot8922337295:AAGdhYJVOyWzGttzxBcHmEwzN-DYhTUz0_g/getUpdates "HTTP/1.1 200 OK"
2026-09-09 20:31:56,804 INFO httpx :: HTTP Request: POST https://api.telegram.org/bot8922337295:AAGdhYJVOyWzGttzxBcHmEwzN-DYhTUz0_g/getUpdates "HTTP/1.1 200 OK"
2026-09-09 20:32:07,307 INFO httpx :: HTTP Request: POST https://api.telegram.org/bot8922337295:AAGdhYJVOyWzGttzxBcHmEwzN-DYhTUz0_g/getUpdates "HTTP/1.1 200 OK"
2026-09-09 20:32:17,479 INFO httpx :: HTTP Request: POST https://api.telegram.org/bot8922337295:AAGdhYJVOyWzGttzxBcHmEwzN-DYhTUz0_g/getUpdates "HTTP/1.1 200 OK"
2026-09-09 20:32:27,741 INFO httpx :: HTTP Request: POST https://api.telegram.org/bot8922337295:AAGdhYJVOyWzGttzxBcHmEwzN-DYhTUz0_g/getUpdates "HTTP/1.1 200 OK"
2026-09-09 20:32:38,229 INFO httpx :: HTTP Request: POST https://api.telegram.org/bot8922337295:AAGdhYJVOyWzGttzxBcHmEwzN-DYhTUz0_g/getUpdates "HTTP/1.1 200 OK"
2026-09-09 20:32:48,733 INFO httpx :: HTTP Request: POST https://api.telegram.org/bot8922337295:AAGdhYJVOyWzGttzxBcHmEwzN-DYhTUz0_g/getUpdates "HTTP/1.1 200 OK"
2026-09-09 20:32:58,910 INFO httpx :: HTTP Request: POST https://api.telegram.org/bot8922337295:AAGdhYJVOyWzGttzxBcHmEwzN-DYhTUz0_g/getUpdates "HTTP/1.1 200 OK"
2026-09-09 20:33:09,090 INFO httpx :: HTTP Request: POST https://api.telegram.org/bot8922337295:AAGdhYJVOyWzGttzxBcHmEwzN-DYhTUz0_g/getUpdates "HTTP/1.1 200 OK"
2026-09-09 20:33:19,257 INFO httpx :: HTTP Request: POST https://api.telegram.org/bot8922337295:AAGdhYJVOyWzGttzxBcHmEwzN-DYhTUz0_g/getUpdates "HTTP/1.1 200 OK"
2026-09-09 20:33:29,749 INFO httpx :: HTTP Request: POST https://api.telegram.org/bot8922337295:AAGdhYJVOyWzGttzxBcHmEwzN-DYhTUz0_g/getUpdates "HTTP/1.1 200 OK"
2026-09-09 20:33:39,931 INFO httpx :: HTTP Request: POST https://api.telegram.org/bot8922337295:AAGdhYJVOyWzGttzxBcHmEwzN-DYhTUz0_g/getUpdates "HTTP/1.1 200 OK"
2026-09-09 20:33:50,192 INFO httpx :: HTTP Request: POST https://api.telegram.org/bot8922337295:AAGdhYJVOyWzGttzxBcHmEwzN-DYhTUz0_g/getUpdates "HTTP/1.1 200 OK"
2026-09-09 20:34:00,362 INFO httpx :: HTTP Request: POST https://api.telegram.org/bot8922337295:AAGdhYJVOyWzGttzxBcHmEwzN-DYhTUz0_g/getUpdates "HTTP/1.1 200 OK"
2026-09-09 20:34:10,555 INFO httpx :: HTTP Request: POST https://api.telegram.org/bot8922337295:AAGdhYJVOyWzGttzxBcHmEwzN-DYhTUz0_g/getUpdates "HTTP/1.1 200 OK"
2026-09-09 20:34:20,715 INFO httpx :: HTTP Request: POST https://api.telegram.org/bot8922337295:AAGdhYJVOyWzGttzxBcHmEwzN-DYhTUz0_g/getUpdates "HTTP/1.1 200 OK"
2026-09-09 20:34:30,899 INFO httpx :: HTTP Request: POST https://api.telegram.org/bot8922337295:AAGdhYJVOyWzGttzxBcHmEwzN-DYhTUz0_g/getUpdates "HTTP/1.1 200 OK"
2026-09-09 20:34:41,112 INFO httpx :: HTTP Request: POST https://api.telegram.org/bot8922337295:AAGdhYJVOyWzGttzxBcHmEwzN-DYhTUz0_g/getUpdates "HTTP/1.1 200 OK"
2026-09-09 20:34:51,295 INFO httpx :: HTTP Request: POST https://api.telegram.org/bot8922337295:AAGdhYJVOyWzGttzxBcHmEwzN-DYhTUz0_g/getUpdates "HTTP/1.1 200 OK"
2026-09-09 20:35:01,794 INFO httpx :: HTTP Request: POST https://api.telegram.org/bot8922337295:AAGdhYJVOyWzGttzxBcHmEwzN-DYhTUz0_g/getUpdates "HTTP/1.1 200 OK"
2026-09-09 20:35:11,968 INFO httpx :: HTTP Request: POST https://api.telegram.org/bot8922337295:AAGdhYJVOyWzGttzxBcHmEwzN-DYhTUz0_g/getUpdates "HTTP/1.1 200 OK"
2026-09-09 20:35:22,147 INFO httpx :: HTTP Request: POST https://api.telegram.org/bot8922337295:AAGdhYJVOyWzGttzxBcHmEwzN-DYhTUz0_g/getUpdates "HTTP/1.1 200 OK"
2026-09-09 20:35:32,325 INFO httpx :: HTTP Request: POST https://api.telegram.org/bot8922337295:AAGdhYJVOyWzGttzxBcHmEwzN-DYhTUz0_g/getUpdates "HTTP/1.1 200 OK"
2026-09-09 20:35:42,731 INFO httpx :: HTTP Request: POST https://api.telegram.org/bot8922337295:AAGdhYJVOyWzGttzxBcHmEwzN-DYhTUz0_g/getUpdates "HTTP/1.1 200 OK"
2026-09-09 20:35:52,953 INFO httpx :: HTTP Request: POST https://api.telegram.org/bot8922337295:AAGdhYJVOyWzGttzxBcHmEwzN-DYhTUz0_g/getUpdates "HTTP/1.1 200 OK"
2026-09-09 20:36:03,172 INFO httpx :: HTTP Request: POST https://api.telegram.org/bot8922337295:AAGdhYJVOyWzGttzxBcHmEwzN-DYhTUz0_g/getUpdates "HTTP/1.1 200 OK"
2026-09-09 20:36:13,429 INFO httpx :: HTTP Request: POST https://api.telegram.org/bot8922337295:AAGdhYJVOyWzGttzxBcHmEwzN-DYhTUz0_g/getUpdates "HTTP/1.1 200 OK"
2026-09-09 20:36:24,015 INFO httpx :: HTTP Request: POST https://api.telegram.org/bot8922337295:AAGdhYJVOyWzGttzxBcHmEwzN-DYhTUz0_g/getUpdates "HTTP/1.1 200 OK"
2026-09-09 20:36:34,208 INFO httpx :: HTTP Request: POST https://api.telegram.org/bot8922337295:AAGdhYJVOyWzGttzxBcHmEwzN-DYhTUz0_g/getUpdates "HTTP/1.1 200 OK"
2026-09-09 20:36:44,369 INFO httpx :: HTTP Request: POST https://api.telegram.org/bot8922337295:AAGdhYJVOyWzGttzxBcHmEwzN-DYhTUz0_g/getUpdates "HTTP/1.1 200 OK"
2026-09-09 20:36:55,059 INFO httpx :: HTTP Request: POST https://api.telegram.org/bot8922337295:AAGdhYJVOyWzGttzxBcHmEwzN-DYhTUz0_g/getUpdates "HTTP/1.1 200 OK"
2026-09-09 20:37:05,227 INFO httpx :: HTTP Request: POST https://api.telegram.org/bot8922337295:AAGdhYJVOyWzGttzxBcHmEwzN-DYhTUz0_g/getUpdates "HTTP/1.1 200 OK"
2026-09-09 20:37:15,393 INFO httpx :: HTTP Request: POST https://api.telegram.org/bot8922337295:AAGdhYJVOyWzGttzxBcHmEwzN-DYhTUz0_g/getUpdates "HTTP/1.1 200 OK"
2026-09-09 20:37:25,604 INFO httpx :: HTTP Request: POST https://api.telegram.org/bot8922337295:AAGdhYJVOyWzGttzxBcHmEwzN-DYhTUz0_g/getUpdates "HTTP/1.1 200 OK"
2026-09-09 20:37:35,999 INFO httpx :: HTTP Request: POST https://api.telegram.org/bot8922337295:AAGdhYJVOyWzGttzxBcHmEwzN-DYhTUz0_g/getUpdates "HTTP/1.1 200 OK"
2026-09-09 20:37:46,613 INFO httpx :: HTTP Request: POST https://api.telegram.org/bot8922337295:AAGdhYJVOyWzGttzxBcHmEwzN-DYhTUz0_g/getUpdates "HTTP/1.1 200 OK"
2026-09-09 20:37:56,796 INFO httpx :: HTTP Request: POST https://api.telegram.org/bot8922337295:AAGdhYJVOyWzGttzxBcHmEwzN-DYhTUz0_g/getUpdates "HTTP/1.1 200 OK"
2026-09-09 20:38:07,682 INFO httpx :: HTTP Request: POST https://api.telegram.org/bot8922337295:AAGdhYJVOyWzGttzxBcHmEwzN-DYhTUz0_g/getUpdates "HTTP/1.1 200 OK"
2026-09-09 20:38:17,867 INFO httpx :: HTTP Request: POST https://api.telegram.org/bot8922337295:AAGdhYJVOyWzGttzxBcHmEwzN-DYhTUz0_g/getUpdates "HTTP/1.1 200 OK"
2026-09-09 20:38:28,043 INFO httpx :: HTTP Request: POST https://api.telegram.org/bot8922337295:AAGdhYJVOyWzGttzxBcHmEwzN-DYhTUz0_g/getUpdates "HTTP/1.1 200 OK"
2026-09-09 20:38:38,247 INFO httpx :: HTTP Request: POST https://api.telegram.org/bot8922337295:AAGdhYJVOyWzGttzxBcHmEwzN-DYhTUz0_g/getUpdates "HTTP/1.1 200 OK"
2026-09-09 20:38:48,418 INFO httpx :: HTTP Request: POST https://api.telegram.org/bot8922337295:AAGdhYJVOyWzGttzxBcHmEwzN-DYhTUz0_g/getUpdates "HTTP/1.1 200 OK"
2026-09-09 20:38:58,899 INFO httpx :: HTTP Request: POST https://api.telegram.org/bot8922337295:AAGdhYJVOyWzGttzxBcHmEwzN-DYhTUz0_g/getUpdates "HTTP/1.1 200 OK"
2026-09-09 20:39:09,063 INFO httpx :: HTTP Request: POST https://api.telegram.org/bot8922337295:AAGdhYJVOyWzGttzxBcHmEwzN-DYhTUz0_g/getUpdates "HTTP/1.1 200 OK"
2026-09-09 20:39:19,241 INFO httpx :: HTTP Request: POST https://api.telegram.org/bot8922337295:AAGdhYJVOyWzGttzxBcHmEwzN-DYhTUz0_g/getUpdates "HTTP/1.1 200 OK"
2026-09-09 20:39:30,053 INFO httpx :: HTTP Request: POST https://api.telegram.org/bot8922337295:AAGdhYJVOyWzGttzxBcHmEwzN-DYhTUz0_g/getUpdates "HTTP/1.1 200 OK"
2026-09-09 20:39:40,251 INFO httpx :: HTTP Request: POST https://api.telegram.org/bot8922337295:AAGdhYJVOyWzGttzxBcHmEwzN-DYhTUz0_g/getUpdates "HTTP/1.1 200 OK"
2026-09-09 20:39:50,444 INFO httpx :: HTTP Request: POST https://api.telegram.org/bot8922337295:AAGdhYJVOyWzGttzxBcHmEwzN-DYhTUz0_g/getUpdates "HTTP/1.1 200 OK"
2026-09-09 20:40:00,671 INFO httpx :: HTTP Request: POST https://api.telegram.org/bot8922337295:AAGdhYJVOyWzGttzxBcHmEwzN-DYhTUz0_g/getUpdates "HTTP/1.1 200 OK"
2026-09-09 20:40:10,850 INFO httpx :: HTTP Request: POST https://api.telegram.org/bot8922337295:AAGdhYJVOyWzGttzxBcHmEwzN-DYhTUz0_g/getUpdates "HTTP/1.1 200 OK"
2026-09-09 20:40:21,351 INFO httpx :: HTTP Request: POST https://api.telegram.org/bot8922337295:AAGdhYJVOyWzGttzxBcHmEwzN-DYhTUz0_g/getUpdates "HTTP/1.1 200 OK"
2026-09-09 20:40:31,529 INFO httpx :: HTTP Request: POST https://api.telegram.org/bot8922337295:AAGdhYJVOyWzGttzxBcHmEwzN-DYhTUz0_g/getUpdates "HTTP/1.1 200 OK"
2026-09-09 20:40:41,721 INFO httpx :: HTTP Request: POST https://api.telegram.org/bot8922337295:AAGdhYJVOyWzGttzxBcHmEwzN-DYhTUz0_g/getUpdates "HTTP/1.1 200 OK"
2026-09-09 20:40:51,897 INFO httpx :: HTTP Request: POST https://api.telegram.org/bot8922337295:AAGdhYJVOyWzGttzxBcHmEwzN-DYhTUz0_g/getUpdates "HTTP/1.1 200 OK"
2026-09-09 20:41:02,395 INFO httpx :: HTTP Request: POST https://api.telegram.org/bot8922337295:AAGdhYJVOyWzGttzxBcHmEwzN-DYhTUz0_g/getUpdates "HTTP/1.1 200 OK"
2026-09-09 20:41:13,242 INFO httpx :: HTTP Request: POST https://api.telegram.org/bot8922337295:AAGdhYJVOyWzGttzxBcHmEwzN-DYhTUz0_g/getUpdates "HTTP/1.1 200 OK"
2026-09-09 20:41:23,800 INFO httpx :: HTTP Request: POST https://api.telegram.org/bot8922337295:AAGdhYJVOyWzGttzxBcHmEwzN-DYhTUz0_g/getUpdates "HTTP/1.1 200 OK"
2026-09-09 20:41:33,959 INFO httpx :: HTTP Request: POST https://api.telegram.org/bot8922337295:AAGdhYJVOyWzGttzxBcHmEwzN-DYhTUz0_g/getUpdates "HTTP/1.1 200 OK"
2026-09-09 20:41:44,123 INFO httpx :: HTTP Request: POST https://api.telegram.org/bot8922337295:AAGdhYJVOyWzGttzxBcHmEwzN-DYhTUz0_g/getUpdates "HTTP/1.1 200 OK"
2026-09-09 20:41:54,321 INFO httpx :: HTTP Request: POST https://api.telegram.org/bot8922337295:AAGdhYJVOyWzGttzxBcHmEwzN-DYhTUz0_g/getUpdates "HTTP/1.1 200 OK"
2026-09-09 20:42:04,815 INFO httpx :: HTTP Request: POST https://api.telegram.org/bot8922337295:AAGdhYJVOyWzGttzxBcHmEwzN-DYhTUz0_g/getUpdates "HTTP/1.1 200 OK"
2026-09-09 20:42:14,996 INFO httpx :: HTTP Request: POST https://api.telegram.org/bot8922337295:AAGdhYJVOyWzGttzxBcHmEwzN-DYhTUz0_g/getUpdates "HTTP/1.1 200 OK"
2026-09-09 20:42:25,199 INFO httpx :: HTTP Request: POST https://api.telegram.org/bot8922337295:AAGdhYJVOyWzGttzxBcHmEwzN-DYhTUz0_g/getUpdates "HTTP/1.1 200 OK"
2026-09-09 20:42:35,365 INFO httpx :: HTTP Request: POST https://api.telegram.org/bot8922337295:AAGdhYJVOyWzGttzxBcHmEwzN-DYhTUz0_g/getUpdates "HTTP/1.1 200 OK"
2026-09-09 20:42:45,556 INFO httpx :: HTTP Request: POST https://api.telegram.org/bot8922337295:AAGdhYJVOyWzGttzxBcHmEwzN-DYhTUz0_g/getUpdates "HTTP/1.1 200 OK"
2026-09-09 20:42:55,737 INFO httpx :: HTTP Request: POST https://api.telegram.org/bot8922337295:AAGdhYJVOyWzGttzxBcHmEwzN-DYhTUz0_g/getUpdates "HTTP/1.1 200 OK"
2026-09-09 20:43:06,231 INFO httpx :: HTTP Request: POST https://api.telegram.org/bot8922337295:AAGdhYJVOyWzGttzxBcHmEwzN-DYhTUz0_g/getUpdates "HTTP/1.1 200 OK"
2026-09-09 20:43:16,392 INFO httpx :: HTTP Request: POST https://api.telegram.org/bot8922337295:AAGdhYJVOyWzGttzxBcHmEwzN-DYhTUz0_g/getUpdates "HTTP/1.1 200 OK"
2026-09-09 20:43:26,600 INFO httpx :: HTTP Request: POST https://api.telegram.org/bot8922337295:AAGdhYJVOyWzGttzxBcHmEwzN-DYhTUz0_g/getUpdates "HTTP/1.1 200 OK"
2026-09-09 20:43:37,077 INFO httpx :: HTTP Request: POST https://api.telegram.org/bot8922337295:AAGdhYJVOyWzGttzxBcHmEwzN-DYhTUz0_g/getUpdates "HTTP/1.1 200 OK"
2026-09-09 20:43:47,259 INFO httpx :: HTTP Request: POST https://api.telegram.org/bot8922337295:AAGdhYJVOyWzGttzxBcHmEwzN-DYhTUz0_g/getUpdates "HTTP/1.1 200 OK"
2026-09-09 20:43:57,440 INFO httpx :: HTTP Request: POST https://api.telegram.org/bot8922337295:AAGdhYJVOyWzGttzxBcHmEwzN-DYhTUz0_g/getUpdates "HTTP/1.1 200 OK"
2026-09-09 20:44:07,606 INFO httpx :: HTTP Request: POST https://api.telegram.org/bot8922337295:AAGdhYJVOyWzGttzxBcHmEwzN-DYhTUz0_g/getUpdates "HTTP/1.1 200 OK"
2026-09-09 20:44:17,778 INFO httpx :: HTTP Request: POST https://api.telegram.org/bot8922337295:AAGdhYJVOyWzGttzxBcHmEwzN-DYhTUz0_g/getUpdates "HTTP/1.1 200 OK"
2026-09-09 20:44:28,368 INFO httpx :: HTTP Request: POST https://api.telegram.org/bot8922337295:AAGdhYJVOyWzGttzxBcHmEwzN-DYhTUz0_g/getUpdates "HTTP/1.1 200 OK"
2026-09-09 20:44:38,845 INFO httpx :: HTTP Request: POST https://api.telegram.org/bot8922337295:AAGdhYJVOyWzGttzxBcHmEwzN-DYhTUz0_g/getUpdates "HTTP/1.1 200 OK"
2026-09-09 20:44:49,018 INFO httpx :: HTTP Request: POST https://api.telegram.org/bot8922337295:AAGdhYJVOyWzGttzxBcHmEwzN-DYhTUz0_g/getUpdates "HTTP/1.1 200 OK"
2026-09-09 20:44:59,215 INFO httpx :: HTTP Request: POST https://api.telegram.org/bot8922337295:AAGdhYJVOyWzGttzxBcHmEwzN-DYhTUz0_g/getUpdates "HTTP/1.1 200 OK"
2026-09-09 20:45:09,676 INFO httpx :: HTTP Request: POST https://api.telegram.org/bot8922337295:AAGdhYJVOyWzGttzxBcHmEwzN-DYhTUz0_g/getUpdates "HTTP/1.1 200 OK"
2026-09-09 20:45:19,897 INFO httpx :: HTTP Request: POST https://api.telegram.org/bot8922337295:AAGdhYJVOyWzGttzxBcHmEwzN-DYhTUz0_g/getUpdates "HTTP/1.1 200 OK"
2026-09-09 20:45:30,078 INFO httpx :: HTTP Request: POST https://api.telegram.org/bot8922337295:AAGdhYJVOyWzGttzxBcHmEwzN-DYhTUz0_g/getUpdates "HTTP/1.1 200 OK"
2026-09-09 20:45:40,625 INFO httpx :: HTTP Request: POST https://api.telegram.org/bot8922337295:AAGdhYJVOyWzGttzxBcHmEwzN-DYhTUz0_g/getUpdates "HTTP/1.1 200 OK"
2026-09-09 20:45:50,818 INFO httpx :: HTTP Request: POST https://api.telegram.org/bot8922337295:AAGdhYJVOyWzGttzxBcHmEwzN-DYhTUz0_g/getUpdates "HTTP/1.1 200 OK"
2026-09-09 20:46:01,320 INFO httpx :: HTTP Request: POST https://api.telegram.org/bot8922337295:AAGdhYJVOyWzGttzxBcHmEwzN-DYhTUz0_g/getUpdates "HTTP/1.1 200 OK"
2026-09-09 20:46:11,497 INFO httpx :: HTTP Request: POST https://api.telegram.org/bot8922337295:AAGdhYJVOyWzGttzxBcHmEwzN-DYhTUz0_g/getUpdates "HTTP/1.1 200 OK"
2026-09-09 20:46:21,957 INFO httpx :: HTTP Request: POST https://api.telegram.org/bot8922337295:AAGdhYJVOyWzGttzxBcHmEwzN-DYhTUz0_g/getUpdates "HTTP/1.1 200 OK"
2026-09-09 20:46:32,123 INFO httpx :: HTTP Request: POST https://api.telegram.org/bot8922337295:AAGdhYJVOyWzGttzxBcHmEwzN-DYhTUz0_g/getUpdates "HTTP/1.1 200 OK"
2026-09-09 20:46:42,298 INFO httpx :: HTTP Request: POST https://api.telegram.org/bot8922337295:AAGdhYJVOyWzGttzxBcHmEwzN-DYhTUz0_g/getUpdates "HTTP/1.1 200 OK"
2026-09-09 20:46:52,778 INFO httpx :: HTTP Request: POST https://api.telegram.org/bot8922337295:AAGdhYJVOyWzGttzxBcHmEwzN-DYhTUz0_g/getUpdates "HTTP/1.1 200 OK"
2026-09-09 20:47:02,956 INFO httpx :: HTTP Request: POST https://api.telegram.org/bot8922337295:AAGdhYJVOyWzGttzxBcHmEwzN-DYhTUz0_g/getUpdates "HTTP/1.1 200 OK"
2026-09-09 20:47:13,167 INFO httpx :: HTTP Request: POST https://api.telegram.org/bot8922337295:AAGdhYJVOyWzGttzxBcHmEwzN-DYhTUz0_g/getUpdates "HTTP/1.1 200 OK"
2026-09-09 20:47:23,336 INFO httpx :: HTTP Request: POST https://api.telegram.org/bot8922337295:AAGdhYJVOyWzGttzxBcHmEwzN-DYhTUz0_g/getUpdates "HTTP/1.1 200 OK"
2026-09-09 20:47:33,906 INFO httpx :: HTTP Request: POST https://api.telegram.org/bot8922337295:AAGdhYJVOyWzGttzxBcHmEwzN-DYhTUz0_g/getUpdates "HTTP/1.1 200 OK"
2026-09-09 20:47:44,417 INFO httpx :: HTTP Request: POST https://api.telegram.org/bot8922337295:AAGdhYJVOyWzGttzxBcHmEwzN-DYhTUz0_g/getUpdates "HTTP/1.1 200 OK"
2026-09-09 20:47:54,668 INFO httpx :: HTTP Request: POST https://api.telegram.org/bot8922337295:AAGdhYJVOyWzGttzxBcHmEwzN-DYhTUz0_g/getUpdates "HTTP/1.1 200 OK"
2026-09-09 20:48:04,845 INFO httpx :: HTTP Request: POST https://api.telegram.org/bot8922337295:AAGdhYJVOyWzGttzxBcHmEwzN-DYhTUz0_g/getUpdates "HTTP/1.1 200 OK"
2026-09-09 20:48:15,006 INFO httpx :: HTTP Request: POST https://api.telegram.org/bot8922337295:AAGdhYJVOyWzGttzxBcHmEwzN-DYhTUz0_g/getUpdates "HTTP/1.1 200 OK"
2026-09-09 20:48:25,358 INFO httpx :: HTTP Request: POST https://api.telegram.org/bot8922337295:AAGdhYJVOyWzGttzxBcHmEwzN-DYhTUz0_g/getUpdates "HTTP/1.1 200 OK"
2026-09-09 20:48:35,836 INFO httpx :: HTTP Request: POST https://api.telegram.org/bot8922337295:AAGdhYJVOyWzGttzxBcHmEwzN-DYhTUz0_g/getUpdates "HTTP/1.1 200 OK"
2026-09-09 20:48:46,027 INFO httpx :: HTTP Request: POST https://api.telegram.org/bot8922337295:AAGdhYJVOyWzGttzxBcHmEwzN-DYhTUz0_g/getUpdates "HTTP/1.1 200 OK"
2026-09-09 20:48:56,238 INFO httpx :: HTTP Request: POST https://api.telegram.org/bot8922337295:AAGdhYJVOyWzGttzxBcHmEwzN-DYhTUz0_g/getUpdates "HTTP/1.1 200 OK"
2026-09-09 20:49:06,501 INFO httpx :: HTTP Request: POST https://api.telegram.org/bot8922337295:AAGdhYJVOyWzGttzxBcHmEwzN-DYhTUz0_g/getUpdates "HTTP/1.1 200 OK"
2026-09-09 20:49:16,679 INFO httpx :: HTTP Request: POST https://api.telegram.org/bot8922337295:AAGdhYJVOyWzGttzxBcHmEwzN-DYhTUz0_g/getUpdates "HTTP/1.1 200 OK"
2026-09-09 20:49:26,849 INFO httpx :: HTTP Request: POST https://api.telegram.org/bot8922337295:AAGdhYJVOyWzGttzxBcHmEwzN-DYhTUz0_g/getUpdates "HTTP/1.1 200 OK"
2026-09-09 20:49:37,023 INFO httpx :: HTTP Request: POST https://api.telegram.org/bot8922337295:AAGdhYJVOyWzGttzxBcHmEwzN-DYhTUz0_g/getUpdates "HTTP/1.1 200 OK"
2026-09-09 20:49:47,213 INFO httpx :: HTTP Request: POST https://api.telegram.org/bot8922337295:AAGdhYJVOyWzGttzxBcHmEwzN-DYhTUz0_g/getUpdates "HTTP/1.1 200 OK"
2026-09-09 20:49:57,382 INFO httpx :: HTTP Request: POST https://api.telegram.org/bot8922337295:AAGdhYJVOyWzGttzxBcHmEwzN-DYhTUz0_g/getUpdates "HTTP/1.1 200 OK"
2026-09-09 20:50:07,985 INFO httpx :: HTTP Request: POST https://api.telegram.org/bot8922337295:AAGdhYJVOyWzGttzxBcHmEwzN-DYhTUz0_g/getUpdates "HTTP/1.1 200 OK"
2026-09-09 20:50:18,548 INFO httpx :: HTTP Request: POST https://api.telegram.org/bot8922337295:AAGdhYJVOyWzGttzxBcHmEwzN-DYhTUz0_g/getUpdates "HTTP/1.1 200 OK"
2026-09-09 20:50:29,021 INFO httpx :: HTTP Request: POST https://api.telegram.org/bot8922337295:AAGdhYJVOyWzGttzxBcHmEwzN-DYhTUz0_g/getUpdates "HTTP/1.1 200 OK"
2026-09-09 20:50:39,713 INFO httpx :: HTTP Request: POST https://api.telegram.org/bot8922337295:AAGdhYJVOyWzGttzxBcHmEwzN-DYhTUz0_g/getUpdates "HTTP/1.1 200 OK"
2026-09-09 20:50:50,217 INFO httpx :: HTTP Request: POST https://api.telegram.org/bot8922337295:AAGdhYJVOyWzGttzxBcHmEwzN-DYhTUz0_g/getUpdates "HTTP/1.1 200 OK"
2026-09-09 20:51:00,712 INFO httpx :: HTTP Request: POST https://api.telegram.org/bot8922337295:AAGdhYJVOyWzGttzxBcHmEwzN-DYhTUz0_g/getUpdates "HTTP/1.1 200 OK"
2026-09-09 20:51:10,922 INFO httpx :: HTTP Request: POST https://api.telegram.org/bot8922337295:AAGdhYJVOyWzGttzxBcHmEwzN-DYhTUz0_g/getUpdates "HTTP/1.1 200 OK"
2026-09-09 20:51:21,125 INFO httpx :: HTTP Request: POST https://api.telegram.org/bot8922337295:AAGdhYJVOyWzGttzxBcHmEwzN-DYhTUz0_g/getUpdates "HTTP/1.1 200 OK"
2026-09-09 20:51:31,469 INFO httpx :: HTTP Request: POST https://api.telegram.org/bot8922337295:AAGdhYJVOyWzGttzxBcHmEwzN-DYhTUz0_g/getUpdates "HTTP/1.1 200 OK"
2026-09-09 20:51:41,679 INFO httpx :: HTTP Request: POST https://api.telegram.org/bot8922337295:AAGdhYJVOyWzGttzxBcHmEwzN-DYhTUz0_g/getUpdates "HTTP/1.1 200 OK"
2026-09-09 20:51:51,871 INFO httpx :: HTTP Request: POST https://api.telegram.org/bot8922337295:AAGdhYJVOyWzGttzxBcHmEwzN-DYhTUz0_g/getUpdates "HTTP/1.1 200 OK"
2026-09-09 20:52:02,050 INFO httpx :: HTTP Request: POST https://api.telegram.org/bot8922337295:AAGdhYJVOyWzGttzxBcHmEwzN-DYhTUz0_g/getUpdates "HTTP/1.1 200 OK"
2026-09-09 20:52:12,552 INFO httpx :: HTTP Request: POST https://api.telegram.org/bot8922337295:AAGdhYJVOyWzGttzxBcHmEwzN-DYhTUz0_g/getUpdates "HTTP/1.1 200 OK"
2026-09-09 20:52:22,729 INFO httpx :: HTTP Request: POST https://api.telegram.org/bot8922337295:AAGdhYJVOyWzGttzxBcHmEwzN-DYhTUz0_g/getUpdates "HTTP/1.1 200 OK"
2026-09-09 20:52:33,073 INFO httpx :: HTTP Request: POST https://api.telegram.org/bot8922337295:AAGdhYJVOyWzGttzxBcHmEwzN-DYhTUz0_g/getUpdates "HTTP/1.1 200 OK"
2026-09-09 20:52:43,561 INFO httpx :: HTTP Request: POST https://api.telegram.org/bot8922337295:AAGdhYJVOyWzGttzxBcHmEwzN-DYhTUz0_g/getUpdates "HTTP/1.1 200 OK"
2026-09-09 20:52:53,771 INFO httpx :: HTTP Request: POST https://api.telegram.org/bot8922337295:AAGdhYJVOyWzGttzxBcHmEwzN-DYhTUz0_g/getUpdates "HTTP/1.1 200 OK"
2026-09-09 20:53:03,935 INFO httpx :: HTTP Request: POST https://api.telegram.org/bot8922337295:AAGdhYJVOyWzGttzxBcHmEwzN-DYhTUz0_g/getUpdates "HTTP/1.1 200 OK"
2026-09-09 20:53:14,142 INFO httpx :: HTTP Request: POST https://api.telegram.org/bot8922337295:AAGdhYJVOyWzGttzxBcHmEwzN-DYhTUz0_g/getUpdates "HTTP/1.1 200 OK"
2026-09-09 20:53:24,323 INFO httpx :: HTTP Request: POST https://api.telegram.org/bot8922337295:AAGdhYJVOyWzGttzxBcHmEwzN-DYhTUz0_g/getUpdates "HTTP/1.1 200 OK"
2026-09-09 20:53:34,523 INFO httpx :: HTTP Request: POST https://api.telegram.org/bot8922337295:AAGdhYJVOyWzGttzxBcHmEwzN-DYhTUz0_g/getUpdates "HTTP/1.1 200 OK"
2026-09-09 20:53:44,701 INFO httpx :: HTTP Request: POST https://api.telegram.org/bot8922337295:AAGdhYJVOyWzGttzxBcHmEwzN-DYhTUz0_g/getUpdates "HTTP/1.1 200 OK"
2026-09-09 20:53:54,895 INFO httpx :: HTTP Request: POST https://api.telegram.org/bot8922337295:AAGdhYJVOyWzGttzxBcHmEwzN-DYhTUz0_g/getUpdates "HTTP/1.1 200 OK"
2026-09-09 20:54:05,382 INFO httpx :: HTTP Request: POST https://api.telegram.org/bot8922337295:AAGdhYJVOyWzGttzxBcHmEwzN-DYhTUz0_g/getUpdates "HTTP/1.1 200 OK"
2026-09-09 20:54:15,576 INFO httpx :: HTTP Request: POST https://api.telegram.org/bot8922337295:AAGdhYJVOyWzGttzxBcHmEwzN-DYhTUz0_g/getUpdates "HTTP/1.1 200 OK"
2026-09-09 20:54:25,799 INFO httpx :: HTTP Request: POST https://api.telegram.org/bot8922337295:AAGdhYJVOyWzGttzxBcHmEwzN-DYhTUz0_g/getUpdates "HTTP/1.1 200 OK"
2026-09-09 20:54:36,017 INFO httpx :: HTTP Request: POST https://api.telegram.org/bot8922337295:AAGdhYJVOyWzGttzxBcHmEwzN-DYhTUz0_g/getUpdates "HTTP/1.1 200 OK"
2026-09-09 20:54:46,209 INFO httpx :: HTTP Request: POST https://api.telegram.org/bot8922337295:AAGdhYJVOyWzGttzxBcHmEwzN-DYhTUz0_g/getUpdates "HTTP/1.1 200 OK"
2026-09-09 20:54:56,412 INFO httpx :: HTTP Request: POST https://api.telegram.org/bot8922337295:AAGdhYJVOyWzGttzxBcHmEwzN-DYhTUz0_g/getUpdates "HTTP/1.1 200 OK"
2026-09-09 20:55:06,628 INFO httpx :: HTTP Request: POST https://api.telegram.org/bot8922337295:AAGdhYJVOyWzGttzxBcHmEwzN-DYhTUz0_g/getUpdates "HTTP/1.1 200 OK"
2026-09-09 20:55:16,821 INFO httpx :: HTTP Request: POST https://api.telegram.org/bot8922337295:AAGdhYJVOyWzGttzxBcHmEwzN-DYhTUz0_g/getUpdates "HTTP/1.1 200 OK"
2026-09-09 20:55:27,000 INFO httpx :: HTTP Request: POST https://api.telegram.org/bot8922337295:AAGdhYJVOyWzGttzxBcHmEwzN-DYhTUz0_g/getUpdates "HTTP/1.1 200 OK"
2026-09-09 20:55:37,155 INFO httpx :: HTTP Request: POST https://api.telegram.org/bot8922337295:AAGdhYJVOyWzGttzxBcHmEwzN-DYhTUz0_g/getUpdates "HTTP/1.1 200 OK"
2026-09-09 20:55:47,382 INFO httpx :: HTTP Request: POST https://api.telegram.org/bot8922337295:AAGdhYJVOyWzGttzxBcHmEwzN-DYhTUz0_g/getUpdates "HTTP/1.1 200 OK"
2026-09-09 20:55:57,602 INFO httpx :: HTTP Request: POST https://api.telegram.org/bot8922337295:AAGdhYJVOyWzGttzxBcHmEwzN-DYhTUz0_g/getUpdates "HTTP/1.1 200 OK"
2026-09-09 20:56:07,801 INFO httpx :: HTTP Request: POST https://api.telegram.org/bot8922337295:AAGdhYJVOyWzGttzxBcHmEwzN-DYhTUz0_g/getUpdates "HTTP/1.1 200 OK"
2026-09-09 20:56:17,990 INFO httpx :: HTTP Request: POST https://api.telegram.org/bot8922337295:AAGdhYJVOyWzGttzxBcHmEwzN-DYhTUz0_g/getUpdates "HTTP/1.1 200 OK"
2026-09-09 20:56:28,186 INFO httpx :: HTTP Request: POST https://api.telegram.org/bot8922337295:AAGdhYJVOyWzGttzxBcHmEwzN-DYhTUz0_g/getUpdates "HTTP/1.1 200 OK"
2026-09-09 20:56:38,452 INFO httpx :: HTTP Request: POST https://api.telegram.org/bot8922337295:AAGdhYJVOyWzGttzxBcHmEwzN-DYhTUz0_g/getUpdates "HTTP/1.1 200 OK"
2026-09-09 20:56:48,625 INFO httpx :: HTTP Request: POST https://api.telegram.org/bot8922337295:AAGdhYJVOyWzGttzxBcHmEwzN-DYhTUz0_g/getUpdates "HTTP/1.1 200 OK"
